"timestamp","device_id","device_type","protocol","packet_rate","byte_rate","error_rate","temperature","cpu_usage","memory_usage","latency","command_freq","packet_rate_change","byte_rate_change","cpu_temp_ratio","avg_latency_5s","high_latency_flag","attack_type","label"
2025-10-27 10:00:00,"IIOT_8","Actuator","MQTT",29,2196,0.081,35.7,45.6,50.7,94,10,0,0,1.28,100.4654,0,"Spoofing",1
2025-10-27 10:05:00,"IIOT_3","Actuator","MQTT",140,1676,0.069,31.5,30.6,60.3,118,4,111,-520,0.97,100.4654,0,"Normal",0
2025-10-27 10:10:00,"IIOT_8","Sensor","MQTT",129,2620,0.027,27.9,70,61.2,61,9,-11,944,2.51,100.4654,0,"Normal",0
2025-10-27 10:15:00,"IIOT_4","Controller","Modbus",50,1831,0.05,31.2,26.5,60.8,31,2,-79,-789,0.85,100.4654,0,"Normal",0
2025-10-27 10:20:00,"IIOT_3","Controller","MQTT",134,1108,0.016,22.1,65,61.5,57,2,84,-723,2.94,72.2,0,"Data Injection",1
2025-10-27 10:25:00,"IIOT_2","Controller","MQTT",71,2259,0.049,36.5,58.6,66.8,79,8,-63,1151,1.61,69.2,0,"Normal",0
2025-10-27 10:30:00,"IIOT_5","Controller","MQTT",209,1798,0.084,31.3,71.4,77,147,3,138,-461,2.28,75,0,"DoS",1
2025-10-27 10:35:00,"IIOT_4","Sensor","MQTT",84,3101,0.02,22.9,28.6,58.2,54,9,-125,1303,1.25,73.6,0,"Data Injection",1
2025-10-27 10:40:00,"IIOT_3","Controller","MQTT",76,3788,0.032,34.4,20.6,74.4,70,5,-8,687,0.6,81.4,0,"Normal",0
2025-10-27 10:45:00,"IIOT_10","Sensor","MQTT",146,2064,0.053,32.6,59.1,67.6,154,1,70,-1724,1.81,100.8,1,"Normal",0
2025-10-27 10:50:00,"IIOT_2","Sensor","MQTT",117,2244,0.038,30.2,50.6,34.9,47,9,-29,180,1.68,94.4,0,"Spoofing",1
2025-10-27 10:55:00,"IIOT_8","Controller","Modbus",106,2265,0.037,31.7,52,45.3,127,2,-11,21,1.64,90.4,0,"Normal",0
2025-10-27 11:00:00,"IIOT_8","Sensor","Modbus",153,2049,0.031,36.1,86.8,31.7,172,4,47,-216,2.4,114,1,"DoS",1
2025-10-27 11:05:00,"IIOT_10","Actuator","MQTT",173,1919,0.077,29.9,50.7,34.5,77,5,20,-130,1.7,115.4,0,"Normal",0
2025-10-27 11:10:00,"IIOT_2","Sensor","Modbus",122,1197,0.007,25.8,49.6,63.5,67,9,-51,-722,1.92,98,0,"Data Injection",1
2025-10-27 11:15:00,"IIOT_6","Sensor","MQTT",99,2954,0.065,25.3,74.3,33.2,104,8,-23,1757,2.94,109.4,0,"Data Injection",1
2025-10-27 11:20:00,"IIOT_4","Actuator","Modbus",91,2739,0.006,27,48.5,73.4,111,7,-8,-215,1.8,106.2,0,"Normal",0
2025-10-27 11:25:00,"IIOT_7","Sensor","Modbus",131,2361,0.083,31.7,35.7,56.5,150,10,40,-378,1.13,101.8,0,"Spoofing",1
2025-10-27 11:30:00,"IIOT_1","Sensor","MQTT",167,1317,0.041,27.9,66.2,43.4,217,6,36,-1044,2.37,129.8,1,"Spoofing",1
2025-10-27 11:35:00,"IIOT_7","Sensor","MQTT",82,2522,0.065,27.3,76.7,67.9,55,8,-85,1205,2.81,127.4,0,"Data Injection",1
2025-10-27 11:40:00,"IIOT_4","Sensor","MQTT",146,3061,0.08,27.7,71.3,72.4,142,9,64,539,2.57,135,0,"Normal",0
2025-10-27 11:45:00,"IIOT_3","Sensor","MQTT",154,2510,0.099,21.7,23.7,70.9,148,1,8,-551,1.09,142.4,0,"Normal",0
2025-10-27 11:50:00,"IIOT_7","Sensor","HTTP",69,560,0.048,25.5,41,73.8,154,10,-85,-1950,1.61,143.2,1,"Spoofing",1
2025-10-27 11:55:00,"IIOT_9","Sensor","Modbus",85,2306,0.087,29.6,70.8,47.7,142,2,16,1746,2.39,128.2,0,"Normal",0
2025-10-27 12:00:00,"IIOT_3","Controller","MQTT",137,1341,0.074,36.3,83.9,42.3,90,2,52,-965,2.31,135.2,0,"DoS",1
2025-10-27 12:05:00,"IIOT_5","Controller","Modbus",102,1875,0.097,35.1,65.1,43.5,110,8,-35,534,1.85,128.8,0,"Normal",0
2025-10-27 12:10:00,"IIOT_1","Controller","HTTP",147,1371,0.098,27.6,82.4,48.3,8,6,45,-504,2.99,100.8,0,"Normal",0
2025-10-27 12:15:00,"IIOT_2","Controller","MQTT",119,1747,0.071,20.7,69.3,58.7,103,4,-28,376,3.35,90.6,0,"Normal",0
2025-10-27 12:20:00,"IIOT_4","Sensor","MQTT",115,3394,0.086,30.9,48.1,34,151,8,-4,1647,1.56,92.4,1,"Normal",0
2025-10-27 12:25:00,"IIOT_7","Sensor","MQTT",97,2271,0.016,31.2,82.6,33,25,6,-18,-1123,2.65,79.4,0,"Normal",0
2025-10-27 12:30:00,"IIOT_1","Sensor","Modbus",135,2218,0.032,24.8,41.9,63.5,30,3,38,-53,1.69,63.4,0,"DoS",1
2025-10-27 12:35:00,"IIOT_4","Sensor","Modbus",134,2112,0.046,29.9,74.1,35.5,79,4,-1,-106,2.48,77.6,0,"MITM",1
2025-10-27 12:40:00,"IIOT_3","Sensor","HTTP",82,2807,0.017,25.8,73.6,52.7,150,7,-52,695,2.85,87,0,"Normal",0
2025-10-27 12:45:00,"IIOT_1","Actuator","MQTT",59,3203,0.082,21.5,53.2,50.8,108,2,-23,396,2.47,78.4,0,"Data Injection",1
2025-10-27 12:50:00,"IIOT_1","Sensor","MQTT",66,2741,0.013,39.1,46.3,33,102,7,7,-462,1.18,93.8,0,"DoS",1
2025-10-27 12:55:00,"IIOT_4","Sensor","HTTP",179,2933,0.054,29.9,68.7,55.1,22,7,113,192,2.3,92.2,0,"Spoofing",1
2025-10-27 13:00:00,"IIOT_9","Sensor","Modbus",44,1455,0.025,28,65.6,66.7,127,4,-135,-1478,2.34,101.8,0,"DoS",1
2025-10-27 13:05:00,"IIOT_2","Sensor","MQTT",118,1687,0.068,18.6,73.9,52.9,25,6,74,232,3.97,76.8,0,"MITM",1
2025-10-27 13:10:00,"IIOT_10","Sensor","MQTT",140,2419,0.084,23.2,71.6,58,112,2,22,732,3.09,77.6,0,"DoS",1
2025-10-27 13:15:00,"IIOT_9","Sensor","Modbus",78,3117,0.031,29.6,66.4,43.7,136,4,-62,698,2.24,84.4,0,"Data Injection",1
2025-10-27 13:20:00,"IIOT_5","Sensor","MQTT",111,3023,0.086,32.4,67,60.5,159,4,33,-94,2.07,111.8,1,"Normal",0
2025-10-27 13:25:00,"IIOT_8","Actuator","MQTT",38,1800,0.088,28.8,87.4,50.9,96,5,-73,-1223,3.03,105.6,0,"Normal",0
2025-10-27 13:30:00,"IIOT_3","Sensor","HTTP",89,867,0.034,27.2,51.8,57.7,92,10,51,-933,1.9,119,0,"MITM",1
2025-10-27 13:35:00,"IIOT_10","Sensor","MQTT",183,1687,0.077,20.2,30.5,44.5,153,3,94,820,1.51,127.2,1,"Normal",0
2025-10-27 13:40:00,"IIOT_2","Actuator","MQTT",115,1970,0.02,26,24.7,58,76,7,-68,283,0.95,115.2,0,"DoS",1
2025-10-27 13:45:00,"IIOT_7","Sensor","Modbus",93,1042,0.032,29.5,74.5,73.7,59,9,-22,-928,2.53,95.2,0,"MITM",1
2025-10-27 13:50:00,"IIOT_4","Sensor","MQTT",109,1333,0.07,30.6,44.9,47.4,120,10,16,291,1.47,100,0,"Data Injection",1
2025-10-27 13:55:00,"IIOT_9","Actuator","MQTT",202,2397,0.018,32.3,65.5,63.4,86,8,93,1064,2.03,98.8,0,"Normal",0
2025-10-27 14:00:00,"IIOT_10","Sensor","HTTP",112,2693,0.044,31.9,26.3,33.9,97,1,-90,296,0.82,87.6,0,"Normal",0
2025-10-27 14:05:00,"IIOT_1","Actuator","MQTT",142,306,0.025,24.8,89.2,70.1,100,8,30,-2387,3.6,92.4,0,"Normal",0
2025-10-27 14:10:00,"IIOT_1","Sensor","Modbus",126,1323,0.042,34.7,55.3,54.7,195,7,-16,1017,1.59,119.6,1,"Data Injection",1
2025-10-27 14:15:00,"IIOT_4","Sensor","Modbus",130,2300,0.016,31.2,49.5,35.9,82,2,4,977,1.59,112,0,"Data Injection",1
2025-10-27 14:20:00,"IIOT_10","Sensor","MQTT",135,2247,0.059,28.4,72.3,45.1,122,8,5,-53,2.55,119.2,0,"Normal",0
2025-10-27 14:25:00,"IIOT_5","Sensor","MQTT",155,1430,0.041,28.4,37.7,72.9,146,3,20,-817,1.33,129,0,"MITM",1
2025-10-27 14:30:00,"IIOT_9","Sensor","MQTT",135,1461,0.1,30,49.6,82.6,128,5,-20,31,1.65,134.6,0,"MITM",1
2025-10-27 14:35:00,"IIOT_3","Sensor","Modbus",129,1824,0.02,37.4,21.7,77.4,106,7,-6,363,0.58,116.8,0,"Spoofing",1
2025-10-27 14:40:00,"IIOT_5","Sensor","HTTP",69,1294,0.053,32.9,73.2,80,79,9,-60,-530,2.22,116.2,0,"Normal",0
2025-10-27 14:45:00,"IIOT_5","Actuator","MQTT",101,1941,0.051,31.5,86.5,67.6,145,2,32,647,2.75,120.8,0,"MITM",1
2025-10-27 14:50:00,"IIOT_2","Controller","MQTT",121,1504,0.065,22.2,31,56.3,152,10,20,-437,1.4,122,1,"Normal",0
2025-10-27 14:55:00,"IIOT_9","Actuator","Modbus",128,2054,0.018,26.5,24.3,84.1,121,5,7,550,0.92,120.6,0,"Normal",0
2025-10-27 15:00:00,"IIOT_3","Actuator","HTTP",109,1878,0.052,30.1,35.1,45,69,4,-19,-176,1.17,113.2,0,"Normal",0
2025-10-27 15:05:00,"IIOT_8","Sensor","MQTT",101,1385,0.089,37.9,31.8,51.5,0,5,-8,-493,0.84,97.4,0,"Normal",0
2025-10-27 15:10:00,"IIOT_2","Actuator","HTTP",135,1004,0.036,29.5,84.3,81.3,135,2,34,-381,2.86,95.4,0,"Normal",0
2025-10-27 15:15:00,"IIOT_8","Actuator","MQTT",108,1982,0.073,19.9,55.6,75.3,123,3,-27,978,2.79,89.6,0,"Normal",0
2025-10-27 15:20:00,"IIOT_2","Actuator","Modbus",87,1076,0.02,35.8,45.9,45.1,102,5,-21,-906,1.28,85.8,0,"DoS",1
2025-10-27 15:25:00,"IIOT_6","Sensor","Modbus",129,2637,0.016,26.9,44,50.9,97,9,42,1561,1.64,91.4,0,"Normal",0
2025-10-27 15:30:00,"IIOT_10","Actuator","HTTP",41,1752,0.081,28.9,87.7,65.3,172,5,-88,-885,3.03,125.8,1,"Normal",0
2025-10-27 15:35:00,"IIOT_1","Controller","HTTP",100,2403,0.062,22.7,25.3,62.7,99,2,59,651,1.11,118.6,0,"Normal",0
2025-10-27 15:40:00,"IIOT_4","Controller","HTTP",140,2104,0.058,43.3,87.6,78.6,81,4,40,-299,2.02,110.2,0,"Normal",0
2025-10-27 15:45:00,"IIOT_8","Sensor","Modbus",108,2754,0.097,35.8,80.4,76,80,8,-32,650,2.25,105.8,0,"Normal",0
2025-10-27 15:50:00,"IIOT_8","Actuator","MQTT",136,317,0.02,27.6,38.7,67.7,115,3,28,-2437,1.4,109.4,0,"Normal",0
2025-10-27 15:55:00,"IIOT_3","Sensor","MQTT",149,1846,0.098,24.9,81.7,36.1,83,10,13,1529,3.28,91.6,0,"Normal",0
2025-10-27 16:00:00,"IIOT_9","Sensor","MQTT",115,844,0.09,35.5,59.8,33.6,196,7,-34,-1002,1.68,111,1,"Normal",0
2025-10-27 16:05:00,"IIOT_10","Actuator","MQTT",67,1448,0.078,30.2,68.4,53.5,35,1,-48,604,2.26,101.8,0,"Normal",0
2025-10-27 16:10:00,"IIOT_6","Actuator","Modbus",161,2008,0.063,30,60.7,46.8,92,9,94,560,2.02,104.2,0,"MITM",1
2025-10-27 16:15:00,"IIOT_3","Actuator","MQTT",187,3236,0.062,30.3,29,57.8,102,3,26,1228,0.96,101.6,0,"Normal",0
2025-10-27 16:20:00,"IIOT_1","Sensor","MQTT",177,2292,0.04,33.8,74.7,57.1,123,1,-10,-944,2.21,109.6,0,"Normal",0
2025-10-27 16:25:00,"IIOT_4","Controller","HTTP",101,2373,0.059,38.9,27.1,39.3,78,9,-76,81,0.7,86,0,"Normal",0
2025-10-27 16:30:00,"IIOT_9","Sensor","MQTT",142,1934,0.063,29.7,39.1,59.7,50,4,41,-439,1.32,89,0,"Normal",0
2025-10-27 16:35:00,"IIOT_1","Actuator","Modbus",86,2736,0.093,28.9,70.4,67.8,137,4,-56,802,2.44,98,0,"DoS",1
2025-10-27 16:40:00,"IIOT_6","Actuator","Modbus",128,2667,0.053,22.7,46.5,55.8,52,3,42,-69,2.05,88,0,"Normal",0
2025-10-27 16:45:00,"IIOT_4","Sensor","HTTP",60,2135,0.074,28.3,38.2,40.5,73,8,-68,-532,1.35,78,0,"DoS",1
2025-10-27 16:50:00,"IIOT_9","Sensor","HTTP",137,1592,0.057,30.6,43.6,41.8,91,8,77,-543,1.42,80.6,0,"Normal",0
2025-10-27 16:55:00,"IIOT_8","Sensor","Modbus",84,2866,0.022,27.5,22.9,43.6,79,2,-53,1274,0.83,86.4,0,"Normal",0
2025-10-27 17:00:00,"IIOT_6","Controller","Modbus",90,2678,0.029,32.9,44,74.7,118,6,6,-188,1.34,82.6,0,"MITM",1
2025-10-27 17:05:00,"IIOT_6","Actuator","MQTT",85,2455,0.035,29.3,84.5,32.9,103,8,-5,-223,2.88,92.8,0,"Normal",0
2025-10-27 17:10:00,"IIOT_1","Actuator","Modbus",149,1564,0.038,26.6,73.9,38.4,47,6,64,-891,2.78,87.6,0,"Normal",0
2025-10-27 17:15:00,"IIOT_9","Actuator","Modbus",80,2086,0.015,27.5,37.3,56.4,48,9,-69,522,1.36,79,0,"DoS",1
2025-10-27 17:20:00,"IIOT_2","Actuator","Modbus",132,2303,0.012,29,30.7,39.1,126,3,52,217,1.06,88.4,0,"Normal",0
2025-10-27 17:25:00,"IIOT_3","Controller","Modbus",129,1227,0.056,35.5,53.5,69.9,85,5,-3,-1076,1.51,81.8,0,"Normal",0
2025-10-27 17:30:00,"IIOT_1","Sensor","Modbus",108,1208,0.069,26.7,49.8,80.4,126,6,-21,-19,1.87,86.4,0,"Normal",0
2025-10-27 17:35:00,"IIOT_1","Sensor","Modbus",113,2906,0.054,29.6,69.4,59.4,120,2,5,1698,2.34,101,0,"Normal",0
2025-10-27 17:40:00,"IIOT_1","Actuator","MQTT",137,1623,0.06,37.7,27.5,39.8,124,8,24,-1283,0.73,116.2,0,"Spoofing",1
2025-10-27 17:45:00,"IIOT_8","Sensor","Modbus",168,2137,0.099,34.4,84.5,31.5,130,6,31,514,2.46,117,0,"Normal",0
2025-10-27 17:50:00,"IIOT_2","Actuator","MQTT",110,-188,0.086,29.8,52.6,67.7,107,4,-58,-2325,1.77,121.4,0,"Data Injection",1
2025-10-27 17:55:00,"IIOT_1","Controller","Modbus",138,1981,0.008,38.2,83.6,43.9,55,9,28,2169,2.19,107.2,0,"Normal",0
2025-10-27 18:00:00,"IIOT_7","Sensor","MQTT",123,1525,0.043,34.5,41,54.4,174,3,-15,-456,1.19,118,1,"Normal",0
2025-10-27 18:05:00,"IIOT_6","Controller","Modbus",95,2424,0.048,30.1,64.4,48.8,195,5,-28,899,2.14,132.2,1,"Normal",0
2025-10-27 18:10:00,"IIOT_2","Sensor","Modbus",137,2555,0.097,37.4,63.5,61.4,84,4,42,131,1.7,123,0,"Normal",0
2025-10-27 18:15:00,"IIOT_5","Sensor","Modbus",180,3483,0.069,29.3,28.9,55.7,78,2,43,928,0.99,117.2,0,"Normal",0
2025-10-27 18:20:00,"IIOT_1","Sensor","Modbus",167,2486,0.044,30.4,58.3,83.3,72,10,-13,-997,1.92,120.6,0,"MITM",1
2025-10-27 18:25:00,"IIOT_9","Controller","MQTT",85,2696,0.001,33.1,54.1,57.7,92,6,-82,210,1.63,104.2,0,"Normal",0
2025-10-27 18:30:00,"IIOT_7","Actuator","Modbus",88,2407,0.006,34.6,73.8,65.9,23,6,3,-289,2.13,69.8,0,"DoS",1
2025-10-27 18:35:00,"IIOT_2","Controller","MQTT",107,2851,0.032,36,58.5,58.4,137,2,19,444,1.62,80.4,0,"Normal",0
2025-10-27 18:40:00,"IIOT_4","Actuator","HTTP",66,1777,0.035,38.1,22.4,44.1,100,8,-41,-1074,0.59,84.8,0,"Normal",0
2025-10-27 18:45:00,"IIOT_7","Controller","Modbus",234,2400,0.091,26.4,23,63.2,67,8,168,623,0.87,83.8,0,"Normal",0
2025-10-27 18:50:00,"IIOT_10","Sensor","MQTT",111,1598,0.037,38.1,35.4,61.5,22,8,-123,-802,0.93,69.8,0,"Data Injection",1
2025-10-27 18:55:00,"IIOT_3","Sensor","Modbus",146,2367,0.019,31.8,21.4,82.8,112,4,35,769,0.67,87.6,0,"Normal",0
2025-10-27 19:00:00,"IIOT_7","Sensor","Modbus",44,1624,0.044,26.7,26.7,68.9,133,6,-102,-743,1,86.8,0,"Normal",0
2025-10-27 19:05:00,"IIOT_5","Actuator","MQTT",65,1972,0.084,42.2,76.2,37,115,2,21,348,1.81,89.8,0,"Data Injection",1
2025-10-27 19:10:00,"IIOT_8","Sensor","HTTP",132,1253,0.071,29.4,53,83.9,185,2,67,-719,1.8,113.4,1,"Normal",0
2025-10-27 19:15:00,"IIOT_6","Controller","Modbus",114,1547,0.077,24.3,53,47,25,4,-18,294,2.18,114,0,"Normal",0
2025-10-27 19:20:00,"IIOT_5","Sensor","HTTP",156,2716,0.071,35.3,39.1,67.1,129,8,42,1169,1.11,117.4,0,"Normal",0
2025-10-27 19:25:00,"IIOT_5","Controller","Modbus",138,1946,0.095,23.5,72.9,36.1,96,4,-18,-770,3.1,110,0,"Normal",0
2025-10-27 19:30:00,"IIOT_2","Actuator","MQTT",114,1698,0.059,26.1,72.1,67.8,118,6,-24,-248,2.76,110.6,0,"DoS",1
2025-10-27 19:35:00,"IIOT_9","Actuator","HTTP",122,1615,0.027,30.6,51.6,45.5,44,6,8,-83,1.69,82.4,0,"Normal",0
2025-10-27 19:40:00,"IIOT_3","Sensor","HTTP",166,672,0.098,27.6,51.7,66.7,166,5,44,-943,1.87,110.6,1,"Normal",0
2025-10-27 19:45:00,"IIOT_3","Actuator","HTTP",146,875,0.059,29.6,36.7,49.1,76,7,-20,203,1.24,100,0,"Normal",0
2025-10-27 19:50:00,"IIOT_9","Controller","MQTT",75,2596,0.015,33.8,59.6,52.5,94,8,-71,1721,1.76,99.6,0,"Normal",0
2025-10-27 19:55:00,"IIOT_7","Sensor","MQTT",106,1965,0.021,31.2,32.8,77.5,84,5,31,-631,1.05,92.8,0,"Normal",0
2025-10-27 20:00:00,"IIOT_10","Sensor","HTTP",101,2754,0.052,25.3,35,51.6,100,1,-5,789,1.38,104,0,"Data Injection",1
2025-10-27 20:05:00,"IIOT_1","Actuator","MQTT",141,1538,0.099,35.3,89.8,57.4,99,4,40,-1216,2.54,90.6,0,"Normal",0
2025-10-27 20:10:00,"IIOT_2","Actuator","MQTT",110,1947,0.074,33,37.5,54.8,130,2,-31,409,1.14,101.4,0,"Normal",0
2025-10-27 20:15:00,"IIOT_4","Actuator","Modbus",167,1255,0.072,36.9,50.8,38.5,147,5,57,-692,1.38,112,0,"Normal",0
2025-10-27 20:20:00,"IIOT_1","Sensor","MQTT",91,2832,0.028,33.4,65.9,84.8,91,3,-76,1577,1.97,113.4,0,"Spoofing",1
2025-10-27 20:25:00,"IIOT_10","Actuator","MQTT",138,2149,0.055,21.8,40.3,75.5,75,6,47,-683,1.85,108.4,0,"Data Injection",1
2025-10-27 20:30:00,"IIOT_8","Actuator","MQTT",137,2139,0.04,31.5,69.9,31.4,108,10,-1,-10,2.22,110.2,0,"DoS",1
2025-10-27 20:35:00,"IIOT_8","Sensor","Modbus",119,2248,0.045,34.4,21.5,41.9,103,10,-18,109,0.62,104.8,0,"Normal",0
2025-10-27 20:40:00,"IIOT_6","Sensor","MQTT",125,1736,0.065,39.2,82.9,39.1,100,6,6,-512,2.11,95.4,0,"MITM",1
2025-10-27 20:45:00,"IIOT_6","Actuator","Modbus",93,1266,0.062,26.5,52.3,39.1,117,7,-32,-470,1.97,100.6,0,"Normal",0
2025-10-27 20:50:00,"IIOT_3","Sensor","HTTP",102,2378,0.024,22.4,24.6,76.4,175,8,9,1112,1.1,120.6,1,"Normal",0
2025-10-27 20:55:00,"IIOT_10","Sensor","HTTP",64,3018,0.006,26.1,20.6,59.8,176,8,-38,640,0.79,134.2,1,"Normal",0
2025-10-27 21:00:00,"IIOT_1","Actuator","Modbus",66,2840,0.015,26.2,69.4,44.8,53,7,2,-178,2.65,124.2,0,"Normal",0
2025-10-27 21:05:00,"IIOT_10","Actuator","HTTP",129,2138,0.067,32.3,78.5,48.2,127,3,63,-702,2.43,129.6,0,"Normal",0
2025-10-27 21:10:00,"IIOT_7","Actuator","MQTT",101,1855,0.029,28.8,83.2,32.1,76,9,-28,-283,2.89,121.4,0,"Normal",0
2025-10-27 21:15:00,"IIOT_9","Actuator","MQTT",123,2150,0.089,32.6,76.7,61.4,113,6,22,295,2.35,109,0,"Normal",0
2025-10-27 21:20:00,"IIOT_8","Actuator","MQTT",68,2132,0.07,38.9,51.9,59.1,108,3,-55,-18,1.33,95.4,0,"DoS",1
2025-10-27 21:25:00,"IIOT_2","Controller","Modbus",175,2853,0.072,41.7,39.2,50.4,103,6,107,721,0.94,105.4,0,"Normal",0
2025-10-27 21:30:00,"IIOT_4","Actuator","MQTT",118,2354,0.06,32.2,79.8,36.7,154,7,-57,-499,2.48,110.8,1,"MITM",1
2025-10-27 21:35:00,"IIOT_4","Actuator","Modbus",144,2187,0.036,32.2,79.5,31.2,76,3,26,-167,2.47,110.8,0,"Normal",0
2025-10-27 21:40:00,"IIOT_8","Sensor","MQTT",158,3007,0.02,31.6,59.4,45.6,175,5,14,820,1.88,123.2,1,"MITM",1
2025-10-27 21:45:00,"IIOT_1","Controller","Modbus",131,1705,0.061,26.4,53.4,52.5,170,6,-27,-1302,2.02,135.6,1,"Normal",0
2025-10-27 21:50:00,"IIOT_10","Controller","MQTT",110,1526,0.033,29.6,51.3,52,102,5,-21,-179,1.73,135.4,0,"Normal",0
2025-10-27 21:55:00,"IIOT_5","Actuator","MQTT",123,2517,0.074,29,25.6,83.3,90,5,13,991,0.88,122.6,0,"Normal",0
2025-10-27 22:00:00,"IIOT_1","Controller","MQTT",99,2726,0.01,39.4,59.3,72.1,111,3,-24,209,1.51,129.6,0,"Normal",0
2025-10-27 22:05:00,"IIOT_1","Sensor","MQTT",198,1790,0.093,31.4,74.3,79.9,101,2,99,-936,2.37,114.8,0,"MITM",1
2025-10-27 22:10:00,"IIOT_10","Sensor","MQTT",156,1022,0.093,26.5,48.3,63.2,117,4,-42,-768,1.82,104.2,0,"Data Injection",1
2025-10-27 22:15:00,"IIOT_4","Sensor","Modbus",169,1488,0.004,38.1,82.4,45.5,87,4,13,466,2.16,101.2,0,"Normal",0
2025-10-27 22:20:00,"IIOT_9","Actuator","Modbus",44,1706,0.035,29.1,78.2,44.8,99,6,-125,218,2.69,103,0,"Normal",0
2025-10-27 22:25:00,"IIOT_6","Sensor","HTTP",174,2194,0.014,33.2,78.2,53.8,136,7,130,488,2.36,108,0,"Normal",0
2025-10-27 22:30:00,"IIOT_3","Actuator","MQTT",133,2321,0.006,33,52.4,62.3,99,9,-41,127,1.59,107.6,0,"MITM",1
2025-10-27 22:35:00,"IIOT_9","Controller","HTTP",80,2160,0.05,33.7,52.4,63.4,144,10,-53,-161,1.55,113,0,"Spoofing",1
2025-10-27 22:40:00,"IIOT_8","Sensor","Modbus",146,2228,0.026,27.7,81.2,68.7,102,7,66,68,2.93,116,0,"Normal",0
2025-10-27 22:45:00,"IIOT_7","Actuator","Modbus",86,1083,0.016,34,85.8,50.1,133,7,-60,-1145,2.52,122.8,0,"MITM",1
2025-10-27 22:50:00,"IIOT_9","Actuator","MQTT",145,3103,0.022,29.2,29.4,52.7,98,8,59,2020,1.01,115.2,0,"Normal",0
2025-10-27 22:55:00,"IIOT_8","Actuator","MQTT",118,561,0.055,28.3,79,36.2,103,7,-27,-2542,2.79,116,0,"Normal",0
2025-10-27 23:00:00,"IIOT_3","Sensor","MQTT",124,894,0.065,29.4,80.3,80.9,135,8,6,333,2.73,114.2,0,"Normal",0
2025-10-27 23:05:00,"IIOT_4","Actuator","MQTT",169,731,0.014,28.9,85.8,44,166,2,45,-163,2.97,127,1,"Normal",0
2025-10-27 23:10:00,"IIOT_3","Actuator","Modbus",162,2617,0.015,23.6,53.6,46.7,117,7,-7,1886,2.27,123.8,0,"MITM",1
2025-10-27 23:15:00,"IIOT_7","Controller","Modbus",66,1925,0.038,26,23.7,76.6,72,8,-96,-692,0.91,118.6,0,"Normal",0
2025-10-27 23:20:00,"IIOT_1","Sensor","Modbus",189,2451,0.068,34.6,24.7,60.9,32,2,123,526,0.71,104.4,0,"Normal",0
2025-10-27 23:25:00,"IIOT_8","Controller","Modbus",160,1851,0.014,32.2,30.6,55,155,3,-29,-600,0.95,108.4,1,"Normal",0
2025-10-27 23:30:00,"IIOT_5","Actuator","MQTT",166,1051,0.069,30.9,24.1,43.4,89,6,6,-800,0.78,93,0,"Data Injection",1
2025-10-27 23:35:00,"IIOT_6","Controller","MQTT",79,1779,0.007,37.1,21.4,32.6,52,4,-87,728,0.58,80,0,"DoS",1
2025-10-27 23:40:00,"IIOT_4","Sensor","Modbus",90,1246,0.097,21.8,52.3,49.8,58,5,11,-533,2.4,77.2,0,"Normal",0
2025-10-27 23:45:00,"IIOT_8","Controller","HTTP",190,2416,0.056,34.7,83.4,47,181,1,100,1170,2.4,107,1,"Data Injection",1
2025-10-27 23:50:00,"IIOT_9","Sensor","Modbus",83,1213,0.054,22.1,39.5,79,50,5,-107,-1203,1.79,86,0,"Normal",0
2025-10-27 23:55:00,"IIOT_8","Controller","MQTT",122,2223,0.016,24.9,57.6,66.7,89,10,39,1010,2.31,86,0,"DoS",1
2025-10-28,"IIOT_3","Sensor","MQTT",82,2259,0.061,30.3,65,83.1,106,9,-40,36,2.15,96.8,0,"Normal",0
2025-10-28 00:05:00,"IIOT_3","Controller","HTTP",73,2492,0.097,28.6,60.7,35.1,32,5,-9,233,2.12,91.6,0,"Normal",0
2025-10-28 00:10:00,"IIOT_10","Sensor","Modbus",120,1601,0.077,33.9,38.7,59.1,60,6,47,-891,1.14,67.4,0,"Data Injection",1
2025-10-28 00:15:00,"IIOT_9","Controller","Modbus",150,2674,0.05,20.8,22.1,64.3,73,7,30,1073,1.06,72,0,"Normal",0
2025-10-28 00:20:00,"IIOT_7","Actuator","MQTT",21,1093,0.089,32.9,21.4,55.4,103,2,-129,-1581,0.65,74.8,0,"Normal",0
2025-10-28 00:25:00,"IIOT_7","Sensor","Modbus",75,2160,0.075,34.6,75.8,35.9,103,9,54,1067,2.19,74.2,0,"Normal",0
2025-10-28 00:30:00,"IIOT_1","Sensor","Modbus",84,1577,0.061,42.5,64.4,74.6,92,5,9,-583,1.52,86.2,0,"Normal",0
2025-10-28 00:35:00,"IIOT_4","Sensor","MQTT",118,1533,0.033,34.7,27.8,66.2,77,8,34,-44,0.8,89.6,0,"Normal",0
2025-10-28 00:40:00,"IIOT_3","Actuator","HTTP",130,2208,0.044,30.3,27.4,62.8,119,2,12,675,0.9,98.8,0,"Normal",0
2025-10-28 00:45:00,"IIOT_3","Sensor","Modbus",86,1908,0.09,34.6,74,54.3,103,2,-44,-300,2.14,98.8,0,"Normal",0
2025-10-28 00:50:00,"IIOT_2","Sensor","Modbus",144,2360,0.03,37,81.4,51.2,78,2,58,452,2.2,93.8,0,"Normal",0
2025-10-28 00:55:00,"IIOT_6","Sensor","MQTT",114,1322,0.085,32.5,87.6,80.9,75,2,-30,-1038,2.7,90.4,0,"DoS",1
2025-10-28 01:00:00,"IIOT_5","Controller","HTTP",123,3405,0.037,26.9,77.4,57.2,86,1,9,2083,2.88,92.2,0,"MITM",1
2025-10-28 01:05:00,"IIOT_9","Controller","Modbus",-7,2576,0.065,26.6,26.6,77.9,79,8,-130,-829,1,84.2,0,"Normal",0
2025-10-28 01:10:00,"IIOT_2","Sensor","HTTP",62,1508,0.048,31.3,34.2,75.5,112,4,69,-1068,1.09,86,0,"Normal",0
2025-10-28 01:15:00,"IIOT_1","Actuator","Modbus",94,2257,0.005,25.9,32.7,41.3,110,8,32,749,1.26,92.4,0,"Spoofing",1
2025-10-28 01:20:00,"IIOT_4","Sensor","Modbus",140,1506,0.002,25.7,51.6,75.1,80,7,46,-751,2.01,93.4,0,"Normal",0
2025-10-28 01:25:00,"IIOT_2","Controller","Modbus",151,1842,0.013,33.2,56.4,78.4,105,5,11,336,1.7,97.2,0,"DoS",1
2025-10-28 01:30:00,"IIOT_5","Controller","Modbus",146,1919,0.047,26.6,49.9,39.4,140,2,-5,77,1.88,109.4,0,"Normal",0
2025-10-28 01:35:00,"IIOT_3","Sensor","MQTT",36,2396,0.059,27.6,28.5,65.5,87,8,-110,477,1.03,104.4,0,"DoS",1
2025-10-28 01:40:00,"IIOT_10","Sensor","MQTT",109,1527,0.04,31.9,49.6,81.5,81,2,73,-869,1.55,98.6,0,"Normal",0
2025-10-28 01:45:00,"IIOT_8","Actuator","Modbus",78,1224,0.057,34.9,61.4,55.5,67,4,-31,-303,1.76,96,0,"Normal",0
2025-10-28 01:50:00,"IIOT_9","Actuator","Modbus",150,2598,0.082,31.3,53.5,71.3,170,7,72,1374,1.71,109,1,"Normal",0
2025-10-28 01:55:00,"IIOT_7","Sensor","HTTP",152,2145,0.05,26.1,48.8,67,142,4,2,-453,1.87,109.4,0,"Normal",0
2025-10-28 02:00:00,"IIOT_10","Sensor","Modbus",166,2056,0.071,30.9,88.6,79.5,176,7,14,-89,2.87,127.2,1,"Normal",0
2025-10-28 02:05:00,"IIOT_7","Sensor","MQTT",153,707,0.091,36.4,77.4,38.6,108,9,-13,-1349,2.13,132.6,0,"Data Injection",1
2025-10-28 02:10:00,"IIOT_10","Sensor","MQTT",74,2696,0.093,33,85,70.4,87,9,-79,1989,2.58,136.6,0,"Normal",0
2025-10-28 02:15:00,"IIOT_5","Controller","MQTT",139,1449,0.089,26.6,32.8,42,141,7,65,-1247,1.23,130.8,0,"Normal",0
2025-10-28 02:20:00,"IIOT_9","Sensor","HTTP",134,1985,0.055,29.6,79.1,81.8,85,3,-5,536,2.67,119.4,0,"Normal",0
2025-10-28 02:25:00,"IIOT_7","Actuator","Modbus",136,1004,0.018,30.3,84.8,33.7,131,8,2,-981,2.8,110.4,0,"Normal",0
2025-10-28 02:30:00,"IIOT_6","Sensor","Modbus",155,859,0.092,38.2,60.1,33.1,77,9,19,-145,1.57,104.2,0,"DoS",1
2025-10-28 02:35:00,"IIOT_4","Actuator","MQTT",178,1235,0.031,26.9,51.9,47.2,117,5,23,376,1.93,110.2,0,"Normal",0
2025-10-28 02:40:00,"IIOT_8","Actuator","HTTP",207,1678,0.011,33.7,22.4,82.1,148,5,29,443,0.66,111.6,0,"Data Injection",1
2025-10-28 02:45:00,"IIOT_10","Sensor","MQTT",103,2573,0.068,32.5,30.9,63.3,80,5,-104,895,0.95,110.6,0,"Normal",0
2025-10-28 02:50:00,"IIOT_8","Sensor","Modbus",133,2091,0.011,31.7,68.4,74.6,56,8,30,-482,2.16,95.6,0,"Normal",0
2025-10-28 02:55:00,"IIOT_5","Sensor","Modbus",184,1265,0.064,31.6,60.8,55.9,84,1,51,-826,1.92,97,0,"Normal",0
2025-10-28 03:00:00,"IIOT_10","Sensor","MQTT",142,2517,0.092,33.9,66.2,77.9,70,6,-42,1252,1.95,87.6,0,"DoS",1
2025-10-28 03:05:00,"IIOT_3","Sensor","HTTP",79,2739,0.002,29.7,24,51.4,36,4,-63,222,0.81,65.2,0,"Normal",0
2025-10-28 03:10:00,"IIOT_4","Controller","Modbus",117,2169,0.072,23,23,34.5,148,7,38,-570,1,78.8,0,"DoS",1
2025-10-28 03:15:00,"IIOT_1","Sensor","MQTT",110,1244,0.013,35.8,82.3,46.9,127,8,-7,-925,2.3,93,0,"Normal",0
2025-10-28 03:20:00,"IIOT_7","Sensor","Modbus",114,2302,0.016,30.5,43,81,100,7,4,1058,1.41,96.2,0,"Normal",0
2025-10-28 03:25:00,"IIOT_8","Sensor","HTTP",103,1651,0.068,39.6,29.4,70.7,79,6,-11,-651,0.74,98,0,"Normal",0
2025-10-28 03:30:00,"IIOT_10","Actuator","Modbus",157,1933,0.091,32.1,83,49,125,9,54,282,2.59,115.8,0,"MITM",1
2025-10-28 03:35:00,"IIOT_6","Sensor","Modbus",136,3318,0.09,34.1,52.9,45.6,87,10,-21,1385,1.55,103.6,0,"MITM",1
2025-10-28 03:40:00,"IIOT_4","Actuator","Modbus",106,2298,0.042,30,33.9,74.7,54,5,-30,-1020,1.13,89,0,"Normal",0
2025-10-28 03:45:00,"IIOT_4","Controller","HTTP",130,3369,0.07,32.1,28.5,34.6,126,4,24,1071,0.89,94.2,0,"Normal",0
2025-10-28 03:50:00,"IIOT_3","Sensor","MQTT",168,1931,0.075,29.9,78.3,31.9,28,9,38,-1438,2.62,84,0,"Normal",0
2025-10-28 03:55:00,"IIOT_1","Controller","MQTT",188,896,0.001,33.3,26.2,38.9,118,10,20,-1035,0.79,82.6,0,"DoS",1
2025-10-28 04:00:00,"IIOT_10","Actuator","MQTT",43,2064,0.097,31.8,81.9,51.1,78,5,-145,1168,2.58,80.8,0,"DoS",1
2025-10-28 04:05:00,"IIOT_5","Sensor","Modbus",108,1850,0.028,32.2,81.9,38,99,4,65,-214,2.54,89.8,0,"Normal",0
2025-10-28 04:10:00,"IIOT_3","Sensor","HTTP",42,3023,0.052,31.4,57.5,70.7,108,2,-66,1173,1.83,86.2,0,"Normal",0
2025-10-28 04:15:00,"IIOT_1","Sensor","Modbus",61,1257,0.012,27.4,31.6,69.7,93,10,19,-1766,1.15,99.2,0,"DoS",1
2025-10-28 04:20:00,"IIOT_1","Controller","HTTP",136,1754,0.072,26.3,85,75.5,130,8,75,497,3.23,101.6,0,"Data Injection",1
2025-10-28 04:25:00,"IIOT_8","Sensor","Modbus",112,2250,0.014,33.7,36.3,61.3,79,5,-24,496,1.08,101.8,0,"DoS",1
2025-10-28 04:30:00,"IIOT_1","Controller","MQTT",161,1850,0.094,32.1,64.6,64.9,40,10,49,-400,2.01,90,0,"Spoofing",1
2025-10-28 04:35:00,"IIOT_2","Sensor","Modbus",121,1248,0.054,23.5,78.4,59.3,122,8,-40,-602,3.34,92.8,0,"Normal",0
2025-10-28 04:40:00,"IIOT_3","Sensor","Modbus",77,1729,0.049,34.3,73.8,38.2,58,3,-44,481,2.15,85.8,0,"Normal",0
2025-10-28 04:45:00,"IIOT_5","Actuator","MQTT",229,1900,0.019,28.6,53.3,82.2,95,3,152,171,1.86,78.8,0,"DoS",1
2025-10-28 04:50:00,"IIOT_7","Controller","HTTP",101,2310,0.014,22.7,51.8,70.8,127,3,-128,410,2.28,88.4,0,"DoS",1
2025-10-28 04:55:00,"IIOT_6","Actuator","HTTP",141,2631,0.02,26.5,69.9,51.2,58,2,40,321,2.64,92,0,"Normal",0
2025-10-28 05:00:00,"IIOT_1","Actuator","HTTP",86,2786,0.046,25,39,41.4,85,6,-55,155,1.56,84.6,0,"Data Injection",1
2025-10-28 05:05:00,"IIOT_8","Sensor","MQTT",89,2071,0.091,33.8,78.5,72.9,87,7,3,-715,2.32,90.4,0,"Normal",0
2025-10-28 05:10:00,"IIOT_3","Actuator","MQTT",169,1451,0.092,30.2,33.9,82.6,99,8,80,-620,1.12,91.2,0,"Data Injection",1
2025-10-28 05:15:00,"IIOT_2","Actuator","MQTT",131,2325,0.097,37.9,36.7,83.8,58,5,-38,874,0.97,77.4,0,"Normal",0
2025-10-28 05:20:00,"IIOT_10","Actuator","Modbus",144,1121,0.065,43.5,82.4,75,98,9,13,-1204,1.89,85.4,0,"Normal",0
2025-10-28 05:25:00,"IIOT_10","Sensor","MQTT",182,1986,0.026,33.3,83.6,61.6,73,8,38,865,2.51,83,0,"Normal",0
2025-10-28 05:30:00,"IIOT_7","Actuator","Modbus",129,2430,0.031,32.6,86.8,32.9,96,7,-53,444,2.66,84.8,0,"Normal",0
2025-10-28 05:35:00,"IIOT_2","Sensor","MQTT",126,1709,0.09,35.2,53.3,53.3,125,10,-3,-721,1.51,90,0,"Normal",0
2025-10-28 05:40:00,"IIOT_9","Sensor","HTTP",151,424,0.04,24.1,20,76.3,50,9,25,-1285,0.83,88.4,0,"DoS",1
2025-10-28 05:45:00,"IIOT_1","Actuator","MQTT",164,3644,0.081,25.5,68.3,45.4,222,4,13,3220,2.68,113.2,1,"DoS",1
2025-10-28 05:50:00,"IIOT_2","Actuator","Modbus",136,2608,0.05,22.9,35.3,75.1,114,9,-28,-1036,1.54,121.4,0,"MITM",1
2025-10-28 05:55:00,"IIOT_7","Actuator","Modbus",121,2270,0.065,22.9,45.3,49.3,30,7,-15,-338,1.98,108.2,0,"Data Injection",1
2025-10-28 06:00:00,"IIOT_8","Sensor","MQTT",156,2167,0.012,34,59.1,63,103,7,35,-103,1.74,103.8,0,"Normal",0
2025-10-28 06:05:00,"IIOT_3","Actuator","HTTP",185,2057,0.007,29.9,28.9,54.9,103,10,29,-110,0.97,114.4,0,"MITM",1
2025-10-28 06:10:00,"IIOT_2","Actuator","MQTT",98,1806,0.085,31,42.1,70.8,162,4,-87,-251,1.36,102.4,1,"DoS",1
2025-10-28 06:15:00,"IIOT_1","Sensor","Modbus",121,2095,0.034,29.1,27.3,55.7,113,7,23,289,0.94,102.2,0,"DoS",1
2025-10-28 06:20:00,"IIOT_6","Sensor","HTTP",37,2134,0.077,32.3,76.8,41,120,6,-84,39,2.38,120.2,0,"Normal",0
2025-10-28 06:25:00,"IIOT_3","Actuator","HTTP",249,1191,0.004,32.9,26.3,52.7,47,1,212,-943,0.8,109,0,"Normal",0
2025-10-28 06:30:00,"IIOT_10","Controller","MQTT",116,1931,0.069,34.6,57.9,34.8,59,2,-133,740,1.67,100.2,0,"Normal",0
2025-10-28 06:35:00,"IIOT_5","Sensor","Modbus",86,2774,0.063,23.2,31.9,36.4,136,8,-30,843,1.38,95,0,"DoS",1
2025-10-28 06:40:00,"IIOT_6","Controller","MQTT",105,2048,0.099,43.3,54.8,50.4,127,8,19,-726,1.27,97.8,0,"DoS",1
2025-10-28 06:45:00,"IIOT_1","Controller","Modbus",151,831,0.05,31.7,54.9,48.7,94,2,46,-1217,1.73,92.6,0,"Normal",0
2025-10-28 06:50:00,"IIOT_3","Controller","HTTP",215,2085,0.043,39.3,84,66.9,119,9,64,1254,2.14,107,0,"Normal",0
2025-10-28 06:55:00,"IIOT_6","Sensor","Modbus",193,2013,0.035,24.7,70.2,82.3,60,4,-22,-72,2.84,107.2,0,"DoS",1
2025-10-28 07:00:00,"IIOT_10","Actuator","HTTP",140,2753,0.054,25.6,38.9,34.7,66,8,-53,740,1.52,93.2,0,"Normal",0
2025-10-28 07:05:00,"IIOT_8","Sensor","MQTT",66,1794,0.083,32.9,34.8,33.1,118,5,-74,-959,1.06,91.4,0,"Normal",0
2025-10-28 07:10:00,"IIOT_7","Sensor","MQTT",153,1282,0.061,31.7,46.6,61.3,115,10,87,-512,1.47,95.6,0,"Normal",0
2025-10-28 07:15:00,"IIOT_6","Actuator","MQTT",73,801,0.017,30.9,87.5,47.5,51,7,-80,-481,2.83,82,0,"Normal",0
2025-10-28 07:20:00,"IIOT_9","Actuator","Modbus",129,1990,0.03,31.5,27.8,33.8,125,9,56,1189,0.88,95,0,"DoS",1
2025-10-28 07:25:00,"IIOT_3","Actuator","MQTT",88,3762,0.051,20.7,44.3,48.4,133,7,-41,1772,2.14,108.4,0,"Normal",0
2025-10-28 07:30:00,"IIOT_2","Controller","MQTT",145,941,0.095,35.6,60.8,60.9,96,4,57,-2821,1.71,104,0,"Normal",0
2025-10-28 07:35:00,"IIOT_6","Actuator","MQTT",154,1680,0.075,30.5,80.3,35.7,44,10,9,739,2.63,89.8,0,"Normal",0
2025-10-28 07:40:00,"IIOT_2","Actuator","MQTT",87,1949,0.04,28.1,28.6,71.8,72,3,-67,269,1.02,94,0,"Normal",0
2025-10-28 07:45:00,"IIOT_9","Actuator","MQTT",173,2838,0.01,26.6,66.5,62.3,76,9,86,889,2.5,84.2,0,"DoS",1
2025-10-28 07:50:00,"IIOT_9","Actuator","Modbus",36,2032,0.062,36.1,39.4,39,104,3,-137,-806,1.09,78.4,0,"MITM",1
2025-10-28 07:55:00,"IIOT_5","Sensor","HTTP",77,1582,0.039,22.5,64.2,34.5,47,6,41,-450,2.85,68.6,0,"MITM",1
2025-10-28 08:00:00,"IIOT_1","Sensor","Modbus",145,1788,0.042,30.9,76,63.6,47,8,68,206,2.46,69.2,0,"Normal",0
2025-10-28 08:05:00,"IIOT_4","Sensor","MQTT",159,1292,0.02,19.5,84.7,62,77,5,14,-496,4.34,70.2,0,"Normal",0
2025-10-28 08:10:00,"IIOT_4","Controller","Modbus",99,1790,0.092,27.8,89.6,31.2,92,2,-60,498,3.22,73.4,0,"DoS",1
2025-10-28 08:15:00,"IIOT_6","Controller","Modbus",133,1775,0.009,30.3,36.3,78.2,138,6,34,-15,1.2,80.2,0,"DoS",1
2025-10-28 08:20:00,"IIOT_2","Sensor","Modbus",40,2930,0.029,33.9,83.1,74.9,139,5,-93,1155,2.45,98.6,0,"DoS",1
2025-10-28 08:25:00,"IIOT_3","Controller","MQTT",125,2088,0.021,24.3,52.6,35.3,182,5,85,-842,2.16,125.6,1,"MITM",1
2025-10-28 08:30:00,"IIOT_2","Sensor","MQTT",80,2048,0.078,23.8,43.8,56.5,83,1,-45,-40,1.84,126.8,0,"Normal",0
2025-10-28 08:35:00,"IIOT_1","Actuator","HTTP",112,3026,0.084,30.4,30.3,49.9,144,10,32,978,1,137.2,0,"Normal",0
2025-10-28 08:40:00,"IIOT_8","Controller","MQTT",77,3329,0.013,35.3,89.9,84.7,137,4,-35,303,2.55,137,0,"Spoofing",1
2025-10-28 08:45:00,"IIOT_2","Sensor","Modbus",121,1892,0.003,30.5,50,70,97,1,44,-1437,1.64,128.6,0,"Normal",0
2025-10-28 08:50:00,"IIOT_8","Actuator","HTTP",124,1760,0.093,37.6,40.5,80.4,141,5,3,-132,1.08,120.4,0,"DoS",1
2025-10-28 08:55:00,"IIOT_7","Sensor","Modbus",147,2009,0.042,34.4,33.5,68.9,81,9,23,249,0.97,120,0,"Normal",0
2025-10-28 09:00:00,"IIOT_5","Controller","Modbus",133,1530,0.013,26.3,65.2,48.8,56,2,-14,-479,2.48,102.4,0,"Normal",0
2025-10-28 09:05:00,"IIOT_4","Actuator","HTTP",74,3474,0.043,33.7,29.6,39,122,9,-59,1944,0.88,99.4,0,"Normal",0
2025-10-28 09:10:00,"IIOT_6","Sensor","Modbus",144,2498,0.055,35.6,75,66.4,33,9,70,-976,2.11,86.6,0,"Normal",0
2025-10-28 09:15:00,"IIOT_7","Sensor","Modbus",228,1604,0.012,26.8,72.5,42.3,88,2,84,-894,2.71,76,0,"Normal",0
2025-10-28 09:20:00,"IIOT_8","Actuator","HTTP",71,1616,0.003,29,32.2,81.6,87,7,-157,12,1.11,77.2,0,"Normal",0
2025-10-28 09:25:00,"IIOT_1","Actuator","Modbus",82,1645,0.045,25.5,45.4,52.6,125,6,11,29,1.78,91,0,"Normal",0
2025-10-28 09:30:00,"IIOT_8","Controller","MQTT",95,2959,0.008,35.8,87.6,49,80,4,13,1314,2.45,82.6,0,"Normal",0
2025-10-28 09:35:00,"IIOT_3","Sensor","MQTT",123,1922,0.019,32,56.9,52.6,117,2,28,-1037,1.78,99.4,0,"Normal",0
2025-10-28 09:40:00,"IIOT_8","Sensor","Modbus",108,788,0.061,25.5,31.4,84.4,84,4,-15,-1134,1.23,98.6,0,"Normal",0
2025-10-28 09:45:00,"IIOT_4","Actuator","Modbus",82,1513,0.008,32.5,36.5,70.7,95,4,-26,725,1.12,100.2,0,"Normal",0
2025-10-28 09:50:00,"IIOT_2","Actuator","MQTT",145,1504,0.076,37.6,55.7,45.4,-5,8,63,-9,1.48,74.2,0,"Normal",0
2025-10-28 09:55:00,"IIOT_5","Sensor","MQTT",113,3204,0.08,24.1,41.2,59.8,97,7,-32,1700,1.71,77.6,0,"DoS",1
2025-10-28 10:00:00,"IIOT_10","Sensor","MQTT",42,1818,0.033,25.5,67,37.8,100,9,-71,-1386,2.63,74.2,0,"DoS",1
2025-10-28 10:05:00,"IIOT_10","Sensor","MQTT",121,1902,0.048,23.9,40.2,75.3,81,10,79,84,1.68,73.6,0,"DoS",1
2025-10-28 10:10:00,"IIOT_3","Actuator","Modbus",145,2999,0.068,29.5,88.5,70.9,93,2,24,1097,3,73.2,0,"Normal",0
2025-10-28 10:15:00,"IIOT_6","Controller","HTTP",44,643,0.038,28,77.5,62.3,64,4,-101,-2356,2.77,87,0,"Data Injection",1
2025-10-28 10:20:00,"IIOT_7","Sensor","Modbus",127,2197,0.052,31.3,74.2,83.8,137,7,83,1554,2.37,95,0,"Spoofing",1
2025-10-28 10:25:00,"IIOT_8","Sensor","MQTT",100,2486,0.044,26.1,81.3,77.1,123,7,-27,289,3.11,99.6,0,"Normal",0
2025-10-28 10:30:00,"IIOT_5","Sensor","Modbus",105,1933,0.052,29.5,39.7,51,67,7,5,-553,1.35,96.8,0,"MITM",1
2025-10-28 10:35:00,"IIOT_6","Controller","MQTT",146,1342,0.008,26.5,81.7,33.1,137,9,41,-591,3.08,105.6,0,"Spoofing",1
2025-10-28 10:40:00,"IIOT_6","Sensor","HTTP",126,2600,0.078,36.1,21.5,32.4,64,4,-20,1258,0.6,105.6,0,"DoS",1
2025-10-28 10:45:00,"IIOT_7","Actuator","Modbus",153,1573,0.009,30.2,73.1,53.6,111,4,27,-1027,2.42,100.4,0,"Normal",0
2025-10-28 10:50:00,"IIOT_7","Actuator","HTTP",135,2208,0.059,36.6,23.2,57.2,105,3,-18,635,0.63,96.8,0,"Data Injection",1
2025-10-28 10:55:00,"IIOT_5","Controller","MQTT",160,3103,0.088,19.3,76.7,79.9,104,2,25,895,3.97,104.2,0,"Normal",0
2025-10-28 11:00:00,"IIOT_1","Controller","Modbus",82,2621,0.034,25.7,72.6,54.4,100,8,-78,-482,2.82,96.8,0,"MITM",1
2025-10-28 11:05:00,"IIOT_3","Sensor","Modbus",135,1852,0.07,32.2,40,71.3,95,9,53,-769,1.24,103,0,"Normal",0
2025-10-28 11:10:00,"IIOT_8","Actuator","Modbus",17,948,0.049,20.7,81.1,59.7,81,4,-118,-904,3.92,97,0,"MITM",1
2025-10-28 11:15:00,"IIOT_2","Actuator","MQTT",122,729,0.033,33.8,41.2,65.1,152,9,105,-219,1.22,106.4,1,"Normal",0
2025-10-28 11:20:00,"IIOT_2","Actuator","MQTT",113,2143,0.038,32.1,61.1,67,142,6,-9,1414,1.9,114,0,"Data Injection",1
2025-10-28 11:25:00,"IIOT_7","Actuator","MQTT",146,699,0.09,32.9,20.8,65.5,100,7,33,-1444,0.63,114,0,"DoS",1
2025-10-28 11:30:00,"IIOT_10","Sensor","HTTP",61,2343,0.068,29.6,74.3,69,65,8,-85,1644,2.51,108,0,"Data Injection",1
2025-10-28 11:35:00,"IIOT_6","Sensor","MQTT",105,2255,0.064,29.6,34.8,80.8,96,9,44,-88,1.18,111,0,"Normal",0
2025-10-28 11:40:00,"IIOT_5","Sensor","MQTT",174,1109,0.029,24.2,60.5,77.5,92,8,69,-1146,2.5,99,0,"Data Injection",1
2025-10-28 11:45:00,"IIOT_4","Controller","Modbus",169,1624,0.046,34,65.9,56.8,78,3,-5,515,1.94,86.2,0,"Normal",0
2025-10-28 11:50:00,"IIOT_5","Actuator","HTTP",220,2450,0.013,33.6,89.8,85,39,1,51,826,2.67,74,0,"Normal",0
2025-10-28 11:55:00,"IIOT_6","Controller","Modbus",105,1318,0.054,22.3,22.9,30.5,99,7,-115,-1132,1.03,80.8,0,"Normal",0
2025-10-28 12:00:00,"IIOT_1","Controller","Modbus",139,2371,0.026,32.8,75.9,32.7,127,2,34,1053,2.31,87,0,"Normal",0
2025-10-28 12:05:00,"IIOT_1","Sensor","Modbus",160,1131,0.084,25.4,28.8,58.1,112,4,21,-1240,1.13,91,0,"Normal",0
2025-10-28 12:10:00,"IIOT_8","Sensor","HTTP",81,1839,0.047,31.5,52.6,76.3,97,7,-79,708,1.67,94.8,0,"MITM",1
2025-10-28 12:15:00,"IIOT_4","Controller","MQTT",85,2335,0.033,34.1,29.3,51.5,64,2,4,496,0.86,99.8,0,"Normal",0
2025-10-28 12:20:00,"IIOT_10","Controller","Modbus",138,2345,0.053,31.4,60.4,55.1,110,1,53,10,1.92,102,0,"Normal",0
2025-10-28 12:25:00,"IIOT_9","Sensor","MQTT",104,2641,0.095,33,32.1,53.7,69,4,-34,296,0.97,90.4,0,"Normal",0
2025-10-28 12:30:00,"IIOT_3","Sensor","MQTT",102,1492,0.042,28.8,43.8,71.5,135,7,-2,-1149,1.52,95,0,"Normal",0
2025-10-28 12:35:00,"IIOT_8","Sensor","Modbus",104,3922,0.039,31.4,50,49.9,64,3,2,2430,1.59,88.4,0,"Spoofing",1
2025-10-28 12:40:00,"IIOT_5","Sensor","Modbus",100,2410,0.081,31.1,30.6,61.9,168,4,-4,-1512,0.98,109.2,1,"Normal",0
2025-10-28 12:45:00,"IIOT_3","Sensor","Modbus",78,2322,0.061,29.7,38.1,38.4,105,5,-22,-88,1.28,108.2,0,"Normal",0
2025-10-28 12:50:00,"IIOT_3","Actuator","MQTT",160,2264,0.078,21.6,70,72.6,108,5,82,-58,3.24,116,0,"Data Injection",1
2025-10-28 12:55:00,"IIOT_5","Sensor","Modbus",34,2723,0.078,23.6,22.5,84.8,70,6,-126,459,0.95,103,0,"Spoofing",1
2025-10-28 13:00:00,"IIOT_9","Controller","MQTT",117,2794,0.081,23,70.8,44.8,67,5,83,71,3.08,103.6,0,"Normal",0
2025-10-28 13:05:00,"IIOT_2","Sensor","Modbus",159,2865,0.078,19.6,59.2,48.6,63,8,42,71,3.02,82.6,0,"DoS",1
2025-10-28 13:10:00,"IIOT_4","Controller","Modbus",171,1671,0.098,34.5,70.1,61.1,94,10,12,-1194,2.03,80.4,0,"Normal",0
2025-10-28 13:15:00,"IIOT_2","Sensor","Modbus",114,1706,0.067,28.8,28.5,76.3,63,2,-57,35,0.99,71.4,0,"Data Injection",1
2025-10-28 13:20:00,"IIOT_1","Actuator","MQTT",94,1363,0.094,26.2,41.4,74.9,61,8,-20,-343,1.58,69.6,0,"Data Injection",1
2025-10-28 13:25:00,"IIOT_6","Sensor","Modbus",84,1705,0.018,37.7,20.3,51.4,178,2,-10,342,0.54,91.8,1,"Data Injection",1
2025-10-28 13:30:00,"IIOT_6","Sensor","HTTP",173,2039,0.055,30.7,39.9,59.6,72,6,89,334,1.3,93.6,0,"DoS",1
2025-10-28 13:35:00,"IIOT_7","Sensor","HTTP",127,3519,0.063,29.2,78.9,54.4,54,10,-46,1480,2.7,85.6,0,"Normal",0
2025-10-28 13:40:00,"IIOT_7","Sensor","Modbus",132,1591,0.091,32,24.3,40,43,5,5,-1928,0.76,81.6,0,"Normal",0
2025-10-28 13:45:00,"IIOT_6","Controller","MQTT",121,3420,0.007,30.5,61.1,35.9,111,7,-11,1829,2,91.6,0,"MITM",1
2025-10-28 13:50:00,"IIOT_4","Actuator","MQTT",112,2864,0.011,39.6,57.7,63.9,165,4,-9,-556,1.46,89,1,"Normal",0
2025-10-28 13:55:00,"IIOT_10","Sensor","Modbus",145,2007,0.093,40.7,46.6,71.4,81,7,33,-857,1.14,90.8,0,"Normal",0
2025-10-28 14:00:00,"IIOT_1","Sensor","MQTT",106,3201,0.008,34,88.8,55.1,166,8,-39,1194,2.61,113.2,1,"Normal",0
2025-10-28 14:05:00,"IIOT_9","Controller","MQTT",147,3316,0.077,36.5,47.9,62.3,65,10,41,115,1.31,117.6,0,"Normal",0
2025-10-28 14:10:00,"IIOT_10","Sensor","Modbus",103,3279,0.086,21.9,48.8,58.2,103,4,-44,-37,2.23,116,0,"Normal",0
2025-10-28 14:15:00,"IIOT_3","Controller","Modbus",79,3323,0.033,24,20.2,79,110,2,-24,44,0.84,105,0,"Normal",0
2025-10-28 14:20:00,"IIOT_10","Actuator","Modbus",154,735,0.052,34,35.2,38.4,13,9,75,-2588,1.04,91.4,0,"DoS",1
2025-10-28 14:25:00,"IIOT_9","Sensor","MQTT",106,1563,0.05,27.3,26.9,41.9,111,2,-48,828,0.99,80.4,0,"Normal",0
2025-10-28 14:30:00,"IIOT_6","Sensor","HTTP",122,903,0.038,29.3,45,65,161,5,16,-660,1.54,99.6,1,"Normal",0
2025-10-28 14:35:00,"IIOT_8","Controller","HTTP",78,518,0.066,39.6,40.2,47.7,125,5,-44,-385,1.02,104,0,"Data Injection",1
2025-10-28 14:40:00,"IIOT_3","Controller","Modbus",101,2408,0.059,29.8,30.9,34.8,106,6,23,1890,1.04,103.2,0,"Normal",0
2025-10-28 14:45:00,"IIOT_7","Sensor","MQTT",210,1003,0.005,31.9,89.1,66.3,127,6,109,-1405,2.79,126,0,"Normal",0
2025-10-28 14:50:00,"IIOT_10","Actuator","HTTP",115,2166,0.081,29.3,69.1,43.7,130,4,-95,1163,2.36,129.8,0,"MITM",1
2025-10-28 14:55:00,"IIOT_7","Actuator","MQTT",127,1048,0.084,37.1,46.3,72,120,2,12,-1118,1.25,121.6,0,"MITM",1
2025-10-28 15:00:00,"IIOT_8","Sensor","HTTP",94,2678,0.027,29.8,88,52.3,111,10,-33,1630,2.95,118.8,0,"Normal",0
2025-10-28 15:05:00,"IIOT_7","Sensor","MQTT",127,784,0.026,24.8,49.5,61,124,3,33,-1894,2,122.4,0,"Spoofing",1
2025-10-28 15:10:00,"IIOT_5","Sensor","MQTT",41,1472,0.018,26.8,34.4,64.5,135,5,-86,688,1.28,124,0,"Spoofing",1
2025-10-28 15:15:00,"IIOT_5","Controller","HTTP",121,1759,0.077,39.2,36,61.4,75,6,80,287,0.92,113,0,"DoS",1
2025-10-28 15:20:00,"IIOT_9","Sensor","Modbus",84,2393,0.04,18.5,69.1,80.4,86,4,-37,634,3.74,106.2,0,"DoS",1
2025-10-28 15:25:00,"IIOT_10","Sensor","HTTP",63,2052,0.063,23,25,84.8,65,8,-21,-341,1.09,97,0,"Normal",0
2025-10-28 15:30:00,"IIOT_4","Sensor","HTTP",116,927,0.078,33.6,53,45.9,188,4,53,-1125,1.58,109.8,1,"Normal",0
2025-10-28 15:35:00,"IIOT_2","Sensor","HTTP",123,1487,0.035,30.1,81.9,73.1,133,9,7,560,2.72,109.4,0,"Normal",0
2025-10-28 15:40:00,"IIOT_8","Actuator","Modbus",82,1658,0.091,26.1,55.3,59.2,112,5,-41,171,2.12,116.8,0,"Normal",0
2025-10-28 15:45:00,"IIOT_5","Sensor","Modbus",98,1931,0.001,24.4,55.2,59,100,7,16,273,2.26,119.6,0,"Normal",0
2025-10-28 15:50:00,"IIOT_5","Actuator","Modbus",169,1749,0.093,27.8,59.5,73.6,139,1,71,-182,2.14,134.4,0,"Normal",0
2025-10-28 15:55:00,"IIOT_7","Actuator","MQTT",157,1803,0.082,25.9,37.5,61.2,98,9,-12,54,1.45,116.4,0,"Data Injection",1
2025-10-28 16:00:00,"IIOT_10","Actuator","MQTT",59,3316,0.099,38.3,76.1,44.3,58,4,-98,1513,1.99,101.4,0,"DoS",1
2025-10-28 16:05:00,"IIOT_2","Actuator","MQTT",130,1721,0.027,33,62.3,51.4,102,6,71,-1595,1.89,99.4,0,"MITM",1
2025-10-28 16:10:00,"IIOT_2","Sensor","Modbus",110,2630,0.019,31.6,29.3,44.1,74,8,-20,909,0.93,94.2,0,"Normal",0
2025-10-28 16:15:00,"IIOT_7","Sensor","MQTT",118,2996,0.041,32.9,38.6,33.4,42,6,8,366,1.17,74.8,0,"Normal",0
2025-10-28 16:20:00,"IIOT_1","Actuator","MQTT",192,589,0.049,24.6,53.5,43.2,106,6,74,-2407,2.17,76.4,0,"MITM",1
2025-10-28 16:25:00,"IIOT_10","Sensor","MQTT",86,1109,0.07,23.6,30.4,71.8,98,2,-106,520,1.29,84.4,0,"DoS",1
2025-10-28 16:30:00,"IIOT_6","Sensor","Modbus",103,1948,0.061,40.2,75.4,76.3,68,4,17,839,1.88,77.6,0,"Normal",0
2025-10-28 16:35:00,"IIOT_9","Sensor","MQTT",42,1401,0.044,26.7,53.9,37,87,2,-61,-547,2.02,80.2,0,"DoS",1
2025-10-28 16:40:00,"IIOT_1","Sensor","MQTT",119,1676,0.02,27,28.4,44.5,94,8,77,275,1.05,90.6,0,"Data Injection",1
2025-10-28 16:45:00,"IIOT_1","Actuator","MQTT",50,974,0.003,30,64.5,71.5,92,8,-69,-702,2.15,87.8,0,"Spoofing",1
2025-10-28 16:50:00,"IIOT_6","Sensor","MQTT",174,1104,0.1,31.4,41.3,79.5,136,3,124,130,1.32,95.4,0,"DoS",1
2025-10-28 16:55:00,"IIOT_3","Sensor","Modbus",78,1233,0.063,29.6,81.9,71.3,5,5,-96,129,2.77,82.8,0,"Normal",0
2025-10-28 17:00:00,"IIOT_1","Controller","MQTT",113,1803,0.007,37,80,75,181,4,35,570,2.16,101.6,1,"Data Injection",1
2025-10-28 17:05:00,"IIOT_3","Controller","Modbus",69,2147,0.042,28.9,31.7,42.6,89,8,-44,344,1.1,100.6,0,"Normal",0
2025-10-28 17:10:00,"IIOT_5","Sensor","Modbus",160,3209,0.002,38,28.6,36.6,147,9,91,1062,0.75,111.6,0,"Normal",0
2025-10-28 17:15:00,"IIOT_7","Sensor","MQTT",158,-19,0.016,27.7,31.9,40.1,30,9,-2,-3228,1.15,90.4,0,"DoS",1
2025-10-28 17:20:00,"IIOT_5","Controller","Modbus",133,1254,0.074,36.2,81.1,32.4,84,4,-25,1273,2.24,106.2,0,"Normal",0
2025-10-28 17:25:00,"IIOT_8","Sensor","HTTP",83,2736,0.08,32,69.7,84.6,54,6,-50,1482,2.18,80.8,0,"Normal",0
2025-10-28 17:30:00,"IIOT_5","Sensor","Modbus",69,1987,0.081,23.9,34.2,80.1,111,7,-14,-749,1.43,85.2,0,"Normal",0
2025-10-28 17:35:00,"IIOT_3","Sensor","Modbus",162,1433,0.009,30.1,82.1,70.6,91,8,93,-554,2.73,74,0,"DoS",1
2025-10-28 17:40:00,"IIOT_7","Actuator","Modbus",160,560,0.088,42.3,43.9,81.1,21,7,-2,-873,1.04,72.2,0,"Normal",0
2025-10-28 17:45:00,"IIOT_1","Sensor","MQTT",75,982,0.003,29.7,65.5,42.7,150,10,-85,422,2.21,85.4,0,"Data Injection",1
2025-10-28 17:50:00,"IIOT_8","Actuator","Modbus",121,1239,0.077,23.5,38.1,63.1,91,8,46,257,1.62,92.8,0,"DoS",1
2025-10-28 17:55:00,"IIOT_8","Sensor","HTTP",152,1893,0.032,32.7,48.9,82.8,89,4,31,654,1.5,88.4,0,"Data Injection",1
2025-10-28 18:00:00,"IIOT_6","Actuator","Modbus",152,2795,0.038,24.6,26.8,74.6,90,7,0,902,1.09,88.2,0,"Normal",0
2025-10-28 18:05:00,"IIOT_2","Actuator","Modbus",141,2250,0.083,39.5,69.8,49.3,6,1,-11,-545,1.77,85.2,0,"Normal",0
2025-10-28 18:10:00,"IIOT_1","Actuator","HTTP",117,2371,0.031,34.9,64,59.6,119,9,-24,121,1.83,79,0,"DoS",1
2025-10-28 18:15:00,"IIOT_4","Sensor","Modbus",49,2948,0.033,28.4,78.2,64.5,91,4,-68,577,2.75,79,0,"Normal",0
2025-10-28 18:20:00,"IIOT_5","Sensor","MQTT",99,2077,0.01,29.4,56.3,59,63,1,50,-871,1.91,73.8,0,"Normal",0
2025-10-28 18:25:00,"IIOT_5","Sensor","Modbus",113,2330,0.023,36.3,26.9,63.4,52,5,14,253,0.74,66.2,0,"Normal",0
2025-10-28 18:30:00,"IIOT_1","Actuator","Modbus",43,1912,0.01,33.8,86.6,79.1,91,8,-70,-418,2.56,83.2,0,"Normal",0
2025-10-28 18:35:00,"IIOT_1","Actuator","MQTT",99,1946,0.003,41.9,85.5,46.6,79,8,56,34,2.04,75.2,0,"DoS",1
2025-10-28 18:40:00,"IIOT_1","Controller","MQTT",146,3610,0.027,32.6,42.9,53.7,61,3,47,1664,1.32,69.2,0,"MITM",1
2025-10-28 18:45:00,"IIOT_7","Controller","Modbus",161,2306,0.064,30.2,53.9,58.2,93,7,15,-1304,1.78,75.2,0,"DoS",1
2025-10-28 18:50:00,"IIOT_10","Controller","Modbus",112,1701,0.061,28.9,47.8,62.2,63,8,-49,-605,1.65,77.4,0,"Normal",0
2025-10-28 18:55:00,"IIOT_9","Actuator","Modbus",209,2026,0.011,28,50.5,52.1,84,4,97,325,1.8,76,0,"Normal",0
2025-10-28 19:00:00,"IIOT_9","Sensor","Modbus",87,1708,0.067,29.9,54.7,74.5,118,7,-122,-318,1.83,83.8,0,"Normal",0
2025-10-28 19:05:00,"IIOT_3","Actuator","MQTT",134,1483,0.066,33.6,47.5,33.7,137,8,47,-225,1.41,99,0,"Normal",0
2025-10-28 19:10:00,"IIOT_2","Actuator","Modbus",141,1911,0.069,33.1,81.5,39.6,181,7,7,428,2.46,116.6,1,"Normal",0
2025-10-28 19:15:00,"IIOT_10","Actuator","MQTT",90,2153,0.065,28.9,66.1,64.7,82,10,-51,242,2.29,120.4,0,"Normal",0
2025-10-28 19:20:00,"IIOT_3","Sensor","Modbus",89,1527,0.071,25.7,80.4,78.1,132,1,-1,-626,3.13,130,0,"DoS",1
2025-10-28 19:25:00,"IIOT_1","Actuator","HTTP",65,1297,0.001,35.3,64.3,51.4,102,5,-24,-230,1.82,126.8,0,"Data Injection",1
2025-10-28 19:30:00,"IIOT_5","Sensor","MQTT",102,316,0.087,28.3,52.3,42.3,117,9,37,-981,1.85,122.8,0,"Normal",0
2025-10-28 19:35:00,"IIOT_10","Sensor","Modbus",27,1947,0.013,33.7,77.9,45.5,40,3,-75,1631,2.31,94.6,0,"Normal",0
2025-10-28 19:40:00,"IIOT_1","Sensor","MQTT",79,2678,0.042,30.9,71.9,70.5,83,10,52,731,2.33,94.8,0,"MITM",1
2025-10-28 19:45:00,"IIOT_7","Actuator","MQTT",123,1459,0.025,23.7,84.8,33,117,4,44,-1219,3.58,91.8,0,"Normal",0
2025-10-28 19:50:00,"IIOT_8","Sensor","Modbus",123,1606,0.011,30.3,27.2,30.5,76,7,0,147,0.9,86.6,0,"Spoofing",1
2025-10-28 19:55:00,"IIOT_4","Sensor","MQTT",93,2720,0.003,33.4,62.3,64.3,43,5,-30,1114,1.87,71.8,0,"Normal",0
2025-10-28 20:00:00,"IIOT_5","Actuator","MQTT",126,2064,0.058,43.6,23.2,47.1,94,2,33,-656,0.53,82.6,0,"MITM",1
2025-10-28 20:05:00,"IIOT_9","Actuator","MQTT",89,2620,0.01,23.5,78.2,58.5,98,1,-37,556,3.33,85.6,0,"Normal",0
2025-10-28 20:10:00,"IIOT_4","Actuator","Modbus",99,1909,0.032,33.2,37.9,54.8,98,4,10,-711,1.14,81.8,0,"Normal",0
2025-10-28 20:15:00,"IIOT_3","Controller","HTTP",137,2916,0.06,36,50.7,83.7,25,4,38,1007,1.41,71.6,0,"Normal",0
2025-10-28 20:20:00,"IIOT_7","Actuator","MQTT",116,2689,0.033,28,40.1,71.1,143,2,-21,-227,1.43,91.6,0,"Normal",0
2025-10-28 20:25:00,"IIOT_3","Sensor","MQTT",65,1733,0.067,32.5,58.6,81.6,97,6,-51,-956,1.8,92.2,0,"MITM",1
2025-10-28 20:30:00,"IIOT_9","Sensor","Modbus",126,1388,0.017,25,56.4,59.1,37,6,61,-345,2.26,80,0,"Normal",0
2025-10-28 20:35:00,"IIOT_3","Actuator","Modbus",81,1791,0.088,30.8,40.3,46.1,83,4,-45,403,1.31,77,0,"Normal",0
2025-10-28 20:40:00,"IIOT_2","Actuator","MQTT",121,2252,0.091,32.8,43,30.2,73,5,40,461,1.31,86.6,0,"Normal",0
2025-10-28 20:45:00,"IIOT_6","Sensor","MQTT",128,3780,0.064,25,51.2,38.9,210,6,7,1528,2.05,100,1,"Spoofing",1
2025-10-28 20:50:00,"IIOT_7","Sensor","Modbus",110,-283,0.094,42.3,77.1,38,85,10,-18,-4063,1.82,97.6,0,"Normal",0
2025-10-28 20:55:00,"IIOT_10","Controller","HTTP",84,1644,0.084,36.5,59.1,45.7,123,4,-26,1927,1.62,114.8,0,"Normal",0
2025-10-28 21:00:00,"IIOT_10","Controller","Modbus",151,2093,0.055,26.8,37,34.1,203,5,67,449,1.38,138.8,1,"Normal",0
2025-10-28 21:05:00,"IIOT_10","Controller","Modbus",140,1777,0.039,36.5,59.6,41.1,71,3,-11,-316,1.63,138.4,0,"Normal",0
2025-10-28 21:10:00,"IIOT_3","Sensor","MQTT",128,2140,0.021,27.3,57.6,72.9,106,8,-12,363,2.11,117.6,0,"Normal",0
2025-10-28 21:15:00,"IIOT_8","Actuator","Modbus",105,1522,0.043,33.8,87.2,49.6,155,9,-23,-618,2.58,131.6,1,"Normal",0
2025-10-28 21:20:00,"IIOT_9","Sensor","MQTT",128,2519,0.001,32.6,40.1,48.5,58,5,23,997,1.23,118.6,0,"Normal",0
2025-10-28 21:25:00,"IIOT_4","Actuator","MQTT",121,1721,0.032,33.1,23.1,82.9,25,8,-7,-798,0.7,83,0,"Normal",0
2025-10-28 21:30:00,"IIOT_1","Sensor","HTTP",172,2623,0.085,28.7,80.1,34.1,142,4,51,902,2.79,97.2,0,"MITM",1
2025-10-28 21:35:00,"IIOT_2","Actuator","HTTP",107,2468,0.045,26.9,45.5,35.7,107,7,-65,-155,1.69,97.4,0,"DoS",1
2025-10-28 21:40:00,"IIOT_1","Actuator","Modbus",132,1964,0.047,36.5,61,44.5,79,3,25,-504,1.67,82.2,0,"Normal",0
2025-10-28 21:45:00,"IIOT_10","Actuator","Modbus",154,2231,0.083,41,89.8,74,42,7,22,267,2.19,79,0,"Normal",0
2025-10-28 21:50:00,"IIOT_10","Actuator","MQTT",111,1431,0.061,19.3,35.9,34.1,90,7,-43,-800,1.86,92,0,"Normal",0
2025-10-28 21:55:00,"IIOT_8","Actuator","Modbus",110,1759,0.093,30.6,70.2,59.4,58,8,-1,328,2.29,75.2,0,"Normal",0
2025-10-28 22:00:00,"IIOT_9","Actuator","MQTT",118,2342,0.043,25.7,60.2,77.1,194,9,8,583,2.34,92.6,1,"Normal",0
2025-10-28 22:05:00,"IIOT_7","Sensor","Modbus",141,2469,0.092,31.2,22.4,48.3,117,6,23,127,0.72,100.2,0,"MITM",1
2025-10-28 22:10:00,"IIOT_8","Actuator","Modbus",145,2270,0,30.5,37.2,57.2,96,4,4,-199,1.22,111,0,"Normal",0
2025-10-28 22:15:00,"IIOT_4","Sensor","Modbus",142,817,0.034,35.3,75.3,68.3,131,1,-3,-1453,2.13,119.2,0,"MITM",1
2025-10-28 22:20:00,"IIOT_5","Sensor","Modbus",122,1030,0.094,23,50.4,73.6,139,9,-20,213,2.19,135.4,0,"Data Injection",1
2025-10-28 22:25:00,"IIOT_1","Sensor","HTTP",131,1462,0.049,33,28,44.5,87,6,9,432,0.85,114,0,"MITM",1
2025-10-28 22:30:00,"IIOT_9","Actuator","MQTT",127,1105,0.049,28.2,53.5,32.2,158,10,-4,-357,1.9,122.2,1,"Data Injection",1
2025-10-28 22:35:00,"IIOT_9","Actuator","Modbus",47,2237,0.088,31.5,88.7,37.2,83,3,-80,1132,2.82,119.6,0,"Normal",0
2025-10-28 22:40:00,"IIOT_9","Actuator","HTTP",66,1404,0.045,27.7,22.3,46.9,76,9,19,-833,0.81,108.6,0,"Normal",0
2025-10-28 22:45:00,"IIOT_8","Sensor","HTTP",125,1490,0.051,36.8,42.6,82.1,84,7,59,86,1.16,97.6,0,"Normal",0
2025-10-28 22:50:00,"IIOT_3","Actuator","Modbus",200,2090,0.019,25.6,57.3,62.9,130,4,75,600,2.24,106.2,0,"Data Injection",1
2025-10-28 22:55:00,"IIOT_1","Sensor","Modbus",66,1603,0.027,36.2,84,34.9,141,4,-134,-487,2.32,102.8,0,"Normal",0
2025-10-28 23:00:00,"IIOT_1","Actuator","HTTP",137,2497,0.004,34,72.8,54.9,101,2,71,894,2.14,106.4,0,"Normal",0
2025-10-28 23:05:00,"IIOT_6","Actuator","MQTT",175,1434,0.051,28.9,21.8,50.6,140,2,38,-1063,0.75,119.2,0,"Data Injection",1
2025-10-28 23:10:00,"IIOT_3","Actuator","MQTT",96,2616,0.068,25.8,44.2,37.5,19,1,-79,1182,1.71,106.2,0,"Spoofing",1
2025-10-28 23:15:00,"IIOT_3","Actuator","MQTT",107,2761,0.03,31.6,75.9,77.9,107,1,11,145,2.4,101.6,0,"Normal",0
2025-10-28 23:20:00,"IIOT_5","Sensor","MQTT",227,1489,0.082,31.9,37.9,81.3,84,5,120,-1272,1.19,90.2,0,"Normal",0
2025-10-28 23:25:00,"IIOT_7","Sensor","HTTP",171,2704,0.009,40.9,35.6,71.5,157,9,-56,1215,0.87,101.4,1,"Normal",0
2025-10-28 23:30:00,"IIOT_6","Actuator","HTTP",99,1809,0.084,29.2,62.9,69.9,108,5,-72,-895,2.15,95,0,"DoS",1
2025-10-28 23:35:00,"IIOT_6","Sensor","Modbus",180,2837,0.038,32.2,83.5,63.3,108,2,81,1028,2.59,112.8,0,"Spoofing",1
2025-10-28 23:40:00,"IIOT_4","Sensor","Modbus",134,1818,0.031,33.8,74.3,48.9,138,4,-46,-1019,2.2,119,0,"Normal",0
2025-10-28 23:45:00,"IIOT_4","Actuator","Modbus",136,2466,0.079,28.9,33.9,44.8,82,4,2,648,1.17,118.6,0,"Normal",0
2025-10-28 23:50:00,"IIOT_8","Controller","Modbus",121,2235,0.005,29.1,25.6,42.7,99,3,-15,-231,0.88,107,0,"MITM",1
2025-10-28 23:55:00,"IIOT_2","Controller","MQTT",122,2959,0.099,31.9,44.3,56.2,70,9,1,724,1.39,99.4,0,"Normal",0
2025-10-29,"IIOT_8","Sensor","Modbus",101,1780,0.076,41.7,57.1,57.8,110,2,-21,-1179,1.37,99.8,0,"Normal",0
2025-10-29 00:05:00,"IIOT_10","Controller","Modbus",39,3273,0.012,39,35.1,77.6,96,5,-62,1493,0.9,91.4,0,"Normal",0
2025-10-29 00:10:00,"IIOT_2","Sensor","MQTT",38,1686,0.088,34.9,74.4,37.7,159,6,-1,-1587,2.13,106.8,1,"MITM",1
2025-10-29 00:15:00,"IIOT_5","Sensor","HTTP",149,1220,0.091,30.2,59.4,70.4,24,8,111,-466,1.97,91.8,0,"DoS",1
2025-10-29 00:20:00,"IIOT_10","Actuator","Modbus",77,2648,0.021,32.3,85.8,44.8,89,9,-72,1428,2.66,95.6,0,"Normal",0
2025-10-29 00:25:00,"IIOT_3","Controller","MQTT",172,209,0.035,32.3,39.4,72.5,174,8,95,-2439,1.22,108.4,1,"Normal",0
2025-10-29 00:30:00,"IIOT_8","Sensor","HTTP",157,2622,0.055,31.5,54.3,41.1,118,7,-15,2413,1.72,112.8,0,"Normal",0
2025-10-29 00:35:00,"IIOT_2","Controller","MQTT",69,3352,0.026,30.2,75.9,67.6,95,1,-88,730,2.51,100,0,"DoS",1
2025-10-29 00:40:00,"IIOT_10","Sensor","MQTT",116,1981,0.099,29.6,62,55.3,97,8,47,-1371,2.09,114.6,0,"Normal",0
2025-10-29 00:45:00,"IIOT_9","Actuator","MQTT",56,2232,0.04,23.4,48.3,80.1,94,7,-60,251,2.06,115.6,0,"DoS",1
2025-10-29 00:50:00,"IIOT_3","Controller","HTTP",150,2578,0.006,31.4,52.6,42.5,166,1,94,346,1.68,114,1,"Normal",0
2025-10-29 00:55:00,"IIOT_2","Actuator","MQTT",71,1514,0.049,21.8,80.3,79.9,174,3,-79,-1064,3.68,125.2,1,"Data Injection",1
2025-10-29 01:00:00,"IIOT_6","Controller","MQTT",128,2408,0.026,26.1,84.5,65.9,16,6,57,894,3.24,109.4,0,"Normal",0
2025-10-29 01:05:00,"IIOT_2","Sensor","HTTP",138,2803,0.091,41.9,63.2,40.6,138,4,10,395,1.51,117.6,0,"Normal",0
2025-10-29 01:10:00,"IIOT_9","Controller","MQTT",72,2376,0.007,28.8,47.3,83.9,72,7,-66,-427,1.64,113.2,0,"MITM",1
2025-10-29 01:15:00,"IIOT_8","Actuator","MQTT",119,1793,0.016,29.6,68.7,46,66,9,47,-583,2.32,93.2,0,"Normal",0
2025-10-29 01:20:00,"IIOT_9","Sensor","MQTT",182,2356,0.067,33,66.7,68.8,80,9,63,563,2.02,74.4,0,"Normal",0
2025-10-29 01:25:00,"IIOT_8","Actuator","Modbus",136,2303,0.007,28.1,82.6,71.9,38,7,-46,-53,2.94,78.8,0,"Normal",0
2025-10-29 01:30:00,"IIOT_3","Sensor","MQTT",82,1707,0.096,36.3,40.1,42.8,152,8,-54,-596,1.1,81.6,1,"Normal",0
2025-10-29 01:35:00,"IIOT_8","Sensor","MQTT",117,1117,0.075,27.9,41.4,51.3,63,8,35,-590,1.48,79.8,0,"Data Injection",1
2025-10-29 01:40:00,"IIOT_10","Controller","MQTT",110,1622,0.088,33.7,59.5,83.1,52,10,-7,505,1.77,77,0,"Normal",0
2025-10-29 01:45:00,"IIOT_10","Actuator","MQTT",144,2268,0.065,26.9,61.8,57.6,104,2,34,646,2.3,81.8,0,"Normal",0
2025-10-29 01:50:00,"IIOT_2","Actuator","Modbus",173,3386,0.019,31.5,57.5,74.1,54,4,29,1118,1.83,85,0,"Data Injection",1
2025-10-29 01:55:00,"IIOT_5","Sensor","MQTT",131,2021,0.077,29.9,43.9,56.4,71,3,-42,-1365,1.47,68.8,0,"MITM",1
2025-10-29 02:00:00,"IIOT_10","Controller","Modbus",109,2268,0.085,23.4,87,32.6,143,6,-22,247,3.72,84.8,0,"DoS",1
2025-10-29 02:05:00,"IIOT_4","Controller","HTTP",133,2830,0.009,34.3,46.3,32,80,7,24,562,1.35,90.4,0,"DoS",1
2025-10-29 02:10:00,"IIOT_2","Actuator","MQTT",159,121,0.014,30,75.9,75.4,75,4,26,-2709,2.53,84.6,0,"Normal",0
2025-10-29 02:15:00,"IIOT_9","Sensor","MQTT",229,1924,0.093,28.4,64.7,72.6,134,3,70,1803,2.28,100.6,0,"DoS",1
2025-10-29 02:20:00,"IIOT_10","Sensor","MQTT",153,1821,0.09,23,22,43.5,92,1,-76,-103,0.96,104.8,0,"Normal",0
2025-10-29 02:25:00,"IIOT_6","Sensor","MQTT",147,1573,0.001,26.1,62.7,75.7,54,10,-6,-248,2.4,87,0,"MITM",1
2025-10-29 02:30:00,"IIOT_3","Sensor","Modbus",139,2544,0.047,31.1,32.1,53.6,37,4,-8,971,1.03,78.4,0,"Data Injection",1
2025-10-29 02:35:00,"IIOT_4","Sensor","HTTP",180,2766,0.01,37.7,28.9,54.6,165,5,41,222,0.77,96.4,1,"DoS",1
2025-10-29 02:40:00,"IIOT_7","Actuator","Modbus",144,1863,0.011,26.6,30.6,33.6,133,6,-36,-903,1.15,96.2,0,"Normal",0
2025-10-29 02:45:00,"IIOT_8","Actuator","MQTT",82,3112,0.013,30.8,57.1,56.2,96,8,-62,1249,1.85,97,0,"Normal",0
2025-10-29 02:50:00,"IIOT_9","Controller","MQTT",120,2040,0.085,39.5,81.2,77.6,98,4,38,-1072,2.06,105.8,0,"DoS",1
2025-10-29 02:55:00,"IIOT_3","Actuator","MQTT",103,3631,0.002,32.2,22.4,69.9,114,2,-17,1591,0.7,121.2,0,"Normal",0
2025-10-29 03:00:00,"IIOT_10","Controller","Modbus",109,844,0.03,33.6,50.7,59.6,136,5,6,-2787,1.51,115.4,0,"Normal",0
2025-10-29 03:05:00,"IIOT_2","Sensor","HTTP",81,2887,0.083,36.4,85.1,52.9,106,5,-28,2043,2.34,110,0,"MITM",1
2025-10-29 03:10:00,"IIOT_5","Sensor","HTTP",87,1221,0.004,29.2,69.8,70.7,140,8,6,-1666,2.39,118.8,0,"Normal",0
2025-10-29 03:15:00,"IIOT_3","Actuator","MQTT",139,2544,0.005,27.3,47.3,83.2,104,5,52,1323,1.73,120,0,"Normal",0
2025-10-29 03:20:00,"IIOT_7","Sensor","Modbus",53,3347,0.07,31.3,47.6,66.1,36,6,-86,803,1.52,104.4,0,"Normal",0
2025-10-29 03:25:00,"IIOT_6","Sensor","MQTT",152,2360,0.05,27.9,75.5,43.3,97,3,99,-987,2.71,96.6,0,"Normal",0
2025-10-29 03:30:00,"IIOT_2","Controller","Modbus",150,1843,0.074,35.1,79.7,51.1,121,8,-2,-517,2.27,99.6,0,"Normal",0
2025-10-29 03:35:00,"IIOT_4","Sensor","Modbus",111,1702,0.063,30.4,45.1,40.2,94,1,-39,-141,1.48,90.4,0,"Normal",0
2025-10-29 03:40:00,"IIOT_10","Sensor","Modbus",101,2711,0.025,15.1,24.7,54.3,47,9,-10,1009,1.64,79,0,"DoS",1
2025-10-29 03:45:00,"IIOT_5","Sensor","Modbus",123,431,0.006,35.8,40.1,42,102,8,22,-2280,1.12,92.2,0,"Normal",0
2025-10-29 03:50:00,"IIOT_5","Sensor","MQTT",117,2147,0.09,34,24.7,54.3,91,8,-6,1716,0.73,91,0,"Normal",0
2025-10-29 03:55:00,"IIOT_10","Sensor","HTTP",87,2716,0.061,18.2,27.9,76.6,104,4,-30,569,1.53,87.6,0,"Normal",0
2025-10-29 04:00:00,"IIOT_1","Actuator","HTTP",59,2363,0.095,29.6,62.8,49.2,152,2,-28,-353,2.12,99.2,1,"Normal",0
2025-10-29 04:05:00,"IIOT_10","Actuator","Modbus",113,872,0.069,25.2,25.6,75.5,76,10,54,-1491,1.02,105,0,"DoS",1
2025-10-29 04:10:00,"IIOT_7","Sensor","Modbus",76,2687,0.016,25.5,44.3,35.2,111,3,-37,1815,1.74,106.8,0,"Normal",0
2025-10-29 04:15:00,"IIOT_3","Sensor","MQTT",214,2298,0.058,31.9,51.8,73.8,83,10,138,-389,1.62,105.2,0,"Normal",0
2025-10-29 04:20:00,"IIOT_10","Actuator","MQTT",114,2684,0.099,33.2,45.8,60.7,127,6,-100,386,1.38,109.8,0,"DoS",1
2025-10-29 04:25:00,"IIOT_8","Sensor","Modbus",74,1803,0.04,34.4,46.4,48.2,40,6,-40,-881,1.35,87.4,0,"DoS",1
2025-10-29 04:30:00,"IIOT_2","Sensor","MQTT",113,3308,0.008,32.2,86.1,42,108,10,39,1505,2.67,93.8,0,"Spoofing",1
2025-10-29 04:35:00,"IIOT_6","Actuator","Modbus",135,2094,0.003,21.3,24.2,56.6,84,5,22,-1214,1.14,88.4,0,"Spoofing",1
2025-10-29 04:40:00,"IIOT_10","Sensor","MQTT",106,1753,0.094,41.5,62.8,33.1,133,4,-29,-341,1.51,98.4,0,"Normal",0
2025-10-29 04:45:00,"IIOT_5","Sensor","MQTT",111,1473,0.095,26.9,45.4,75.4,87,6,5,-280,1.69,90.4,0,"MITM",1
2025-10-29 04:50:00,"IIOT_8","Sensor","Modbus",78,1866,0.021,29.8,61.6,50.1,3,10,-33,393,2.07,83,0,"Normal",0
2025-10-29 04:55:00,"IIOT_10","Actuator","HTTP",118,249,0.072,33.8,35.9,69.7,55,2,40,-1617,1.06,72.4,0,"Normal",0
2025-10-29 05:00:00,"IIOT_6","Sensor","Modbus",148,3327,0.028,29,89.6,34,72,2,30,3078,3.09,70,0,"Data Injection",1
2025-10-29 05:05:00,"IIOT_1","Controller","MQTT",162,3210,0.058,25.6,27.4,71.9,105,8,14,-117,1.07,64.4,0,"Normal",0
2025-10-29 05:10:00,"IIOT_7","Sensor","MQTT",108,1987,0.044,31,86.6,78.3,68,4,-54,-1223,2.79,60.6,0,"Normal",0
2025-10-29 05:15:00,"IIOT_9","Actuator","Modbus",113,2717,0.044,33.3,60.4,83.9,41,2,5,730,1.81,68.2,0,"Normal",0
2025-10-29 05:20:00,"IIOT_2","Controller","MQTT",137,2758,0.045,32.5,41.1,73.8,84,3,24,41,1.26,74,0,"Normal",0
2025-10-29 05:25:00,"IIOT_7","Actuator","MQTT",77,1891,0.052,40.4,33.8,76.3,87,5,-60,-867,0.84,77,0,"DoS",1
2025-10-29 05:30:00,"IIOT_6","Controller","MQTT",185,2338,0.048,33.2,55.6,37.3,84,7,108,447,1.67,72.8,0,"Normal",0
2025-10-29 05:35:00,"IIOT_3","Sensor","MQTT",86,681,0.017,20.7,69.5,42.5,70,2,-99,-1657,3.36,73.2,0,"Normal",0
2025-10-29 05:40:00,"IIOT_2","Sensor","Modbus",122,2379,0.024,31.5,73.5,49.9,133,9,36,1698,2.33,91.6,0,"Normal",0
2025-10-29 05:45:00,"IIOT_2","Sensor","MQTT",177,2410,0.023,27.9,85.3,70.2,150,3,55,31,3.06,104.8,0,"Normal",0
2025-10-29 05:50:00,"IIOT_8","Sensor","Modbus",102,1648,0.025,35.6,20.4,74.7,109,5,-75,-762,0.57,109.2,0,"MITM",1
2025-10-29 05:55:00,"IIOT_8","Sensor","MQTT",47,1872,0.05,36.9,25.6,64,81,9,-55,224,0.69,108.6,0,"MITM",1
2025-10-29 06:00:00,"IIOT_5","Sensor","HTTP",96,2032,0.045,37.4,34.8,37.8,109,1,49,160,0.93,116.4,0,"Normal",0
2025-10-29 06:05:00,"IIOT_1","Actuator","Modbus",155,1627,0.094,30.2,81.3,63.5,142,6,59,-405,2.69,118.2,0,"DoS",1
2025-10-29 06:10:00,"IIOT_9","Controller","MQTT",112,1960,0.048,23.4,37.3,53.6,94,8,-43,333,1.59,107,0,"MITM",1
2025-10-29 06:15:00,"IIOT_2","Sensor","Modbus",152,1319,0.058,32,86.3,35.5,54,4,40,-641,2.7,96,0,"Normal",0
2025-10-29 06:20:00,"IIOT_9","Actuator","Modbus",121,2600,0.004,28.8,30.5,53.5,94,8,-31,1281,1.06,98.6,0,"Normal",0
2025-10-29 06:25:00,"IIOT_1","Actuator","Modbus",173,3194,0.035,25.9,82.8,65.2,103,9,52,594,3.2,97.4,0,"MITM",1
2025-10-29 06:30:00,"IIOT_6","Sensor","HTTP",131,2639,0.056,36,64.8,47.1,108,4,-42,-555,1.8,90.6,0,"Normal",0
2025-10-29 06:35:00,"IIOT_3","Sensor","Modbus",132,836,0.058,30.8,32.4,71.2,83,1,1,-1803,1.05,88.4,0,"Normal",0
2025-10-29 06:40:00,"IIOT_4","Actuator","Modbus",58,2839,0.031,37.7,77.2,47,128,4,-74,2003,2.05,103.2,0,"Normal",0
2025-10-29 06:45:00,"IIOT_5","Actuator","MQTT",120,1004,0.011,35.3,89.2,54.8,73,3,62,-1835,2.53,99,0,"Normal",0
2025-10-29 06:50:00,"IIOT_1","Sensor","MQTT",126,2327,0.073,33.8,78.9,33.4,148,9,6,1323,2.33,108,0,"MITM",1
2025-10-29 06:55:00,"IIOT_1","Controller","MQTT",121,2479,0.028,22.2,76.9,58.4,141,8,-5,152,3.46,114.6,0,"Normal",0
2025-10-29 07:00:00,"IIOT_1","Actuator","MQTT",79,2848,0.016,35.3,59,78.9,110,2,-42,369,1.67,120,0,"MITM",1
2025-10-29 07:05:00,"IIOT_10","Actuator","MQTT",161,3323,0.053,33.3,69.5,70.1,33,7,82,475,2.09,101,0,"Data Injection",1
2025-10-29 07:10:00,"IIOT_9","Sensor","Modbus",143,2056,0.052,27.4,38.6,61.7,82,7,-18,-1267,1.41,102.8,0,"Normal",0
2025-10-29 07:15:00,"IIOT_2","Sensor","Modbus",113,1645,0.082,28.2,28.8,54.9,58,10,-30,-411,1.02,84.8,0,"Normal",0
2025-10-29 07:20:00,"IIOT_5","Sensor","Modbus",166,1567,0.033,36,89.7,81.2,15,5,53,-78,2.49,59.6,0,"Normal",0
2025-10-29 07:25:00,"IIOT_1","Actuator","Modbus",181,2749,0.062,25.9,32.6,73.3,41,9,15,1182,1.26,45.8,0,"MITM",1
2025-10-29 07:30:00,"IIOT_10","Sensor","MQTT",143,2630,0.001,35.8,52.3,48.5,83,2,-38,-119,1.46,55.8,0,"Normal",0
2025-10-29 07:35:00,"IIOT_4","Sensor","MQTT",108,2556,0.078,21.3,41.3,63.9,127,6,-35,-74,1.94,64.8,0,"Normal",0
2025-10-29 07:40:00,"IIOT_9","Sensor","Modbus",142,1761,0.008,33.3,56,63.8,56,6,34,-795,1.68,64.4,0,"Normal",0
2025-10-29 07:45:00,"IIOT_5","Sensor","Modbus",114,1711,0.059,30.8,23.8,76.7,98,5,-28,-50,0.77,81,0,"Normal",0
2025-10-29 07:50:00,"IIOT_8","Controller","MQTT",69,2568,0.044,28.6,25.5,60.1,171,9,-45,857,0.89,107,1,"Data Injection",1
2025-10-29 07:55:00,"IIOT_6","Sensor","HTTP",96,828,0.02,26.8,57.3,35.3,163,10,27,-1740,2.14,123,1,"Normal",0
2025-10-29 08:00:00,"IIOT_5","Controller","MQTT",116,3432,0.02,40.2,44.6,45.3,24,4,20,2604,1.11,102.4,0,"Normal",0
2025-10-29 08:05:00,"IIOT_3","Sensor","Modbus",132,1734,0.06,33.9,74.7,30.2,110,6,16,-1698,2.2,113.2,0,"Normal",0
2025-10-29 08:10:00,"IIOT_6","Controller","MQTT",157,2651,0.048,30.9,56.9,82.9,93,6,25,917,1.84,112.2,0,"Normal",0
2025-10-29 08:15:00,"IIOT_8","Controller","MQTT",113,681,0.035,32.8,32,31.5,38,7,-44,-1970,0.98,85.6,0,"Normal",0
2025-10-29 08:20:00,"IIOT_8","Controller","HTTP",114,2393,0.047,28.5,70.7,58.6,25,4,1,1712,2.48,58,0,"Normal",0
2025-10-29 08:25:00,"IIOT_1","Actuator","Modbus",130,1996,0.032,31.1,74.1,47.2,171,10,16,-397,2.38,87.4,1,"Normal",0
2025-10-29 08:30:00,"IIOT_10","Sensor","MQTT",84,2405,0.034,25,35.9,73.7,135,5,-46,409,1.44,92.4,0,"Normal",0
2025-10-29 08:35:00,"IIOT_8","Controller","MQTT",150,1427,0.039,27.4,28,32.4,195,7,66,-978,1.02,112.8,1,"Normal",0
2025-10-29 08:40:00,"IIOT_8","Sensor","HTTP",138,2780,0.09,34.7,52.4,41,90,6,-12,1353,1.51,123.2,0,"DoS",1
2025-10-29 08:45:00,"IIOT_8","Sensor","HTTP",116,1615,0.092,31.1,45.1,52.3,83,7,-22,-1165,1.45,134.8,0,"DoS",1
2025-10-29 08:50:00,"IIOT_5","Sensor","MQTT",101,887,0.091,30.1,41.6,79,138,2,-15,-728,1.38,128.2,0,"Normal",0
2025-10-29 08:55:00,"IIOT_9","Actuator","MQTT",153,837,0.005,37.5,42.1,36.9,76,9,52,-50,1.12,116.4,0,"Normal",0
2025-10-29 09:00:00,"IIOT_7","Actuator","MQTT",131,2007,0.046,34.4,62.9,44.4,111,4,-22,1170,1.83,99.6,0,"Normal",0
2025-10-29 09:05:00,"IIOT_10","Controller","MQTT",171,1276,0.083,28.2,26.4,44.4,114,6,40,-731,0.94,104.4,0,"Normal",0
2025-10-29 09:10:00,"IIOT_3","Sensor","MQTT",85,1947,0.052,33.1,59.9,60.4,131,5,-86,671,1.81,114,0,"Normal",0
2025-10-29 09:15:00,"IIOT_2","Actuator","HTTP",68,2676,0.035,32.4,80.7,56.7,78,4,-17,729,2.49,102,0,"DoS",1
2025-10-29 09:20:00,"IIOT_3","Actuator","Modbus",145,1765,0.099,28.5,34.1,66.6,118,4,77,-911,1.2,110.4,0,"DoS",1
2025-10-29 09:25:00,"IIOT_4","Actuator","Modbus",106,1959,0.094,30.1,27.9,42.4,105,7,-39,194,0.93,109.2,0,"Normal",0
2025-10-29 09:30:00,"IIOT_7","Sensor","MQTT",177,2278,0.039,34.3,24.3,77.4,86,5,71,319,0.71,103.6,0,"DoS",1
2025-10-29 09:35:00,"IIOT_7","Actuator","Modbus",127,2337,0.029,25.4,85.5,64.8,91,9,-50,59,3.37,95.6,0,"DoS",1
2025-10-29 09:40:00,"IIOT_9","Sensor","MQTT",85,2287,0.001,31.7,49.9,34.7,70,6,-42,-50,1.57,94,0,"Normal",0
2025-10-29 09:45:00,"IIOT_3","Actuator","MQTT",85,3004,0.056,21.3,20.5,64.5,127,4,0,717,0.96,95.8,0,"Normal",0
2025-10-29 09:50:00,"IIOT_10","Sensor","Modbus",149,1355,0.014,23.1,48.4,33.8,114,5,64,-1649,2.1,97.6,0,"Normal",0
2025-10-29 09:55:00,"IIOT_5","Actuator","MQTT",96,1317,0.08,29.7,39.9,55,155,4,-53,-38,1.34,111.4,1,"Normal",0
2025-10-29 10:00:00,"IIOT_2","Sensor","Modbus",118,1298,0,29.5,23.3,30.7,38,4,22,-19,0.79,100.8,0,"Normal",0
2025-10-29 10:05:00,"IIOT_1","Sensor","MQTT",64,1204,0.044,20.6,20.7,40.2,143,5,-54,-94,1,115.4,0,"Spoofing",1
2025-10-29 10:10:00,"IIOT_10","Sensor","MQTT",64,3092,0.031,25.3,67.2,40,57,4,0,1888,2.66,101.4,0,"DoS",1
2025-10-29 10:15:00,"IIOT_9","Sensor","Modbus",159,1387,0.069,30.4,56.9,45.1,67,7,95,-1705,1.87,92,0,"Normal",0
2025-10-29 10:20:00,"IIOT_5","Actuator","HTTP",89,1628,0.027,29.7,64.7,59.1,93,8,-70,241,2.18,79.6,0,"Normal",0
2025-10-29 10:25:00,"IIOT_3","Sensor","MQTT",151,1857,0.079,33.4,68.7,82.6,32,2,62,229,2.06,78.4,0,"Normal",0
2025-10-29 10:30:00,"IIOT_5","Sensor","HTTP",20,2660,0.056,28.8,38.2,70.3,56,1,-131,803,1.33,61,0,"Data Injection",1
2025-10-29 10:35:00,"IIOT_5","Sensor","Modbus",183,2702,0.085,29.9,30,54.2,112,4,163,42,1,72,0,"Normal",0
2025-10-29 10:40:00,"IIOT_8","Actuator","MQTT",109,699,0.031,34.3,62.1,45.2,111,3,-74,-2003,1.81,80.8,0,"MITM",1
2025-10-29 10:45:00,"IIOT_6","Sensor","Modbus",132,2713,0.089,27.9,60.8,47.7,108,10,23,2014,2.18,83.8,0,"Normal",0
2025-10-29 10:50:00,"IIOT_5","Sensor","MQTT",117,1691,0.045,29.1,61,67.5,145,9,-15,-1022,2.1,106.4,0,"Normal",0
2025-10-29 10:55:00,"IIOT_4","Sensor","MQTT",204,2565,0.039,35,36.4,70.2,109,3,87,874,1.04,117,0,"DoS",1
2025-10-29 11:00:00,"IIOT_5","Actuator","HTTP",71,1451,0.001,26.4,71.7,62.8,120,1,-133,-1114,2.72,118.6,0,"Normal",0
2025-10-29 11:05:00,"IIOT_8","Actuator","Modbus",84,1772,0.082,24.3,88,77.9,187,9,13,321,3.62,133.8,1,"Normal",0
2025-10-29 11:10:00,"IIOT_10","Sensor","Modbus",100,2304,0.042,23.9,74.3,82,131,3,16,532,3.11,138.4,0,"Normal",0
2025-10-29 11:15:00,"IIOT_2","Actuator","MQTT",90,1741,0.012,35,78.4,42.9,127,8,-10,-563,2.24,134.8,0,"Normal",0
2025-10-29 11:20:00,"IIOT_7","Sensor","HTTP",104,1847,0.033,32.4,70.1,75,90,1,14,106,2.16,131,0,"DoS",1
2025-10-29 11:25:00,"IIOT_10","Sensor","HTTP",120,3121,0.031,33.6,41.1,52.6,52,7,16,1274,1.22,117.4,0,"Normal",0
2025-10-29 11:30:00,"IIOT_9","Sensor","Modbus",114,654,0.027,27.6,44,50.3,173,5,-6,-2467,1.59,114.6,1,"Normal",0
2025-10-29 11:35:00,"IIOT_4","Sensor","Modbus",116,972,0.055,23.7,61.6,40.6,139,3,2,318,2.6,116.2,0,"Normal",0
2025-10-29 11:40:00,"IIOT_2","Sensor","HTTP",120,2508,0.084,25.3,22.6,66.3,87,6,4,1536,0.89,108.2,0,"Normal",0
2025-10-29 11:45:00,"IIOT_1","Actuator","Modbus",82,2435,0.073,34.2,54,31.9,88,4,-38,-73,1.58,107.8,0,"Normal",0
2025-10-29 11:50:00,"IIOT_4","Sensor","Modbus",163,4078,0.013,19.7,71.9,58.8,114,8,81,1643,3.65,120.2,0,"Normal",0
2025-10-29 11:55:00,"IIOT_1","Actuator","Modbus",170,1152,0.081,25.4,34.3,75.9,56,1,7,-2926,1.35,96.8,0,"Normal",0
2025-10-29 12:00:00,"IIOT_1","Controller","HTTP",53,1774,0.095,31.2,80,66.3,84,9,-117,622,2.56,85.8,0,"Normal",0
2025-10-29 12:05:00,"IIOT_1","Actuator","Modbus",142,2561,0.07,34.5,51.9,79.7,128,1,89,787,1.5,94,0,"Normal",0
2025-10-29 12:10:00,"IIOT_1","Sensor","MQTT",203,1725,0.004,29.5,59,68.6,122,3,61,-836,2,100.8,0,"Normal",0
2025-10-29 12:15:00,"IIOT_10","Sensor","Modbus",116,1840,0.018,35.7,61.6,58.1,91,7,-87,115,1.73,96.2,0,"Normal",0
2025-10-29 12:20:00,"IIOT_3","Sensor","HTTP",182,1734,0.027,24.9,31.8,81.3,160,10,66,-106,1.28,117,1,"Normal",0
2025-10-29 12:25:00,"IIOT_1","Controller","MQTT",114,957,0.015,35.3,40.6,68,95,3,-68,-777,1.15,119.2,0,"Normal",0
2025-10-29 12:30:00,"IIOT_4","Sensor","HTTP",85,2121,0.073,30.8,72.6,32.7,202,7,-29,1164,2.36,134,1,"DoS",1
2025-10-29 12:35:00,"IIOT_9","Actuator","MQTT",116,2140,0.064,28.8,40.3,36.6,62,3,31,19,1.4,122,0,"Spoofing",1
2025-10-29 12:40:00,"IIOT_7","Actuator","Modbus",148,2154,0.027,28.3,75.3,55.4,123,8,32,14,2.66,128.4,0,"Normal",0
2025-10-29 12:45:00,"IIOT_10","Sensor","Modbus",148,2931,0.01,24.8,34.3,81.7,54,1,0,777,1.38,107.2,0,"Normal",0
2025-10-29 12:50:00,"IIOT_7","Actuator","Modbus",182,2974,0.001,32.8,36.1,34.2,165,5,34,43,1.1,121.2,1,"Normal",0
2025-10-29 12:55:00,"IIOT_3","Controller","Modbus",151,1576,0.019,28,43.7,54.5,116,10,-31,-1398,1.56,104,0,"DoS",1
2025-10-29 13:00:00,"IIOT_2","Sensor","MQTT",96,3690,0.054,31.6,47.6,48.8,143,4,-55,2114,1.51,120.2,0,"Normal",0
2025-10-29 13:05:00,"IIOT_5","Sensor","Modbus",127,2587,0.07,29.4,79.3,43.2,81,7,31,-1103,2.7,111.8,0,"Normal",0
2025-10-29 13:10:00,"IIOT_10","Sensor","Modbus",136,2953,0.003,30,49.9,66.4,143,2,9,366,1.66,129.6,0,"MITM",1
2025-10-29 13:15:00,"IIOT_5","Controller","HTTP",137,1484,0.074,29,83.6,69.1,178,7,1,-1469,2.88,132.2,1,"Normal",0
2025-10-29 13:20:00,"IIOT_4","Sensor","Modbus",196,886,0.062,28.1,35.4,30.2,92,6,59,-598,1.26,127.4,0,"Normal",0
2025-10-29 13:25:00,"IIOT_3","Actuator","MQTT",115,3156,0.039,28.2,89.7,40.4,121,7,-81,2270,3.18,123,0,"DoS",1
2025-10-29 13:30:00,"IIOT_8","Sensor","Modbus",129,2235,0.048,28,36.7,82.4,96,9,14,-921,1.31,126,0,"Normal",0
2025-10-29 13:35:00,"IIOT_8","Sensor","MQTT",183,3151,0.082,37.9,42.8,65.4,93,5,54,916,1.13,116,0,"MITM",1
2025-10-29 13:40:00,"IIOT_3","Controller","Modbus",79,2891,0.071,25.3,88.3,64.8,156,7,-104,-260,3.49,111.6,1,"Data Injection",1
2025-10-29 13:45:00,"IIOT_7","Actuator","Modbus",88,636,0.071,31.4,85.8,42,133,9,9,-2255,2.73,119.8,0,"Data Injection",1
2025-10-29 13:50:00,"IIOT_9","Sensor","Modbus",155,1771,0.082,29.2,54,52.2,82,6,67,1135,1.85,112,0,"Normal",0
2025-10-29 13:55:00,"IIOT_7","Controller","Modbus",90,1762,0.019,30,44.5,44.9,77,5,-65,-9,1.48,108.2,0,"Normal",0
2025-10-29 14:00:00,"IIOT_5","Actuator","Modbus",159,2246,0.015,42.3,72.2,64,59,2,69,484,1.71,101.4,0,"Normal",0
2025-10-29 14:05:00,"IIOT_4","Sensor","Modbus",68,2083,0.007,29.1,31.2,67.6,94,5,-91,-163,1.07,89,0,"Data Injection",1
2025-10-29 14:10:00,"IIOT_9","Actuator","HTTP",86,3096,0.074,29.8,75.2,79.6,93,4,18,1013,2.52,81,0,"Normal",0
2025-10-29 14:15:00,"IIOT_10","Sensor","Modbus",165,1871,0.083,29.9,54.1,77.2,50,7,79,-1225,1.81,74.6,0,"Normal",0
2025-10-29 14:20:00,"IIOT_10","Sensor","Modbus",108,3422,0.021,27,52.9,66.3,90,2,-57,1551,1.96,77.2,0,"Normal",0
2025-10-29 14:25:00,"IIOT_3","Actuator","MQTT",98,1894,0.076,26.8,44.9,78.8,100,3,-10,-1528,1.68,85.4,0,"Normal",0
2025-10-29 14:30:00,"IIOT_7","Actuator","MQTT",66,2074,0.097,33.6,47.4,31.6,80,3,-32,180,1.41,82.6,0,"Normal",0
2025-10-29 14:35:00,"IIOT_6","Sensor","Modbus",82,1900,0.099,26.8,87.9,67.8,116,3,16,-174,3.28,87.2,0,"Normal",0
2025-10-29 14:40:00,"IIOT_1","Sensor","MQTT",126,869,0.034,27.6,54.7,83.2,68,3,44,-1031,1.98,90.8,0,"Data Injection",1
2025-10-29 14:45:00,"IIOT_10","Sensor","Modbus",83,1732,0.028,29.7,65.7,75.3,132,1,-43,863,2.21,99.2,0,"Normal",0
2025-10-29 14:50:00,"IIOT_4","Controller","Modbus",129,2842,0.069,36.2,65.2,68.8,47,8,46,1110,1.8,88.6,0,"Normal",0
2025-10-29 14:55:00,"IIOT_10","Sensor","MQTT",94,2461,0.069,27.4,23.3,38.2,78,8,-35,-381,0.85,88.2,0,"Normal",0
2025-10-29 15:00:00,"IIOT_4","Actuator","Modbus",110,3600,0.034,41.9,28,66.8,162,4,16,1139,0.67,97.4,1,"Spoofing",1
2025-10-29 15:05:00,"IIOT_4","Actuator","MQTT",207,1487,0.099,25.5,37.4,73.3,75,2,97,-2113,1.47,98.8,0,"Normal",0
2025-10-29 15:10:00,"IIOT_3","Controller","MQTT",65,996,0.027,33.8,57.6,70.6,70,1,-142,-491,1.7,86.4,0,"Normal",0
2025-10-29 15:15:00,"IIOT_2","Sensor","MQTT",140,2621,0.039,37.2,77.8,57.6,58,5,75,1625,2.09,88.6,0,"DoS",1
2025-10-29 15:20:00,"IIOT_3","Sensor","Modbus",82,1389,0.098,30.9,40.1,64.4,118,3,-58,-1232,1.3,96.6,0,"Normal",0
2025-10-29 15:25:00,"IIOT_3","Sensor","Modbus",87,2548,0.069,25.2,63.4,59.6,160,9,5,1159,2.52,96.2,1,"Normal",0
2025-10-29 15:30:00,"IIOT_4","Actuator","MQTT",136,2654,0.049,21,73.9,52.9,163,10,49,106,3.52,113.8,1,"Spoofing",1
2025-10-29 15:35:00,"IIOT_7","Sensor","Modbus",193,1279,0.002,31.4,70.3,55.2,117,8,57,-1375,2.24,123.2,0,"DoS",1
2025-10-29 15:40:00,"IIOT_6","Actuator","HTTP",152,1844,0.08,32.4,78.4,67.4,102,8,-41,565,2.42,132,0,"Normal",0
2025-10-29 15:45:00,"IIOT_10","Sensor","MQTT",161,2019,0.023,32.5,70.5,30.5,74,10,9,175,2.17,123.2,0,"Data Injection",1
2025-10-29 15:50:00,"IIOT_10","Controller","Modbus",151,1647,0.084,34.3,77.3,62,124,9,-10,-372,2.25,116,0,"Normal",0
2025-10-29 15:55:00,"IIOT_6","Actuator","MQTT",110,2641,0.075,32.4,70.5,60.3,95,10,-41,994,2.18,102.4,0,"Normal",0
2025-10-29 16:00:00,"IIOT_1","Controller","Modbus",147,2387,0.076,34.8,25.1,71,159,10,37,-254,0.72,110.8,1,"Normal",0
2025-10-29 16:05:00,"IIOT_10","Sensor","Modbus",138,1455,0.04,33.4,45.4,84.3,90,9,-9,-932,1.36,108.4,0,"Data Injection",1
2025-10-29 16:10:00,"IIOT_10","Sensor","MQTT",126,2919,0.043,38.8,68.2,34.8,120,4,-12,1464,1.76,117.6,0,"DoS",1
2025-10-29 16:15:00,"IIOT_3","Sensor","Modbus",49,3140,0.085,20.1,81.4,71.9,150,6,-77,221,4.05,122.8,0,"Normal",0
2025-10-29 16:20:00,"IIOT_5","Controller","HTTP",167,2771,0.07,34.5,75.9,38.4,88,8,118,-369,2.2,121.4,0,"Normal",0
2025-10-29 16:25:00,"IIOT_9","Controller","MQTT",142,1453,0.063,24.9,23.8,73.8,168,5,-25,-1318,0.96,123.2,1,"DoS",1
2025-10-29 16:30:00,"IIOT_10","Actuator","HTTP",106,3062,0.036,31.9,60.3,31.3,104,2,-36,1609,1.89,126,0,"Normal",0
2025-10-29 16:35:00,"IIOT_1","Sensor","HTTP",141,3826,0.03,29.3,20.5,32.6,133,1,35,764,0.7,128.6,0,"Normal",0
2025-10-29 16:40:00,"IIOT_1","Sensor","Modbus",78,1976,0.02,36.4,86.1,45.5,132,2,-63,-1850,2.37,125,0,"Normal",0
2025-10-29 16:45:00,"IIOT_1","Controller","MQTT",98,2218,0.023,33.9,21.6,50.4,101,8,20,242,0.64,127.6,0,"MITM",1
2025-10-29 16:50:00,"IIOT_4","Actuator","MQTT",-11,1037,0.088,32.1,66.2,33.5,138,9,-109,-1181,2.06,121.6,0,"Normal",0
2025-10-29 16:55:00,"IIOT_3","Actuator","Modbus",165,3244,0.035,33.4,71.4,49.5,103,7,176,2207,2.14,121.4,0,"Normal",0
2025-10-29 17:00:00,"IIOT_7","Sensor","HTTP",133,2464,0.017,29.6,50.8,35.4,45,9,-32,-780,1.72,103.8,0,"Normal",0
2025-10-29 17:05:00,"IIOT_3","Sensor","Modbus",129,3021,0.082,34.1,83.5,42.9,117,1,-4,557,2.45,100.8,0,"Normal",0
2025-10-29 17:10:00,"IIOT_7","Controller","Modbus",89,2218,0.03,29.7,44.2,56.8,120,3,-40,-803,1.49,104.6,0,"Normal",0
2025-10-29 17:15:00,"IIOT_1","Sensor","MQTT",52,2122,0.067,28.9,52.4,59.2,123,5,-37,-96,1.81,101.6,0,"DoS",1
2025-10-29 17:20:00,"IIOT_3","Controller","HTTP",171,2251,0.03,23.9,72.5,66,126,10,119,129,3.03,106.2,0,"Normal",0
2025-10-29 17:25:00,"IIOT_3","Sensor","MQTT",81,2686,0.078,25.5,48.3,46.3,141,7,-90,435,1.89,125.4,0,"Normal",0
2025-10-29 17:30:00,"IIOT_7","Actuator","Modbus",120,1194,0.037,30.2,28.1,52,125,4,39,-1492,0.93,127,0,"MITM",1
2025-10-29 17:35:00,"IIOT_6","Actuator","Modbus",87,1512,0.063,29.8,70.9,41.8,55,8,-33,318,2.38,114,0,"MITM",1
2025-10-29 17:40:00,"IIOT_1","Sensor","MQTT",105,1451,0.037,42.5,70.4,83.1,103,8,18,-61,1.66,110,0,"Normal",0
2025-10-29 17:45:00,"IIOT_6","Controller","MQTT",132,1620,0.001,30.6,44.3,56.9,84,7,27,169,1.45,101.6,0,"Normal",0
2025-10-29 17:50:00,"IIOT_6","Sensor","Modbus",135,2137,0.076,22.5,45.2,81.5,74,7,3,517,2.01,88.2,0,"Normal",0
2025-10-29 17:55:00,"IIOT_1","Sensor","MQTT",100,1454,0.081,33.1,78.1,49.4,124,3,-35,-683,2.36,88,0,"MITM",1
2025-10-29 18:00:00,"IIOT_4","Controller","Modbus",54,1981,0.055,26.3,76.3,30.6,151,2,-46,527,2.9,107.2,1,"Normal",0
2025-10-29 18:05:00,"IIOT_4","Controller","HTTP",56,3343,0.04,29.8,58.2,37,125,10,2,1362,1.95,111.6,0,"Normal",0
2025-10-29 18:10:00,"IIOT_8","Actuator","Modbus",127,2500,0.026,22.7,34.6,74.1,108,10,71,-843,1.52,116.4,0,"Normal",0
2025-10-29 18:15:00,"IIOT_9","Actuator","MQTT",131,1808,0.043,34.3,47.4,38.8,49,8,4,-692,1.38,111.4,0,"Normal",0
2025-10-29 18:20:00,"IIOT_4","Sensor","MQTT",107,2808,0.001,32.8,86.2,32.8,44,5,-24,1000,2.63,95.4,0,"Normal",0
2025-10-29 18:25:00,"IIOT_7","Sensor","Modbus",119,1736,0.095,34.2,27.4,84.2,48,6,12,-1072,0.8,74.8,0,"Normal",0
2025-10-29 18:30:00,"IIOT_4","Actuator","MQTT",158,1802,0.053,26.1,23.4,71.4,151,7,39,66,0.9,80,1,"Normal",0
2025-10-29 18:35:00,"IIOT_10","Controller","MQTT",116,2034,0.038,31.6,86.2,81,64,7,-42,232,2.73,71.2,0,"Normal",0
2025-10-29 18:40:00,"IIOT_7","Sensor","Modbus",177,1903,0.071,25.7,84.8,32.3,92,4,61,-131,3.3,79.8,0,"DoS",1
2025-10-29 18:45:00,"IIOT_1","Actuator","Modbus",154,3344,0.001,27.4,41.2,36.6,63,2,-23,1441,1.5,83.6,0,"Normal",0
2025-10-29 18:50:00,"IIOT_1","Sensor","MQTT",110,1817,0.033,29.6,80.8,79.2,9,5,-44,-1527,2.73,75.8,0,"Normal",0
2025-10-29 18:55:00,"IIOT_10","Sensor","HTTP",110,839,0.045,32.7,20.8,70.2,150,2,0,-978,0.64,75.6,0,"Normal",0
2025-10-29 19:00:00,"IIOT_7","Sensor","MQTT",131,2689,0.012,31.8,48.9,47,104,8,21,1850,1.54,83.6,0,"Data Injection",1
2025-10-29 19:05:00,"IIOT_3","Controller","Modbus",91,2354,0.005,39.2,41,52.8,113,2,-40,-335,1.05,87.8,0,"Data Injection",1
2025-10-29 19:10:00,"IIOT_8","Controller","MQTT",139,1972,0.012,26,72.8,47.2,84,6,48,-382,2.8,92,0,"Normal",0
2025-10-29 19:15:00,"IIOT_9","Controller","MQTT",181,2156,0.005,38.6,34.9,77.6,152,8,42,184,0.9,120.6,1,"Normal",0
2025-10-29 19:20:00,"IIOT_10","Actuator","Modbus",126,2965,0.093,29,30.9,58.6,136,10,-55,809,1.07,117.8,0,"Normal",0
2025-10-29 19:25:00,"IIOT_2","Sensor","MQTT",137,1916,0.024,34.4,21.2,35.4,74,7,11,-1049,0.62,111.8,0,"Normal",0
2025-10-29 19:30:00,"IIOT_2","Sensor","Modbus",142,2090,0.008,23.2,43.6,79.2,146,4,5,174,1.88,118.4,0,"Normal",0
2025-10-29 19:35:00,"IIOT_10","Sensor","Modbus",116,1008,0.066,41.3,75.7,38.8,227,4,-26,-1082,1.83,147,1,"Normal",0
2025-10-29 19:40:00,"IIOT_8","Sensor","MQTT",72,1405,0.001,26.3,84.8,56.4,52,8,-44,397,3.22,127,0,"DoS",1
2025-10-29 19:45:00,"IIOT_7","Actuator","MQTT",61,2285,0.063,27,66.3,77.7,119,2,-11,880,2.46,123.6,0,"DoS",1
2025-10-29 19:50:00,"IIOT_7","Actuator","MQTT",117,1723,0.098,29,36,39.6,24,4,56,-562,1.24,113.6,0,"Spoofing",1
2025-10-29 19:55:00,"IIOT_5","Controller","Modbus",123,2455,0.073,30.1,83.3,48.9,68,5,6,732,2.77,98,0,"Normal",0
2025-10-29 20:00:00,"IIOT_8","Sensor","MQTT",107,2025,0.064,26.2,38.2,69.3,104,6,-16,-430,1.46,73.4,0,"Normal",0
2025-10-29 20:05:00,"IIOT_7","Sensor","HTTP",134,2301,0.086,30.8,36.5,80,94,10,27,276,1.19,81.8,0,"Normal",0
2025-10-29 20:10:00,"IIOT_5","Sensor","MQTT",109,1702,0.054,30.1,45.7,59.3,79,7,-25,-599,1.52,73.8,0,"Normal",0
2025-10-29 20:15:00,"IIOT_6","Actuator","HTTP",126,2948,0.032,35.4,33.2,36.8,132,7,17,1246,0.94,95.4,0,"Normal",0
2025-10-29 20:20:00,"IIOT_5","Sensor","Modbus",95,3804,0.01,36.4,70,49.9,99,6,-31,856,1.92,101.6,0,"Normal",0
2025-10-29 20:25:00,"IIOT_1","Controller","Modbus",107,2116,0.039,30.6,21.5,57.4,168,5,12,-1688,0.7,114.4,1,"Normal",0
2025-10-29 20:30:00,"IIOT_5","Controller","HTTP",165,1025,0.05,27.4,89.5,34,78,2,58,-1091,3.27,111.2,0,"DoS",1
2025-10-29 20:35:00,"IIOT_7","Sensor","HTTP",144,1743,0.063,30.8,86.4,50.9,103,7,-21,718,2.81,116,0,"DoS",1
2025-10-29 20:40:00,"IIOT_5","Actuator","MQTT",54,1664,0.087,29.8,86,41.8,170,10,-90,-79,2.89,123.6,1,"Normal",0
2025-10-29 20:45:00,"IIOT_6","Sensor","MQTT",89,2293,0.084,19.1,79.1,35.5,77,1,35,629,4.14,119.2,0,"Data Injection",1
2025-10-29 20:50:00,"IIOT_5","Sensor","Modbus",137,2392,0.092,32.8,39.3,56,42,7,48,99,1.2,94,0,"MITM",1
2025-10-29 20:55:00,"IIOT_1","Sensor","Modbus",147,1621,0.02,30.6,38.3,82.5,53,6,10,-771,1.25,89,0,"Normal",0
2025-10-29 21:00:00,"IIOT_6","Actuator","Modbus",77,2678,0.065,27.2,70.6,41.7,23,5,-70,1057,2.6,73,0,"Data Injection",1
2025-10-29 21:05:00,"IIOT_4","Sensor","MQTT",189,2243,0.053,21.9,26.1,68.7,59,9,112,-435,1.19,50.8,0,"Normal",0
2025-10-29 21:10:00,"IIOT_5","Sensor","Modbus",61,2510,0.092,26,64.3,81,85,3,-128,267,2.47,52.4,0,"Normal",0
2025-10-29 21:15:00,"IIOT_2","Sensor","MQTT",73,2601,0.076,23.7,47.4,43.6,108,4,12,91,2,65.6,0,"Normal",0
2025-10-29 21:20:00,"IIOT_5","Actuator","Modbus",29,2259,0.018,37.8,50.6,50.5,125,3,-44,-342,1.34,80,0,"DoS",1
2025-10-29 21:25:00,"IIOT_3","Actuator","Modbus",111,2101,0.07,29.4,77.8,31.5,55,7,82,-158,2.65,86.4,0,"DoS",1
2025-10-29 21:30:00,"IIOT_1","Sensor","MQTT",88,1705,0.052,25.9,20.9,53.5,123,3,-23,-396,0.81,99.2,0,"Normal",0
2025-10-29 21:35:00,"IIOT_6","Sensor","MQTT",113,1651,0.048,33.5,71.2,52.4,104,7,25,-54,2.13,103,0,"Normal",0
2025-10-29 21:40:00,"IIOT_3","Controller","MQTT",147,1802,0.034,39.4,39.8,46.4,143,2,34,151,1.01,110,0,"Data Injection",1
2025-10-29 21:45:00,"IIOT_1","Sensor","HTTP",144,1822,0.082,38.7,80.2,70.9,149,5,-3,20,2.07,114.8,0,"Normal",0
2025-10-29 21:50:00,"IIOT_8","Sensor","MQTT",156,1635,0.083,34.5,67.3,41.6,51,10,12,-187,1.95,114,0,"Normal",0
2025-10-29 21:55:00,"IIOT_1","Actuator","MQTT",81,2499,0.069,29.8,26.5,49.1,110,2,-75,864,0.89,111.4,0,"MITM",1
2025-10-29 22:00:00,"IIOT_3","Sensor","MQTT",73,1664,0.037,26.1,82.5,38.9,63,3,-8,-835,3.16,103.2,0,"Normal",0
2025-10-29 22:05:00,"IIOT_1","Sensor","MQTT",25,2462,0.057,38.3,87.8,47.7,62,6,-48,798,2.29,87,0,"Normal",0
2025-10-29 22:10:00,"IIOT_2","Actuator","HTTP",73,2851,0.036,34.3,89.8,43.9,182,7,48,389,2.62,93.6,1,"Normal",0
2025-10-29 22:15:00,"IIOT_6","Sensor","MQTT",238,1660,0.012,30.1,84.1,64.4,98,7,165,-1191,2.79,103,0,"DoS",1
2025-10-29 22:20:00,"IIOT_7","Actuator","Modbus",199,2596,0.032,28,55,73,55,10,-39,936,1.96,92,0,"Normal",0
2025-10-29 22:25:00,"IIOT_6","Sensor","Modbus",77,1110,0.078,33.9,49.9,80.3,182,5,-122,-1486,1.47,115.8,1,"Spoofing",1
2025-10-29 22:30:00,"IIOT_6","Actuator","Modbus",183,2911,0.033,25.4,78.6,80.6,60,7,106,1801,3.09,115.4,0,"Normal",0
2025-10-29 22:35:00,"IIOT_7","Sensor","MQTT",62,2513,0.024,32.1,67.9,76.8,144,2,-121,-398,2.12,107.8,0,"Normal",0
2025-10-29 22:40:00,"IIOT_6","Controller","MQTT",126,2036,0.039,40.5,37.4,43.4,90,5,64,-477,0.92,106.2,0,"Normal",0
2025-10-29 22:45:00,"IIOT_1","Sensor","MQTT",138,1934,0.093,33.8,73.9,52.4,72,6,12,-102,2.19,109.6,0,"Normal",0
2025-10-29 22:50:00,"IIOT_3","Actuator","MQTT",202,1913,0.098,28.5,23.7,33.5,112,7,64,-21,0.83,95.6,0,"Normal",0
2025-10-29 22:55:00,"IIOT_3","Actuator","MQTT",129,1701,0.027,25,21.7,82.9,179,3,-73,-212,0.87,119.4,1,"Normal",0
2025-10-29 23:00:00,"IIOT_9","Sensor","Modbus",123,2632,0.04,33.9,70.5,34.3,122,3,-6,931,2.08,115,0,"Normal",0
2025-10-29 23:05:00,"IIOT_9","Controller","Modbus",66,2135,0.074,36.7,57.8,51,145,1,-57,-497,1.57,126,0,"MITM",1
2025-10-29 23:10:00,"IIOT_8","Sensor","MQTT",154,1969,0.015,28.7,86.2,52.9,54,5,88,-166,3,122.4,0,"Normal",0
2025-10-29 23:15:00,"IIOT_6","Actuator","Modbus",166,2874,0.079,26,58.9,83.8,122,5,12,905,2.27,124.4,0,"Normal",0
2025-10-29 23:20:00,"IIOT_9","Sensor","Modbus",81,1675,0.087,35.8,88.8,78.7,109,2,-85,-1199,2.48,110.4,0,"Normal",0
2025-10-29 23:25:00,"IIOT_7","Sensor","Modbus",111,2158,0.079,39.5,52.9,36.3,38,9,30,483,1.34,93.6,0,"Normal",0
2025-10-29 23:30:00,"IIOT_5","Actuator","HTTP",66,2018,0.039,30,82.6,37,128,2,-45,-140,2.75,90.2,0,"MITM",1
2025-10-29 23:35:00,"IIOT_8","Actuator","MQTT",123,2828,0.068,36.1,80.8,67.2,86,8,57,810,2.24,96.6,0,"Normal",0
2025-10-29 23:40:00,"IIOT_3","Sensor","Modbus",135,1340,0.003,29.3,24.2,52.1,110,3,12,-1488,0.83,94.2,0,"Normal",0
2025-10-29 23:45:00,"IIOT_3","Sensor","MQTT",111,1474,0.1,29.7,26.8,42.7,84,9,-24,134,0.9,89.2,0,"DoS",1
2025-10-29 23:50:00,"IIOT_1","Sensor","MQTT",75,1211,0.052,34.3,88.9,62.6,61,9,-36,-263,2.59,93.8,0,"Normal",0
2025-10-29 23:55:00,"IIOT_9","Actuator","HTTP",138,3047,0.057,31.2,70.4,41.7,50,6,63,1836,2.26,78.2,0,"Normal",0
2025-10-30,"IIOT_1","Sensor","MQTT",95,765,0.067,22.3,57.2,56.1,18,9,-43,-2282,2.57,64.6,0,"Normal",0
2025-10-30 00:05:00,"IIOT_10","Sensor","MQTT",141,2466,0.089,37.4,32.5,34,165,6,46,1701,0.87,75.6,1,"Normal",0
2025-10-30 00:10:00,"IIOT_9","Sensor","Modbus",171,1844,0.094,28,54.5,55.8,19,1,30,-622,1.95,62.6,0,"Normal",0
2025-10-30 00:15:00,"IIOT_1","Sensor","MQTT",111,1436,0.014,29.8,79,68.3,156,5,-60,-408,2.65,81.6,1,"Normal",0
2025-10-30 00:20:00,"IIOT_7","Controller","HTTP",186,1378,0.003,25.7,82.7,75.2,23,6,75,-58,3.22,76.2,0,"Normal",0
2025-10-30 00:25:00,"IIOT_5","Actuator","MQTT",86,3167,0.075,38.7,60.7,77.1,177,2,-100,1789,1.57,108,1,"Normal",0
2025-10-30 00:30:00,"IIOT_5","Actuator","MQTT",130,1382,0.013,26.9,73,77.5,138,7,44,-1785,2.71,102.6,0,"Normal",0
2025-10-30 00:35:00,"IIOT_5","Actuator","Modbus",87,1607,0.06,25.5,20.2,41.5,142,6,-43,225,0.79,127.2,0,"MITM",1
2025-10-30 00:40:00,"IIOT_5","Sensor","MQTT",174,918,0.068,18.7,79.5,44,61,3,87,-689,4.25,108.2,0,"Normal",0
2025-10-30 00:45:00,"IIOT_5","Sensor","Modbus",78,1879,0.065,39.6,83.3,72.4,32,6,-96,961,2.1,110,0,"MITM",1
2025-10-30 00:50:00,"IIOT_8","Actuator","MQTT",72,1640,0.052,40.5,86.1,47.1,123,9,-6,-239,2.13,99.2,0,"Normal",0
2025-10-30 00:55:00,"IIOT_3","Sensor","Modbus",90,1380,0.027,33.3,54.1,74.1,129,1,18,-260,1.62,97.4,0,"DoS",1
2025-10-30 01:00:00,"IIOT_10","Controller","Modbus",116,3134,0.08,30.6,46.9,67.1,102,8,26,1754,1.53,89.4,0,"Normal",0
2025-10-30 01:05:00,"IIOT_10","Controller","HTTP",137,1385,0.043,29.4,44.7,41.9,101,3,21,-1749,1.52,97.4,0,"Normal",0
2025-10-30 01:10:00,"IIOT_2","Sensor","Modbus",159,2367,0.006,19.9,40.3,43.2,94,5,22,982,2.03,109.8,0,"Normal",0
2025-10-30 01:15:00,"IIOT_4","Actuator","MQTT",23,807,0.029,23.7,23.5,60.2,69,8,-136,-1560,0.99,99,0,"Normal",0
2025-10-30 01:20:00,"IIOT_7","Controller","MQTT",86,1567,0.006,19.6,65.9,78.7,155,3,63,760,3.36,104.2,1,"Data Injection",1
2025-10-30 01:25:00,"IIOT_3","Controller","Modbus",139,2287,0.098,30.6,62.6,63.5,115,5,53,720,2.05,106.8,0,"Normal",0
2025-10-30 01:30:00,"IIOT_10","Sensor","MQTT",59,1081,0.053,26.6,54.2,68,98,3,-80,-1206,2.04,106.2,0,"Normal",0
2025-10-30 01:35:00,"IIOT_10","Controller","MQTT",118,2842,0.053,23.6,39.9,55.7,98,3,59,1761,1.69,107,0,"Normal",0
2025-10-30 01:40:00,"IIOT_1","Actuator","MQTT",184,1503,0.03,31.1,52.7,34.6,125,10,66,-1339,1.69,118.2,0,"Spoofing",1
2025-10-30 01:45:00,"IIOT_9","Sensor","HTTP",167,1804,0.066,23.8,43.5,74.2,162,3,-17,301,1.83,119.6,1,"Normal",0
2025-10-30 01:50:00,"IIOT_3","Actuator","HTTP",170,2380,0.014,31.9,22.4,52.3,135,8,3,576,0.7,123.6,0,"DoS",1
2025-10-30 01:55:00,"IIOT_8","Sensor","HTTP",181,2345,0.036,32.1,38.3,82.6,137,6,11,-35,1.19,131.4,0,"MITM",1
2025-10-30 02:00:00,"IIOT_1","Sensor","Modbus",197,2317,0.022,39.8,64.6,72.2,100,2,16,-28,1.62,131.8,0,"Normal",0
2025-10-30 02:05:00,"IIOT_9","Sensor","HTTP",19,1439,0.078,36.8,79.9,72,81,9,-178,-878,2.17,123,0,"Spoofing",1
2025-10-30 02:10:00,"IIOT_7","Sensor","Modbus",148,2141,0.051,31.1,37.3,54.3,44,8,129,702,1.2,99.4,0,"MITM",1
2025-10-30 02:15:00,"IIOT_9","Sensor","Modbus",74,2746,0.074,23.3,62.7,45.8,80,10,-74,605,2.69,88.4,0,"Normal",0
2025-10-30 02:20:00,"IIOT_2","Sensor","MQTT",118,175,0.058,32.8,45.4,35.4,156,8,44,-2571,1.38,92.2,1,"Normal",0
2025-10-30 02:25:00,"IIOT_5","Controller","MQTT",188,1177,0.041,26.1,87.5,33.9,99,2,70,1002,3.35,92,0,"MITM",1
2025-10-30 02:30:00,"IIOT_2","Actuator","MQTT",100,2304,0.067,35.4,49.1,55.3,40,9,-88,1127,1.39,83.8,0,"Normal",0
2025-10-30 02:35:00,"IIOT_6","Sensor","Modbus",120,2093,0.032,25.1,89.4,83.5,68,9,20,-211,3.56,88.6,0,"DoS",1
2025-10-30 02:40:00,"IIOT_9","Controller","MQTT",90,1578,0.094,31.8,70,39.4,55,3,-30,-515,2.2,83.6,0,"DoS",1
2025-10-30 02:45:00,"IIOT_9","Controller","MQTT",137,1260,0.012,28.8,70.1,47.4,156,6,47,-318,2.43,83.6,1,"Data Injection",1
2025-10-30 02:50:00,"IIOT_3","Sensor","Modbus",125,1928,0.077,32.3,44.6,43.9,107,7,-12,668,1.38,85.2,0,"Normal",0
2025-10-30 02:55:00,"IIOT_8","Sensor","MQTT",145,2384,0.094,31.8,53.9,43.9,96,3,20,456,1.69,96.4,0,"Normal",0
2025-10-30 03:00:00,"IIOT_10","Sensor","Modbus",99,2691,0.08,25.6,42.9,51.2,135,2,-46,307,1.68,109.8,0,"Normal",0
2025-10-30 03:05:00,"IIOT_9","Controller","MQTT",132,2198,0.034,31.7,24.2,55.2,95,8,33,-493,0.76,117.8,0,"Normal",0
2025-10-30 03:10:00,"IIOT_1","Sensor","MQTT",127,2248,0.007,24.8,70.1,53.1,2,8,-5,50,2.83,87,0,"MITM",1
2025-10-30 03:15:00,"IIOT_3","Actuator","Modbus",66,1214,0.065,30.7,41.4,56.5,111,6,-61,-1034,1.35,87.8,0,"Normal",0
2025-10-30 03:20:00,"IIOT_8","Sensor","Modbus",92,1288,0.064,35,81.7,47.3,202,5,26,74,2.33,109,1,"Normal",0
2025-10-30 03:25:00,"IIOT_6","Actuator","Modbus",110,1659,0.013,30,75.5,32.5,83,9,18,371,2.52,98.6,0,"Normal",0
2025-10-30 03:30:00,"IIOT_4","Sensor","MQTT",189,1814,0.022,26.2,28.1,31,156,5,79,155,1.07,110.8,1,"DoS",1
2025-10-30 03:35:00,"IIOT_7","Sensor","Modbus",169,944,0.046,25.8,69.9,67.7,112,3,-20,-870,2.71,132.8,0,"Spoofing",1
2025-10-30 03:40:00,"IIOT_6","Sensor","MQTT",113,1866,0.019,26.7,71.7,80.2,125,10,-56,922,2.69,135.6,0,"Normal",0
2025-10-30 03:45:00,"IIOT_4","Sensor","MQTT",122,1902,0.004,34.7,80.2,74.1,143,9,9,36,2.31,123.8,0,"DoS",1
2025-10-30 03:50:00,"IIOT_5","Sensor","HTTP",113,2033,0.069,24.8,59.3,84.9,137,7,-9,131,2.39,134.6,0,"MITM",1
2025-10-30 03:55:00,"IIOT_4","Controller","MQTT",120,1954,0.026,26.6,42,49.9,65,4,7,-79,1.58,116.4,0,"Normal",0
2025-10-30 04:00:00,"IIOT_4","Controller","HTTP",108,1826,0.038,27.4,76.1,31.5,88,5,-12,-128,2.78,111.6,0,"MITM",1
2025-10-30 04:05:00,"IIOT_1","Sensor","HTTP",112,2289,0.066,34.8,60.7,63.9,75,4,4,463,1.74,101.6,0,"Normal",0
2025-10-30 04:10:00,"IIOT_9","Sensor","MQTT",50,2814,0.01,29.8,82.4,62.6,96,3,-62,525,2.77,92.2,0,"Normal",0
2025-10-30 04:15:00,"IIOT_9","Sensor","HTTP",72,1367,0.092,26.8,69.9,74.6,88,2,22,-1447,2.61,82.4,0,"Normal",0
2025-10-30 04:20:00,"IIOT_6","Sensor","Modbus",125,1330,0.046,25.1,33.5,48.9,126,6,53,-37,1.33,94.6,0,"Normal",0
2025-10-30 04:25:00,"IIOT_9","Sensor","Modbus",132,1966,0.014,28.2,30,58.2,80,4,7,636,1.06,93,0,"Data Injection",1
2025-10-30 04:30:00,"IIOT_2","Sensor","Modbus",124,775,0.096,34.9,42.4,72,97,8,-8,-1191,1.21,97.4,0,"MITM",1
2025-10-30 04:35:00,"IIOT_9","Sensor","Modbus",181,1544,0.09,35.5,57.3,84.1,98,5,57,769,1.61,97.8,0,"Data Injection",1
2025-10-30 04:40:00,"IIOT_8","Controller","MQTT",72,2195,0.083,21.7,85,66.9,83,5,-109,651,3.92,96.8,0,"MITM",1
2025-10-30 04:45:00,"IIOT_2","Sensor","HTTP",128,1093,0.058,32.5,43.5,65.6,149,6,56,-1102,1.34,101.4,0,"Normal",0
2025-10-30 04:50:00,"IIOT_10","Controller","MQTT",94,2030,0.001,14.4,28.6,77,105,5,-34,937,1.99,106.4,0,"Normal",0
2025-10-30 04:55:00,"IIOT_7","Actuator","Modbus",135,2200,0.055,41.6,64.2,56,68,5,41,170,1.54,100.6,0,"Normal",0
2025-10-30 05:00:00,"IIOT_8","Sensor","MQTT",139,1636,0.097,28.4,35.5,37.5,147,9,4,-564,1.25,110.4,0,"Normal",0
2025-10-30 05:05:00,"IIOT_2","Controller","HTTP",119,1461,0.042,31,48.9,81.1,90,3,-20,-175,1.58,111.8,0,"Normal",0
2025-10-30 05:10:00,"IIOT_2","Controller","HTTP",102,3042,0.029,37,88.8,52.4,60,8,-17,1581,2.4,94,0,"Normal",0
2025-10-30 05:15:00,"IIOT_7","Controller","Modbus",62,2924,0.039,32.2,32.5,60.5,170,6,-40,-118,1.01,107,1,"Normal",0
2025-10-30 05:20:00,"IIOT_4","Controller","Modbus",131,1238,0.046,37.2,42.6,35.7,101,10,69,-1686,1.15,113.6,0,"MITM",1
2025-10-30 05:25:00,"IIOT_5","Controller","Modbus",189,1816,0.075,29.5,25.1,51.3,46,5,58,578,0.85,93.4,0,"Data Injection",1
2025-10-30 05:30:00,"IIOT_5","Actuator","Modbus",109,2220,0.011,24.9,42.9,61.9,161,6,-80,404,1.72,107.6,1,"Normal",0
2025-10-30 05:35:00,"IIOT_1","Controller","MQTT",122,2257,0.033,27.2,62.2,33,114,8,13,37,2.29,118.4,0,"Normal",0
2025-10-30 05:40:00,"IIOT_4","Actuator","Modbus",201,2340,0.069,34.4,84.9,59.3,99,2,79,83,2.47,104.2,0,"DoS",1
2025-10-30 05:45:00,"IIOT_7","Controller","MQTT",73,1187,0.023,30.1,65.1,72.5,140,4,-128,-1153,2.16,112,0,"Normal",0
2025-10-30 05:50:00,"IIOT_7","Sensor","Modbus",133,3360,0.072,33.9,70.5,65,184,2,60,2173,2.08,139.6,1,"DoS",1
2025-10-30 05:55:00,"IIOT_5","Sensor","Modbus",125,2359,0.096,23.8,66.8,38.7,130,6,-8,-1001,2.81,133.4,0,"Normal",0
2025-10-30 06:00:00,"IIOT_2","Sensor","HTTP",123,2176,0.058,26.6,80.1,68.3,124,7,-2,-183,3.01,135.4,0,"MITM",1
2025-10-30 06:05:00,"IIOT_4","Sensor","MQTT",171,1086,0.086,29.4,31.5,78.7,75,6,48,-1090,1.07,130.6,0,"DoS",1
2025-10-30 06:10:00,"IIOT_7","Sensor","Modbus",118,2035,0.088,30.8,70.2,43,156,8,-53,949,2.28,133.8,1,"DoS",1
2025-10-30 06:15:00,"IIOT_6","Controller","MQTT",120,1407,0.03,37.5,65.1,43,158,7,2,-628,1.74,128.6,1,"Spoofing",1
2025-10-30 06:20:00,"IIOT_2","Sensor","MQTT",122,2420,0.018,39.3,65.5,54.9,97,4,2,1013,1.67,122,0,"MITM",1
2025-10-30 06:25:00,"IIOT_7","Sensor","MQTT",143,2025,0.034,23.8,23.3,68.9,112,2,21,-395,0.98,119.6,0,"Normal",0
2025-10-30 06:30:00,"IIOT_7","Actuator","MQTT",155,1326,0.044,37.2,86.3,36.5,81,4,12,-699,2.32,120.8,0,"MITM",1
2025-10-30 06:35:00,"IIOT_10","Controller","MQTT",230,1722,0.045,39.1,44.7,52.7,89,2,75,396,1.14,107.4,0,"Normal",0
2025-10-30 06:40:00,"IIOT_5","Sensor","MQTT",54,1639,0.015,27.5,77.5,47.4,122,6,-176,-83,2.82,100.2,0,"MITM",1
2025-10-30 06:45:00,"IIOT_8","Sensor","Modbus",150,2433,0.074,35,33.3,55.6,48,6,96,794,0.95,90.4,0,"Normal",0
2025-10-30 06:50:00,"IIOT_6","Sensor","MQTT",191,1975,0.083,36.7,84.8,39.6,97,4,41,-458,2.31,87.4,0,"DoS",1
2025-10-30 06:55:00,"IIOT_2","Sensor","HTTP",93,2257,0.065,33,55.4,80.4,108,8,-98,282,1.68,92.8,0,"Normal",0
2025-10-30 07:00:00,"IIOT_3","Sensor","Modbus",88,1522,0.036,34.7,70.4,62.2,103,10,-5,-735,2.03,95.6,0,"DoS",1
2025-10-30 07:05:00,"IIOT_9","Sensor","Modbus",95,2102,0.026,29.8,64.7,45.1,174,6,7,580,2.17,106,1,"Normal",0
2025-10-30 07:10:00,"IIOT_3","Sensor","MQTT",40,2621,0.022,34,74.2,62.5,53,2,-55,519,2.18,107,0,"Normal",0
2025-10-30 07:15:00,"IIOT_9","Actuator","Modbus",151,2622,0.1,35.6,54.8,53.7,82,2,111,1,1.54,104,0,"Normal",0
2025-10-30 07:20:00,"IIOT_5","Sensor","Modbus",145,2207,0.052,28.7,30.5,43.1,116,9,-6,-415,1.06,105.6,0,"Normal",0
2025-10-30 07:25:00,"IIOT_5","Sensor","Modbus",134,404,0.092,32,66.2,56.3,68,3,-11,-1803,2.07,98.6,0,"Normal",0
2025-10-30 07:30:00,"IIOT_3","Controller","HTTP",88,1033,0.04,31.2,72.3,39.3,95,5,-46,629,2.32,82.8,0,"Normal",0
2025-10-30 07:35:00,"IIOT_8","Sensor","Modbus",195,1779,0.013,34,61.7,57.4,127,2,107,746,1.81,97.6,0,"Normal",0
2025-10-30 07:40:00,"IIOT_2","Actuator","Modbus",172,1153,0.05,32,37.5,61.5,111,4,-23,-626,1.17,103.4,0,"DoS",1
2025-10-30 07:45:00,"IIOT_1","Actuator","MQTT",153,1130,0.074,32.8,32.5,38,112,10,-19,-23,0.99,102.6,0,"DoS",1
2025-10-30 07:50:00,"IIOT_3","Sensor","MQTT",161,2036,0.044,28.6,60.2,67.6,152,7,8,906,2.1,119.4,1,"Normal",0
2025-10-30 07:55:00,"IIOT_7","Sensor","HTTP",73,1602,0.078,27.3,46.1,63.9,92,10,-88,-434,1.69,118.8,0,"DoS",1
2025-10-30 08:00:00,"IIOT_1","Actuator","Modbus",122,1891,0.028,31.7,36.2,44.2,81,5,49,289,1.14,109.6,0,"Normal",0
2025-10-30 08:05:00,"IIOT_8","Sensor","MQTT",126,251,0.094,29.7,65.7,82.1,116,7,4,-1640,2.21,110.6,0,"Normal",0
2025-10-30 08:10:00,"IIOT_2","Sensor","Modbus",91,2572,0.025,35.3,46.4,43.8,184,2,-35,2321,1.31,125,1,"Normal",0
2025-10-30 08:15:00,"IIOT_3","Sensor","MQTT",50,2643,0.033,27.7,23.8,83.8,117,3,-41,71,0.86,118,0,"MITM",1
2025-10-30 08:20:00,"IIOT_1","Actuator","Modbus",78,934,0.078,30.9,56.4,80.3,119,5,28,-1709,1.83,123.4,0,"DoS",1
2025-10-30 08:25:00,"IIOT_6","Controller","MQTT",142,2077,0.028,20.8,44.4,81.2,107,5,64,1143,2.13,128.6,0,"Normal",0
2025-10-30 08:30:00,"IIOT_9","Actuator","Modbus",109,2299,0.069,29.7,25.3,84.4,87,7,-33,222,0.85,122.8,0,"MITM",1
2025-10-30 08:35:00,"IIOT_3","Sensor","Modbus",212,2079,0.039,28.1,30.4,69.3,162,4,103,-220,1.08,118.4,1,"Normal",0
2025-10-30 08:40:00,"IIOT_3","Actuator","MQTT",101,3140,0.093,30.2,36,37.2,61,1,-111,1061,1.19,107.2,0,"MITM",1
2025-10-30 08:45:00,"IIOT_1","Actuator","Modbus",136,1141,0.092,37,72.5,62,93,5,35,-1999,1.96,102,0,"Normal",0
2025-10-30 08:50:00,"IIOT_5","Actuator","MQTT",95,196,0.044,32.9,71.7,73.5,97,9,-41,-945,2.18,100,0,"DoS",1
2025-10-30 08:55:00,"IIOT_6","Controller","MQTT",84,1279,0.034,20.8,51.3,62.1,141,10,-11,1083,2.47,110.8,0,"Normal",0
2025-10-30 09:00:00,"IIOT_6","Actuator","MQTT",79,2476,0.067,31.4,82.5,63.5,136,4,-5,1197,2.63,105.6,0,"MITM",1
2025-10-30 09:05:00,"IIOT_4","Sensor","Modbus",195,1530,0.09,28.7,35.7,74.9,172,3,116,-946,1.24,127.8,1,"DoS",1
2025-10-30 09:10:00,"IIOT_3","Actuator","Modbus",71,1493,0.089,28.1,77.7,50.7,97,5,-124,-37,2.77,128.6,0,"Normal",0
2025-10-30 09:15:00,"IIOT_7","Sensor","Modbus",72,2059,0.039,27.1,71.3,58.1,60,3,1,566,2.63,121.2,0,"Normal",0
2025-10-30 09:20:00,"IIOT_10","Actuator","MQTT",119,1684,0.035,33.4,51.1,73.2,52,1,47,-375,1.53,103.4,0,"Normal",0
2025-10-30 09:25:00,"IIOT_2","Actuator","Modbus",144,2471,0.005,32.6,40.3,74.6,3,2,25,787,1.24,76.8,0,"Normal",0
2025-10-30 09:30:00,"IIOT_1","Actuator","MQTT",121,2706,0.076,28.7,53.6,30.4,153,3,-23,235,1.87,73,1,"Normal",0
2025-10-30 09:35:00,"IIOT_3","Controller","MQTT",64,2805,0.056,32.1,52.3,79.8,108,5,-57,99,1.63,75.2,0,"Normal",0
2025-10-30 09:40:00,"IIOT_3","Controller","MQTT",80,2186,0.042,33.3,65,58.9,33,7,16,-619,1.95,69.8,0,"Normal",0
2025-10-30 09:45:00,"IIOT_1","Controller","HTTP",65,1974,0.02,34.3,46.9,62.5,108,5,-15,-212,1.37,81,0,"Normal",0
2025-10-30 09:50:00,"IIOT_4","Sensor","Modbus",87,1676,0.029,27.8,43.2,64.3,72,9,22,-298,1.55,94.8,0,"Normal",0
2025-10-30 09:55:00,"IIOT_1","Sensor","HTTP",115,2499,0.032,30.6,29.2,53.6,90,5,28,823,0.95,82.2,0,"Spoofing",1
2025-10-30 10:00:00,"IIOT_8","Sensor","Modbus",154,2030,0.099,28.7,47,75.3,99,4,39,-469,1.64,80.4,0,"Normal",0
2025-10-30 10:05:00,"IIOT_2","Actuator","MQTT",84,3271,0.041,25.7,53.7,40.9,125,7,-70,1241,2.09,98.8,0,"DoS",1
2025-10-30 10:10:00,"IIOT_1","Sensor","MQTT",46,1547,0.055,22.1,87.1,36,118,5,-38,-1724,3.94,100.8,0,"Normal",0
2025-10-30 10:15:00,"IIOT_6","Actuator","HTTP",87,3590,0.009,23.6,44.7,77,135,7,41,2043,1.89,113.4,0,"Normal",0
2025-10-30 10:20:00,"IIOT_5","Sensor","Modbus",70,1613,0.079,34.9,85.6,53.1,79,9,-17,-1977,2.45,111.2,0,"Spoofing",1
2025-10-30 10:25:00,"IIOT_2","Actuator","HTTP",138,2000,0.096,34.7,72.5,44.3,61,4,68,387,2.09,103.6,0,"Normal",0
2025-10-30 10:30:00,"IIOT_10","Sensor","Modbus",139,2464,0.016,30.2,55,82.5,125,3,1,464,1.82,103.6,0,"Data Injection",1
2025-10-30 10:35:00,"IIOT_2","Sensor","MQTT",171,1681,0.061,34.1,58.3,84.9,50,7,32,-783,1.71,90,0,"Normal",0
2025-10-30 10:40:00,"IIOT_7","Sensor","Modbus",164,2447,0.039,31.2,79,79.3,133,4,-7,766,2.53,89.6,0,"Normal",0
2025-10-30 10:45:00,"IIOT_4","Sensor","Modbus",118,1795,0.06,24.3,52.9,73.5,142,10,-46,-652,2.18,102.2,0,"DoS",1
2025-10-30 10:50:00,"IIOT_7","Sensor","Modbus",132,2059,0.032,37.2,65.7,72.1,104,8,14,264,1.77,110.8,0,"Data Injection",1
2025-10-30 10:55:00,"IIOT_6","Sensor","Modbus",120,2661,0.09,30.6,37,30.9,99,1,-12,602,1.21,105.6,0,"MITM",1
2025-10-30 11:00:00,"IIOT_9","Actuator","Modbus",111,2305,0.085,35.1,84.3,30.9,91,5,-9,-356,2.4,113.8,0,"Normal",0
2025-10-30 11:05:00,"IIOT_2","Actuator","HTTP",214,1687,0.006,31,85.4,64.5,109,3,103,-618,2.75,109,0,"Normal",0
2025-10-30 11:10:00,"IIOT_3","Controller","Modbus",145,1978,0.008,21.3,58.7,78.6,129,4,-69,291,2.76,106.4,0,"Normal",0
2025-10-30 11:15:00,"IIOT_6","Actuator","MQTT",92,2093,0.091,36.8,44.8,37.6,71,5,-53,115,1.22,99.8,0,"Normal",0
2025-10-30 11:20:00,"IIOT_9","Sensor","Modbus",164,2229,0.076,33.5,74.8,72.8,175,2,72,136,2.23,115,1,"Normal",0
2025-10-30 11:25:00,"IIOT_3","Sensor","Modbus",69,1979,0.055,23.2,23.2,83.7,80,7,-95,-250,1,112.8,0,"DoS",1
2025-10-30 11:30:00,"IIOT_4","Sensor","MQTT",138,3328,0.051,21.8,83.6,54.2,48,9,69,1349,3.83,100.6,0,"Spoofing",1
2025-10-30 11:35:00,"IIOT_7","Actuator","MQTT",127,3388,0.007,29.8,75.8,72.9,113,2,-11,60,2.54,97.4,0,"Spoofing",1
2025-10-30 11:40:00,"IIOT_7","Sensor","MQTT",139,1547,0.048,29.3,29.3,63.2,127,10,12,-1841,1,108.6,0,"Data Injection",1
2025-10-30 11:45:00,"IIOT_10","Sensor","Modbus",50,2737,0.09,19.7,56.7,60.7,158,3,-89,1190,2.88,105.2,1,"Normal",0
2025-10-30 11:50:00,"IIOT_2","Sensor","MQTT",133,2647,0.07,26.1,51.3,53.6,108,4,83,-90,1.97,110.8,0,"Normal",0
2025-10-30 11:55:00,"IIOT_10","Sensor","MQTT",119,3061,0.084,38.2,88.8,40.7,89,8,-14,414,2.32,119,0,"Normal",0
2025-10-30 12:00:00,"IIOT_10","Controller","HTTP",141,1670,0.086,28.8,61.9,72.4,123,7,22,-1391,2.15,121,0,"DoS",1
2025-10-30 12:05:00,"IIOT_4","Sensor","Modbus",173,1807,0.037,31.2,46.9,34.5,93,4,32,137,1.5,114.2,0,"Normal",0
2025-10-30 12:10:00,"IIOT_10","Sensor","MQTT",156,2769,0.082,21.5,52.5,33,149,9,-17,962,2.44,112.4,0,"Normal",0
2025-10-30 12:15:00,"IIOT_4","Sensor","MQTT",154,2707,0.023,18.7,82.3,71,98,1,-2,-62,4.4,110.4,0,"Normal",0
2025-10-30 12:20:00,"IIOT_4","Sensor","MQTT",77,2292,0.043,42,82.4,66.8,53,8,-77,-415,1.96,103.2,0,"Normal",0
2025-10-30 12:25:00,"IIOT_1","Sensor","HTTP",142,3297,0.066,31.1,34.6,35.4,53,3,65,1005,1.11,89.2,0,"DoS",1
2025-10-30 12:30:00,"IIOT_7","Sensor","MQTT",180,2333,0.085,29.3,85.1,77.8,136,9,38,-964,2.9,97.8,0,"Data Injection",1
2025-10-30 12:35:00,"IIOT_4","Controller","Modbus",171,2330,0.053,23.9,28.6,55.4,118,9,-9,-3,1.2,91.6,0,"Normal",0
2025-10-30 12:40:00,"IIOT_9","Actuator","Modbus",156,1518,0.016,34.1,59.6,39.2,96,8,-15,-812,1.75,91.2,0,"Normal",0
2025-10-30 12:45:00,"IIOT_7","Sensor","Modbus",142,1296,0.003,26.9,82.7,47.2,70,8,-14,-222,3.07,94.6,0,"Normal",0
2025-10-30 12:50:00,"IIOT_2","Controller","Modbus",194,1595,0.039,32.4,69.8,37.8,187,4,52,299,2.15,121.4,1,"Normal",0
2025-10-30 12:55:00,"IIOT_5","Actuator","MQTT",31,2973,0.048,33.9,56.3,82.5,44,4,-163,1378,1.66,103,0,"Normal",0
2025-10-30 13:00:00,"IIOT_6","Controller","MQTT",99,2018,0.061,25.5,80.2,65.5,129,4,68,-955,3.15,105.2,0,"DoS",1
2025-10-30 13:05:00,"IIOT_3","Actuator","Modbus",87,1471,0.054,29.4,22.6,31.9,44,9,-12,-547,0.77,94.8,0,"Normal",0
2025-10-30 13:10:00,"IIOT_10","Actuator","Modbus",71,2359,0.081,31.9,34.3,72,35,8,-16,888,1.08,87.8,0,"Normal",0
2025-10-30 13:15:00,"IIOT_3","Sensor","MQTT",109,3426,0.092,27.8,39.5,70.2,50,8,38,1067,1.42,60.4,0,"MITM",1
2025-10-30 13:20:00,"IIOT_1","Controller","MQTT",170,1281,0.066,35.4,41.4,72.9,62,9,61,-2145,1.17,64,0,"Data Injection",1
2025-10-30 13:25:00,"IIOT_10","Actuator","HTTP",125,2079,0.062,33.3,42.3,46.7,79,5,-45,798,1.27,54,0,"Spoofing",1
2025-10-30 13:30:00,"IIOT_8","Sensor","MQTT",53,2559,0.045,29.9,75.7,54.4,99,8,-72,480,2.53,65,0,"Normal",0
2025-10-30 13:35:00,"IIOT_6","Controller","Modbus",92,1193,0.023,34.9,80,43,81,3,39,-1366,2.29,74.2,0,"Normal",0
2025-10-30 13:40:00,"IIOT_1","Sensor","Modbus",69,2064,0.046,27.7,63.5,47.7,60,4,-23,871,2.29,76.2,0,"Normal",0
2025-10-30 13:45:00,"IIOT_7","Actuator","Modbus",145,2540,0.018,26,66.1,54.2,44,2,76,476,2.54,72.6,0,"Normal",0
2025-10-30 13:50:00,"IIOT_5","Controller","MQTT",166,2374,0.056,39.7,21.1,83.2,134,9,21,-166,0.53,83.6,0,"Normal",0
2025-10-30 13:55:00,"IIOT_1","Sensor","Modbus",141,76,0.046,22.9,26.8,74,109,4,-25,-2298,1.17,85.6,0,"MITM",1
2025-10-30 14:00:00,"IIOT_1","Actuator","MQTT",134,2402,0.07,30.3,71.5,38,100,3,-7,2326,2.36,89.4,0,"Normal",0
2025-10-30 14:05:00,"IIOT_3","Actuator","MQTT",79,2523,0.016,33.8,30.3,63,94,8,-55,121,0.9,96.2,0,"Normal",0
2025-10-30 14:10:00,"IIOT_6","Controller","Modbus",181,2122,0.001,34.5,48.8,46.1,111,3,102,-401,1.41,109.6,0,"Spoofing",1
2025-10-30 14:15:00,"IIOT_6","Sensor","Modbus",112,1041,0.01,12,69.9,70.1,103,1,-69,-1081,5.82,103.4,0,"Normal",0
2025-10-30 14:20:00,"IIOT_3","Actuator","HTTP",149,3554,0.086,28.7,35.7,49.9,94,4,37,2513,1.24,100.4,0,"Normal",0
2025-10-30 14:25:00,"IIOT_9","Sensor","MQTT",39,2569,0.048,34.6,81.8,80.8,206,10,-110,-985,2.36,121.6,1,"DoS",1
2025-10-30 14:30:00,"IIOT_10","Sensor","MQTT",132,3280,0.041,33.2,58.3,38.6,102,4,93,711,1.76,123.2,0,"DoS",1
2025-10-30 14:35:00,"IIOT_10","Actuator","MQTT",146,1059,0.096,34.8,65.2,50,111,2,14,-2221,1.87,123.2,0,"Normal",0
2025-10-30 14:40:00,"IIOT_1","Sensor","HTTP",202,2613,0.065,23.5,35.2,72.6,87,8,56,1554,1.5,120,0,"Normal",0
2025-10-30 14:45:00,"IIOT_2","Sensor","Modbus",109,1973,0.082,36.8,21.3,79.7,83,4,-93,-640,0.58,117.8,0,"Normal",0
2025-10-30 14:50:00,"IIOT_6","Controller","MQTT",86,2020,0.042,25.2,69.1,52.8,53,6,-23,47,2.74,87.2,0,"DoS",1
2025-10-30 14:55:00,"IIOT_2","Sensor","HTTP",195,1506,0.066,27.3,74.5,47.6,84,3,109,-514,2.73,83.6,0,"Normal",0
2025-10-30 15:00:00,"IIOT_2","Sensor","MQTT",60,1646,0.039,26.6,44.2,41.8,95,7,-135,140,1.66,80.4,0,"MITM",1
2025-10-30 15:05:00,"IIOT_4","Sensor","Modbus",129,2824,0.078,23.6,78.6,56.4,25,3,69,1178,3.33,68,0,"Normal",0
2025-10-30 15:10:00,"IIOT_8","Sensor","HTTP",115,-233,0.057,24.3,69.7,48.6,137,8,-14,-3057,2.87,78.8,0,"Normal",0
2025-10-30 15:15:00,"IIOT_10","Sensor","HTTP",65,1585,0.001,31.5,45.8,73.8,52,1,-50,1818,1.45,78.6,0,"Normal",0
2025-10-30 15:20:00,"IIOT_5","Actuator","MQTT",92,3028,0.092,26.2,54.2,39.7,81,9,27,1443,2.07,78,0,"Normal",0
2025-10-30 15:25:00,"IIOT_3","Actuator","Modbus",217,2258,0.06,30.3,82.8,39.7,146,6,125,-770,2.73,88.2,0,"Normal",0
2025-10-30 15:30:00,"IIOT_2","Sensor","MQTT",135,2925,0.034,29.4,26,33.8,99,4,-82,667,0.88,103,0,"Normal",0
2025-10-30 15:35:00,"IIOT_5","Sensor","Modbus",87,910,0.012,26.5,76.9,56.4,104,7,-48,-2015,2.9,96.4,0,"Normal",0
2025-10-30 15:40:00,"IIOT_3","Actuator","MQTT",69,1293,0.045,30.2,23.3,67.5,74,6,-18,383,0.77,100.8,0,"MITM",1
2025-10-30 15:45:00,"IIOT_10","Sensor","Modbus",113,1959,0.039,25.3,20.6,58.5,141,4,44,666,0.81,112.8,0,"DoS",1
2025-10-30 15:50:00,"IIOT_5","Controller","MQTT",119,2618,0.019,25.9,59.2,57.4,56,2,6,659,2.29,94.8,0,"Normal",0
2025-10-30 15:55:00,"IIOT_3","Actuator","MQTT",141,2083,0.008,26.5,52.4,82.8,140,2,22,-535,1.98,103,0,"Normal",0
2025-10-30 16:00:00,"IIOT_9","Actuator","MQTT",69,946,0.086,24.2,82.5,79.7,51,1,-72,-1137,3.41,92.4,0,"Normal",0
2025-10-30 16:05:00,"IIOT_4","Sensor","MQTT",168,1395,0.085,31.8,40,70.7,67,4,99,449,1.26,91,0,"Normal",0
2025-10-30 16:10:00,"IIOT_4","Actuator","Modbus",181,2624,0.056,34,59.9,76.2,137,1,13,1229,1.76,90.2,0,"Normal",0
2025-10-30 16:15:00,"IIOT_4","Controller","MQTT",95,1700,0.074,26.1,20.1,43.7,55,9,-86,-924,0.77,90,0,"Normal",0
2025-10-30 16:20:00,"IIOT_1","Sensor","HTTP",156,2860,0.034,18.2,27.8,67.6,119,8,61,1160,1.53,85.8,0,"Normal",0
2025-10-30 16:25:00,"IIOT_1","Sensor","HTTP",86,1147,0.019,35,40.1,40.8,79,4,-70,-1713,1.15,91.4,0,"MITM",1
2025-10-30 16:30:00,"IIOT_2","Sensor","HTTP",145,2546,0.066,36.2,25,36.3,68,5,59,1399,0.69,91.6,0,"Data Injection",1
2025-10-30 16:35:00,"IIOT_4","Sensor","Modbus",39,3432,0.092,28.7,77.7,84.1,102,7,-106,886,2.71,84.6,0,"Normal",0
2025-10-30 16:40:00,"IIOT_8","Actuator","Modbus",118,2247,0.035,30.9,57.4,55.3,145,4,79,-1185,1.86,102.6,0,"Normal",0
2025-10-30 16:45:00,"IIOT_8","Controller","Modbus",147,840,0.021,27.1,51.6,49.5,57,4,29,-1407,1.9,90.2,0,"Normal",0
2025-10-30 16:50:00,"IIOT_10","Actuator","HTTP",118,2088,0.019,30.4,34.4,71.4,72,2,-29,1248,1.13,88.8,0,"Normal",0
2025-10-30 16:55:00,"IIOT_10","Actuator","Modbus",172,1769,0.02,23.6,61.1,42.2,22,9,54,-319,2.59,79.6,0,"Spoofing",1
2025-10-30 17:00:00,"IIOT_2","Actuator","MQTT",91,2084,0.038,31,79.8,50,115,7,-81,315,2.57,82.2,0,"Normal",0
2025-10-30 17:05:00,"IIOT_5","Controller","Modbus",182,1389,0.069,31.9,55.2,43.1,183,8,91,-695,1.73,89.8,1,"DoS",1
2025-10-30 17:10:00,"IIOT_3","Sensor","MQTT",136,1868,0.005,31.5,29.1,66.6,155,4,-46,479,0.92,109.4,1,"Data Injection",1
2025-10-30 17:15:00,"IIOT_3","Sensor","Modbus",140,1510,0.028,31.2,85.5,77.3,116,6,4,-358,2.74,118.2,0,"Normal",0
2025-10-30 17:20:00,"IIOT_4","Sensor","MQTT",132,1579,0.091,38.4,37.7,35.7,96,9,-8,69,0.98,133,0,"Normal",0
2025-10-30 17:25:00,"IIOT_4","Controller","MQTT",88,2231,0.084,22.3,68.1,51.1,101,3,-44,652,3.05,130.2,0,"Normal",0
2025-10-30 17:30:00,"IIOT_3","Actuator","Modbus",142,1281,0.009,29.8,66.4,60.2,116,6,54,-950,2.23,116.8,0,"Data Injection",1
2025-10-30 17:35:00,"IIOT_3","Sensor","Modbus",129,1379,0.045,28.8,59.9,73.8,126,2,-13,98,2.08,111,0,"MITM",1
2025-10-30 17:40:00,"IIOT_2","Controller","MQTT",174,2040,0.037,24.6,48.7,57.5,75,6,45,661,1.98,102.8,0,"Normal",0
2025-10-30 17:45:00,"IIOT_10","Actuator","Modbus",132,2235,0.029,23.7,64.6,52.1,52,9,-42,195,2.73,94,0,"DoS",1
2025-10-30 17:50:00,"IIOT_5","Actuator","Modbus",142,2199,0.072,33.9,28.3,77.9,87,4,10,-36,0.83,91.2,0,"Normal",0
2025-10-30 17:55:00,"IIOT_2","Actuator","Modbus",160,2393,0.067,32,54,45.9,65,2,18,194,1.69,81,0,"Normal",0
2025-10-30 18:00:00,"IIOT_7","Sensor","MQTT",129,1989,0.072,27.1,22.2,61.2,114,1,-31,-404,0.82,78.6,0,"MITM",1
2025-10-30 18:05:00,"IIOT_4","Sensor","MQTT",158,2001,0.081,31.5,64.7,67.6,113,4,29,12,2.05,86.2,0,"Normal",0
2025-10-30 18:10:00,"IIOT_10","Actuator","HTTP",106,3147,0.056,33.7,80,67.1,173,8,-52,1146,2.37,110.4,1,"DoS",1
2025-10-30 18:15:00,"IIOT_7","Controller","Modbus",109,3100,0.084,35,32.2,31.7,66,7,3,-47,0.92,106.2,0,"Normal",0
2025-10-30 18:20:00,"IIOT_2","Actuator","MQTT",177,2860,0.063,22.3,58.9,38.1,77,4,68,-240,2.64,108.6,0,"Normal",0
2025-10-30 18:25:00,"IIOT_9","Sensor","MQTT",60,3591,0.038,32,63.4,32.9,154,2,-117,731,1.98,116.6,1,"Data Injection",1
2025-10-30 18:30:00,"IIOT_1","Controller","HTTP",92,3015,0.07,39.6,78.7,82.4,107,4,32,-576,1.99,115.4,0,"Normal",0
2025-10-30 18:35:00,"IIOT_2","Controller","MQTT",122,2513,0.082,28.4,38.2,74.2,74,9,30,-502,1.35,95.6,0,"Normal",0
2025-10-30 18:40:00,"IIOT_9","Sensor","MQTT",178,2421,0.04,37.8,88.3,75.4,85,6,56,-92,2.34,99.4,0,"DoS",1
2025-10-30 18:45:00,"IIOT_1","Sensor","HTTP",126,2113,0.036,36.1,28.9,35.2,30,8,-52,-308,0.8,90,0,"Spoofing",1
2025-10-30 18:50:00,"IIOT_4","Sensor","Modbus",133,2288,0.053,35.8,62.2,56.2,107,1,7,175,1.74,80.6,0,"Normal",0
2025-10-30 18:55:00,"IIOT_7","Sensor","Modbus",238,2930,0.074,42.5,77.5,41,62,3,105,642,1.82,71.6,0,"Normal",0
2025-10-30 19:00:00,"IIOT_2","Controller","MQTT",10,3377,0.048,24.2,60,41.6,98,5,-228,447,2.48,76.4,0,"Normal",0
2025-10-30 19:05:00,"IIOT_7","Actuator","MQTT",68,1189,0.086,31.5,57.7,74.7,171,1,58,-2188,1.83,93.6,1,"Normal",0
2025-10-30 19:10:00,"IIOT_1","Sensor","HTTP",122,1977,0.098,36.1,31,67.5,94,7,54,788,0.86,106.4,0,"Normal",0
2025-10-30 19:15:00,"IIOT_8","Sensor","Modbus",168,2126,0.048,34,48.2,33.5,46,1,46,149,1.42,94.2,0,"Normal",0
2025-10-30 19:20:00,"IIOT_1","Sensor","MQTT",99,2089,0.079,23.1,33.5,80.8,141,10,-69,-37,1.45,110,0,"Normal",0
2025-10-30 19:25:00,"IIOT_2","Controller","Modbus",165,1024,0.079,23.8,49.6,33.4,54,9,66,-1065,2.08,101.2,0,"Normal",0
2025-10-30 19:30:00,"IIOT_5","Actuator","Modbus",122,1018,0.097,21.6,26.4,30.3,159,1,-43,-6,1.22,98.8,1,"Normal",0
2025-10-30 19:35:00,"IIOT_4","Sensor","Modbus",161,2413,0.038,36,22.1,77.5,91,5,39,1395,0.61,98.2,0,"Data Injection",1
2025-10-30 19:40:00,"IIOT_8","Actuator","Modbus",133,1593,0.003,26.6,42.5,49,83,10,-28,-820,1.6,105.6,0,"Normal",0
2025-10-30 19:45:00,"IIOT_7","Sensor","MQTT",115,1167,0.091,28.9,77.2,79.7,134,6,-18,-426,2.67,104.2,0,"Normal",0
2025-10-30 19:50:00,"IIOT_8","Sensor","Modbus",124,1906,0.07,30.8,20.7,55.1,113,9,9,739,0.67,116,0,"Data Injection",1
2025-10-30 19:55:00,"IIOT_6","Controller","Modbus",-52,1852,0.001,27.2,50.5,31.7,64,2,-176,-54,1.86,97,0,"Normal",0
2025-10-30 20:00:00,"IIOT_4","Sensor","HTTP",141,2378,0.05,32.5,31.4,81.9,141,7,193,526,0.97,107,0,"Normal",0
2025-10-30 20:05:00,"IIOT_5","Actuator","MQTT",144,532,0.075,28.5,88.7,68.8,94,10,3,-1846,3.11,109.2,0,"Normal",0
2025-10-30 20:10:00,"IIOT_2","Actuator","MQTT",62,263,0.053,36.7,73.2,76.3,111,8,-82,-269,1.99,104.6,0,"Normal",0
2025-10-30 20:15:00,"IIOT_8","Sensor","Modbus",62,2490,0.004,31.7,20.8,80.7,109,1,0,2227,0.66,103.8,0,"Normal",0
2025-10-30 20:20:00,"IIOT_7","Actuator","MQTT",35,2192,0.086,35.2,66.8,82.5,100,7,-27,-298,1.9,111,0,"Data Injection",1
2025-10-30 20:25:00,"IIOT_3","Actuator","MQTT",134,2104,0.031,28.5,67.3,79.8,131,8,99,-88,2.36,109,0,"Data Injection",1
2025-10-30 20:30:00,"IIOT_3","Actuator","Modbus",103,1730,0.053,30.1,70.3,68.4,98,1,-31,-374,2.34,109.8,0,"Normal",0
2025-10-30 20:35:00,"IIOT_9","Actuator","MQTT",79,43,0.095,26.5,32,31.7,109,7,-24,-1687,1.21,109.4,0,"Normal",0
2025-10-30 20:40:00,"IIOT_7","Sensor","Modbus",73,1354,0.096,31.3,39.7,83.9,120,6,-6,1311,1.27,111.6,0,"Normal",0
2025-10-30 20:45:00,"IIOT_2","Actuator","HTTP",146,2346,0.023,31.3,67.1,65.3,38,8,73,992,2.14,99.2,0,"Normal",0
2025-10-30 20:50:00,"IIOT_10","Sensor","HTTP",111,2374,0.089,25.7,66.3,79.1,124,9,-35,28,2.58,97.8,0,"Normal",0
2025-10-30 20:55:00,"IIOT_6","Sensor","HTTP",116,3151,0.03,36.3,56.1,48.7,78,1,5,777,1.55,93.8,0,"Normal",0
2025-10-30 21:00:00,"IIOT_4","Sensor","Modbus",170,1785,0.089,31,84.6,64.1,131,3,54,-1366,2.73,98.2,0,"DoS",1
2025-10-30 21:05:00,"IIOT_5","Actuator","Modbus",149,2097,0,29.7,39.5,41.3,76,4,-21,312,1.33,89.4,0,"DoS",1
2025-10-30 21:10:00,"IIOT_4","Actuator","Modbus",163,2570,0.055,35.9,32.5,39.8,80,4,14,473,0.91,97.8,0,"DoS",1
2025-10-30 21:15:00,"IIOT_1","Sensor","Modbus",77,2232,0.024,34.1,56.2,41.2,145,7,-86,-338,1.65,102,0,"Spoofing",1
2025-10-30 21:20:00,"IIOT_4","Controller","MQTT",116,1728,0.005,31.5,71.1,72,113,2,39,-504,2.26,109,0,"Normal",0
2025-10-30 21:25:00,"IIOT_6","Controller","MQTT",68,542,0.072,37,56.2,39.8,81,5,-48,-1186,1.52,99,0,"Normal",0
2025-10-30 21:30:00,"IIOT_2","Sensor","HTTP",59,2805,0.056,26.6,54.7,52.7,66,4,-9,2263,2.06,97,0,"Data Injection",1
2025-10-30 21:35:00,"IIOT_10","Sensor","MQTT",166,2475,0.078,31.6,66.7,55.2,76,1,107,-330,2.11,96.2,0,"Normal",0
2025-10-30 21:40:00,"IIOT_3","Controller","Modbus",78,2542,0.003,25.8,61.1,82.2,89,7,-88,67,2.37,85,0,"Normal",0
2025-10-30 21:45:00,"IIOT_10","Actuator","HTTP",94,2524,0.015,32.2,50,62.6,131,7,16,-18,1.55,88.6,0,"MITM",1
2025-10-30 21:50:00,"IIOT_4","Sensor","MQTT",99,2400,0.027,29,78.4,35.7,80,7,5,-124,2.7,88.4,0,"Normal",0
2025-10-30 21:55:00,"IIOT_9","Sensor","MQTT",109,3157,0.002,36.2,58.2,44.5,142,8,10,757,1.61,103.6,0,"DoS",1
2025-10-30 22:00:00,"IIOT_8","Actuator","MQTT",148,1841,0.045,38.8,75.9,73.1,120,2,39,-1316,1.96,112.4,0,"Normal",0
2025-10-30 22:05:00,"IIOT_9","Sensor","MQTT",132,3413,0.046,32.8,81.6,69.8,80,4,-16,1572,2.49,110.6,0,"DoS",1
2025-10-30 22:10:00,"IIOT_2","Sensor","Modbus",184,2088,0.027,20.7,28.9,79.7,84,9,52,-1325,1.4,101.2,0,"Data Injection",1
2025-10-30 22:15:00,"IIOT_7","Sensor","HTTP",100,1668,0.046,30,71.3,55,126,7,-84,-420,2.38,110.4,0,"Normal",0
2025-10-30 22:20:00,"IIOT_10","Controller","MQTT",107,847,0.074,32.2,68.9,54.8,93,10,7,-821,2.14,100.6,0,"DoS",1
2025-10-30 22:25:00,"IIOT_9","Controller","Modbus",130,2423,0.048,32.3,22.1,43.8,94,6,23,1576,0.68,95.4,0,"Normal",0
2025-10-30 22:30:00,"IIOT_10","Controller","Modbus",146,1950,0.011,30.3,75.6,43,181,3,16,-473,2.5,115.6,1,"Normal",0
2025-10-30 22:35:00,"IIOT_9","Sensor","MQTT",149,1030,0.07,27.3,33.6,61.7,156,4,3,-920,1.23,130,1,"Normal",0
2025-10-30 22:40:00,"IIOT_8","Actuator","Modbus",95,1814,0.041,30.6,25.9,82.5,53,8,-54,784,0.85,115.4,0,"Normal",0
2025-10-30 22:45:00,"IIOT_2","Sensor","MQTT",125,1692,0.018,23.2,77.9,36.8,117,6,30,-122,3.36,120.2,0,"Normal",0
2025-10-30 22:50:00,"IIOT_1","Controller","MQTT",137,2584,0.01,23.5,89.2,42.3,80,4,12,892,3.8,117.4,0,"MITM",1
2025-10-30 22:55:00,"IIOT_6","Sensor","Modbus",57,1787,0.087,34,62.7,71.4,78,10,-80,-797,1.84,96.8,0,"Normal",0
2025-10-30 23:00:00,"IIOT_3","Sensor","Modbus",121,1861,0.012,42.2,45.8,78.6,119,5,64,74,1.09,89.4,0,"MITM",1
2025-10-30 23:05:00,"IIOT_3","Actuator","Modbus",82,2175,0.023,29.9,29.3,54.8,140,8,-39,314,0.98,106.8,0,"Normal",0
2025-10-30 23:10:00,"IIOT_1","Controller","Modbus",121,1578,0.034,34.3,71.4,76.7,32,2,39,-597,2.08,89.8,0,"Normal",0
2025-10-30 23:15:00,"IIOT_9","Actuator","HTTP",113,2165,0.092,35.8,80.9,44.6,-2,3,-8,587,2.26,73.4,0,"Normal",0
2025-10-30 23:20:00,"IIOT_6","Sensor","MQTT",142,2532,0.06,30.4,55.2,44.4,98,9,29,367,1.82,77.4,0,"DoS",1
2025-10-30 23:25:00,"IIOT_6","Controller","HTTP",49,1915,0.076,44.8,82.5,69.6,83,6,-93,-617,1.84,70.2,0,"MITM",1
2025-10-30 23:30:00,"IIOT_8","Controller","HTTP",119,3192,0.089,24.6,27,48.6,78,9,70,1277,1.1,57.8,0,"Data Injection",1
2025-10-30 23:35:00,"IIOT_3","Actuator","Modbus",147,2988,0.026,30.9,74.8,36.2,65,3,28,-204,2.42,64.4,0,"Normal",0
2025-10-30 23:40:00,"IIOT_9","Sensor","Modbus",152,97,0.065,36.9,50.1,71,130,9,5,-2891,1.36,90.8,0,"Normal",0
2025-10-30 23:45:00,"IIOT_7","Sensor","MQTT",129,3153,0.02,30,26.5,44.6,56,4,-23,3056,0.88,82.4,0,"MITM",1
2025-10-30 23:50:00,"IIOT_6","Controller","Modbus",104,2731,0.043,36,46.6,50.5,86,6,-25,-422,1.29,83,0,"Normal",0
2025-10-30 23:55:00,"IIOT_2","Actuator","MQTT",110,2874,0.052,25.4,82.3,65.1,77,9,6,143,3.24,82.8,0,"Normal",0
2025-10-31,"IIOT_3","Actuator","MQTT",120,2414,0.054,29.6,40,30.3,133,8,10,-460,1.35,96.4,0,"Normal",0
2025-10-31 00:05:00,"IIOT_7","Sensor","HTTP",64,1809,0.065,32.9,34.8,47.8,172,9,-56,-605,1.06,104.8,1,"DoS",1
2025-10-31 00:10:00,"IIOT_9","Sensor","Modbus",121,2417,0.017,32.1,70.7,48.7,99,3,57,608,2.2,113.4,0,"Normal",0
2025-10-31 00:15:00,"IIOT_8","Actuator","Modbus",165,1412,0.074,29.4,89.2,36,70,2,44,-1005,3.03,110.2,0,"Data Injection",1
2025-10-31 00:20:00,"IIOT_6","Controller","Modbus",182,3552,0.068,27,33.9,51.6,85,6,17,2140,1.26,111.8,0,"Normal",0
2025-10-31 00:25:00,"IIOT_1","Sensor","MQTT",91,1527,0.042,34.4,33.9,76.2,100,9,-91,-2025,0.99,105.2,0,"Normal",0
2025-10-31 00:30:00,"IIOT_3","Controller","MQTT",125,974,0.048,28.5,34.4,79.6,50,1,34,-553,1.21,80.8,0,"Normal",0
2025-10-31 00:35:00,"IIOT_5","Sensor","MQTT",99,2537,0.017,26.7,46.7,83.8,102,5,-26,1563,1.75,81.4,0,"Normal",0
2025-10-31 00:40:00,"IIOT_8","Sensor","Modbus",98,2397,0.002,23.4,37.7,81.1,94,6,-1,-140,1.61,86.2,0,"Normal",0
2025-10-31 00:45:00,"IIOT_7","Actuator","Modbus",163,1704,0.001,20.3,55.5,59.4,56,4,65,-693,2.73,80.4,0,"Normal",0
2025-10-31 00:50:00,"IIOT_9","Actuator","MQTT",150,1513,0.044,45.5,83.5,80.2,105,4,-13,-191,1.84,81.4,0,"Normal",0
2025-10-31 00:55:00,"IIOT_9","Actuator","Modbus",49,2630,0.049,27,59.3,81.7,49,8,-101,1117,2.2,81.2,0,"Normal",0
2025-10-31 01:00:00,"IIOT_5","Sensor","Modbus",90,2494,0.035,30.4,72.5,47,66,3,41,-136,2.38,74,0,"Data Injection",1
2025-10-31 01:05:00,"IIOT_9","Sensor","MQTT",117,1348,0.002,30.7,36.4,69.2,133,8,27,-1146,1.19,81.8,0,"Normal",0
2025-10-31 01:10:00,"IIOT_6","Controller","Modbus",69,2138,0.055,32.8,53.6,58.6,146,7,-48,790,1.63,99.8,0,"Normal",0
2025-10-31 01:15:00,"IIOT_10","Controller","MQTT",187,2470,0.043,19.8,67.9,48,58,8,118,332,3.43,90.4,0,"MITM",1
2025-10-31 01:20:00,"IIOT_5","Sensor","HTTP",23,1043,0.023,24.9,60.7,31.1,131,9,-164,-1427,2.44,106.8,0,"DoS",1
2025-10-31 01:25:00,"IIOT_5","Sensor","HTTP",110,2601,0.081,32.1,37.2,45.8,78,8,87,1558,1.16,109.2,0,"Normal",0
2025-10-31 01:30:00,"IIOT_9","Actuator","Modbus",131,3623,0.06,28.3,48,48.7,125,2,21,1022,1.7,107.6,0,"Spoofing",1
2025-10-31 01:35:00,"IIOT_10","Controller","HTTP",130,818,0.099,27.6,54.4,65.5,100,5,-1,-2805,1.97,98.4,0,"Normal",0
2025-10-31 01:40:00,"IIOT_1","Sensor","MQTT",170,1970,0.037,30.4,79.3,46.3,131,7,40,1152,2.61,113,0,"DoS",1
2025-10-31 01:45:00,"IIOT_8","Actuator","HTTP",120,1789,0.051,33.4,51.8,36.5,138,10,-50,-181,1.55,114.4,0,"Normal",0
2025-10-31 01:50:00,"IIOT_10","Sensor","Modbus",84,1722,0.042,38.2,82.4,77.7,59,5,-36,-67,2.16,110.6,0,"DoS",1
2025-10-31 01:55:00,"IIOT_2","Controller","Modbus",86,1878,0.093,24.8,58.2,65.3,102,7,2,156,2.35,106,0,"Normal",0
2025-10-31 02:00:00,"IIOT_3","Actuator","Modbus",92,1905,0.014,28.1,75.7,62.4,79,10,6,27,2.69,101.8,0,"Normal",0
2025-10-31 02:05:00,"IIOT_8","Actuator","MQTT",149,4113,0.097,28.9,76.1,35.9,144,5,57,2208,2.63,104.4,0,"Normal",0
2025-10-31 02:10:00,"IIOT_3","Sensor","HTTP",124,2655,0.013,26.2,72.2,61.5,77,9,-25,-1458,2.76,92.2,0,"Normal",0
2025-10-31 02:15:00,"IIOT_9","Controller","MQTT",207,1782,0.025,21.3,51.3,84.3,135,3,83,-873,2.41,107.4,0,"DoS",1
2025-10-31 02:20:00,"IIOT_9","Controller","MQTT",130,1718,0.084,32.2,31.7,79.4,118,2,-77,-64,0.98,110.6,0,"Normal",0
2025-10-31 02:25:00,"IIOT_4","Sensor","MQTT",121,2913,0.067,34.8,26.5,59.5,103,8,-9,1195,0.76,115.4,0,"Normal",0
2025-10-31 02:30:00,"IIOT_2","Actuator","Modbus",122,1542,0.029,31.6,34.2,53.6,108,3,1,-1371,1.08,108.2,0,"MITM",1
2025-10-31 02:35:00,"IIOT_6","Controller","Modbus",157,1770,0.01,33.1,62.5,43.6,56,6,35,228,1.89,104,0,"Normal",0
2025-10-31 02:40:00,"IIOT_10","Sensor","Modbus",129,1274,0.023,24.7,66,74.7,130,2,-28,-496,2.67,103,0,"DoS",1
2025-10-31 02:45:00,"IIOT_9","Sensor","MQTT",66,3297,0.005,29.3,28.5,46.4,102,3,-63,2023,0.97,99.8,0,"Spoofing",1
2025-10-31 02:50:00,"IIOT_5","Sensor","MQTT",127,2054,0.006,30.6,86.9,41.9,126,9,61,-1243,2.84,104.4,0,"Normal",0
2025-10-31 02:55:00,"IIOT_1","Sensor","Modbus",80,2204,0.077,36.3,23.7,67.1,113,8,-47,150,0.65,105.4,0,"DoS",1
2025-10-31 03:00:00,"IIOT_7","Sensor","MQTT",65,1994,0.056,44.9,80.8,84.9,69,9,-15,-210,1.8,108,0,"Normal",0
2025-10-31 03:05:00,"IIOT_7","Controller","HTTP",56,2454,0.095,29,67.5,56.7,119,3,-9,460,2.33,105.8,0,"Normal",0
2025-10-31 03:10:00,"IIOT_4","Sensor","MQTT",76,1997,0.079,19.6,26,55.3,128,10,20,-457,1.33,111,0,"Normal",0
2025-10-31 03:15:00,"IIOT_9","Actuator","MQTT",133,2138,0.07,29.3,80.8,62.9,53,1,57,141,2.76,96.4,0,"DoS",1
2025-10-31 03:20:00,"IIOT_7","Sensor","MQTT",137,1203,0.064,33.5,25.6,67.6,61,6,4,-935,0.76,86,0,"MITM",1
2025-10-31 03:25:00,"IIOT_3","Sensor","Modbus",101,1767,0.067,31.9,86.4,51.1,53,2,-36,564,2.71,82.8,0,"MITM",1
2025-10-31 03:30:00,"IIOT_5","Sensor","MQTT",130,2148,0.077,37.4,74.5,82.9,125,8,29,381,1.99,84,0,"Normal",0
2025-10-31 03:35:00,"IIOT_9","Sensor","MQTT",135,1990,0.005,32.9,39.3,51.5,77,6,5,-158,1.19,73.8,0,"Normal",0
2025-10-31 03:40:00,"IIOT_9","Actuator","HTTP",115,1498,0.021,28.3,50.5,42.6,95,1,-20,-492,1.78,82.2,0,"Normal",0
2025-10-31 03:45:00,"IIOT_2","Actuator","Modbus",157,1345,0.081,25.8,56.6,79.2,165,3,42,-153,2.19,103,1,"Normal",0
2025-10-31 03:50:00,"IIOT_7","Actuator","MQTT",157,2650,0.083,34.5,63.8,44,117,6,0,1305,1.85,115.8,0,"Normal",0
2025-10-31 03:55:00,"IIOT_8","Sensor","MQTT",89,3091,0.081,28,74,58.6,159,2,-68,441,2.64,122.6,1,"Spoofing",1
2025-10-31 04:00:00,"IIOT_4","Sensor","Modbus",151,1945,0.088,31.2,48.5,81.5,98,1,62,-1146,1.55,126.8,0,"Normal",0
2025-10-31 04:05:00,"IIOT_3","Sensor","Modbus",138,3554,0.077,21.4,89.7,67.7,85,8,-13,1609,4.19,124.8,0,"Normal",0
2025-10-31 04:10:00,"IIOT_1","Sensor","MQTT",64,2206,0.013,29,44.4,69,87,9,-74,-1348,1.53,109.2,0,"DoS",1
2025-10-31 04:15:00,"IIOT_1","Controller","Modbus",84,2578,0.094,31.4,77.5,34.5,113,9,20,372,2.47,108.4,0,"Normal",0
2025-10-31 04:20:00,"IIOT_3","Actuator","MQTT",90,917,0.055,31.6,45.8,54.7,173,8,6,-1661,1.45,111.2,1,"Normal",0
2025-10-31 04:25:00,"IIOT_5","Sensor","MQTT",84,3335,0.074,36.3,21.5,68.7,109,3,-6,2418,0.59,113.4,0,"Normal",0
2025-10-31 04:30:00,"IIOT_6","Controller","MQTT",83,2055,0.087,36.3,27.2,70.1,45,10,-1,-1280,0.75,105.4,0,"Normal",0
2025-10-31 04:35:00,"IIOT_1","Actuator","MQTT",126,1491,0.073,28.9,83.6,37.2,119,7,43,-564,2.89,111.8,0,"Normal",0
2025-10-31 04:40:00,"IIOT_3","Actuator","MQTT",125,1735,0.011,26.9,65.8,59.5,64,4,-1,244,2.45,102,0,"Normal",0
2025-10-31 04:45:00,"IIOT_7","Controller","MQTT",154,2612,0.09,27.9,60.8,49.3,180,3,29,877,2.18,103.4,1,"Normal",0
2025-10-31 04:50:00,"IIOT_5","Sensor","HTTP",136,1621,0.033,30,57.5,80.1,85,4,-18,-991,1.92,98.6,0,"Normal",0
2025-10-31 04:55:00,"IIOT_2","Actuator","Modbus",30,395,0.06,34.4,85.2,60,78,10,-106,-1226,2.48,105.2,0,"Normal",0
2025-10-31 05:00:00,"IIOT_7","Actuator","Modbus",82,2227,0.046,32.9,89.6,41.3,51,7,52,1832,2.72,91.6,0,"Normal",0
2025-10-31 05:05:00,"IIOT_9","Sensor","Modbus",143,1538,0.077,34.5,59.4,47.5,62,8,61,-689,1.72,91.2,0,"MITM",1
2025-10-31 05:10:00,"IIOT_8","Actuator","MQTT",73,2601,0.072,32.3,48.2,58.8,79,6,-70,1063,1.49,71,0,"Normal",0
2025-10-31 05:15:00,"IIOT_2","Actuator","Modbus",227,3021,0.037,26.5,87.2,77.3,118,1,154,420,3.29,77.6,0,"Data Injection",1
2025-10-31 05:20:00,"IIOT_7","Sensor","HTTP",138,1523,0.093,22.5,80,66.3,100,8,-89,-1498,3.56,82,0,"MITM",1
2025-10-31 05:25:00,"IIOT_7","Sensor","HTTP",126,2065,0.038,28,54.4,43.2,119,9,-12,542,1.94,95.6,0,"Normal",0
2025-10-31 05:30:00,"IIOT_4","Actuator","HTTP",170,3065,0.039,37.9,47.5,55.6,115,6,44,1000,1.25,106.2,0,"Normal",0
2025-10-31 05:35:00,"IIOT_10","Controller","Modbus",94,2386,0.086,31.7,82.1,65.1,130,8,-76,-679,2.59,116.4,0,"Normal",0
2025-10-31 05:40:00,"IIOT_8","Actuator","MQTT",135,1714,0.085,20.5,28.2,74.8,157,7,41,-672,1.38,124.2,1,"Normal",0
2025-10-31 05:45:00,"IIOT_10","Sensor","MQTT",142,3360,0.059,30.8,72.3,52.4,63,6,7,1646,2.35,116.8,0,"Normal",0
2025-10-31 05:50:00,"IIOT_3","Actuator","HTTP",121,1563,0.062,33.3,50,40.8,75,4,-21,-1797,1.5,108,0,"Normal",0
2025-10-31 05:55:00,"IIOT_4","Sensor","Modbus",67,2528,0.09,28.9,89.4,79.7,164,1,-54,965,3.09,117.8,1,"DoS",1
2025-10-31 06:00:00,"IIOT_2","Sensor","Modbus",65,1978,0.007,33.7,50.9,69.3,83,4,-2,-550,1.51,108.4,0,"Normal",0
2025-10-31 06:05:00,"IIOT_10","Sensor","HTTP",93,1200,0.066,26.4,41.5,73,82,4,28,-778,1.57,93.4,0,"Normal",0
2025-10-31 06:10:00,"IIOT_10","Actuator","MQTT",71,1541,0.036,35.9,50.3,33.9,78,3,-22,341,1.4,96.4,0,"MITM",1
2025-10-31 06:15:00,"IIOT_4","Actuator","Modbus",102,1833,0.073,30.5,52.2,55.5,70,6,31,292,1.71,95.4,0,"Normal",0
2025-10-31 06:20:00,"IIOT_8","Actuator","Modbus",175,934,0.081,35.2,41.6,36.5,132,4,73,-899,1.18,89,0,"Normal",0
2025-10-31 06:25:00,"IIOT_5","Sensor","HTTP",128,1145,0.034,31,20.8,35.3,102,3,-47,211,0.67,92.8,0,"Normal",0
2025-10-31 06:30:00,"IIOT_6","Sensor","Modbus",110,2841,0.062,36.6,49.6,41.4,103,6,-18,1696,1.36,97,0,"Normal",0
2025-10-31 06:35:00,"IIOT_6","Actuator","MQTT",136,1487,0.073,27.2,86.3,48.3,14,9,26,-1354,3.17,84.2,0,"MITM",1
2025-10-31 06:40:00,"IIOT_9","Actuator","HTTP",140,2404,0.097,22.4,53.5,31.6,100,9,4,917,2.39,90.2,0,"DoS",1
2025-10-31 06:45:00,"IIOT_6","Sensor","Modbus",95,2681,0.094,29.5,50.1,35.6,153,5,-45,277,1.7,94.4,1,"MITM",1
2025-10-31 06:50:00,"IIOT_7","Actuator","MQTT",79,1049,0.094,32.7,69.8,72,111,3,-16,-1632,2.13,96.2,0,"Data Injection",1
2025-10-31 06:55:00,"IIOT_4","Controller","MQTT",173,3624,0.059,29.5,89.3,55,126,1,94,2575,3.03,100.8,0,"DoS",1
2025-10-31 07:00:00,"IIOT_10","Controller","Modbus",187,2140,0.027,36.9,27.7,51.2,81,10,14,-1484,0.75,114.2,0,"Normal",0
2025-10-31 07:05:00,"IIOT_5","Sensor","MQTT",101,2778,0.055,34.1,38.4,82.9,161,4,-86,638,1.13,126.4,1,"Normal",0
2025-10-31 07:10:00,"IIOT_1","Sensor","MQTT",60,1441,0.001,22.4,79.3,50.3,88,7,-41,-1337,3.54,113.4,0,"MITM",1
2025-10-31 07:15:00,"IIOT_10","Controller","MQTT",62,972,0.078,34.3,83.4,49.8,33,6,2,-469,2.43,97.8,0,"DoS",1
2025-10-31 07:20:00,"IIOT_3","Controller","HTTP",141,2387,0.076,25.4,75.4,46.5,93,1,79,1415,2.97,91.2,0,"DoS",1
2025-10-31 07:25:00,"IIOT_10","Actuator","Modbus",107,1857,0.011,34.2,62,71.6,105,5,-34,-530,1.81,96,0,"Data Injection",1
2025-10-31 07:30:00,"IIOT_2","Sensor","MQTT",133,2848,0.079,29.9,79.8,58.6,46,2,26,991,2.67,73,0,"DoS",1
2025-10-31 07:35:00,"IIOT_9","Controller","Modbus",81,1012,0.012,29.7,86.2,72.5,146,9,-52,-1836,2.9,84.6,0,"Normal",0
2025-10-31 07:40:00,"IIOT_4","Controller","MQTT",213,2761,0.037,33,32.8,62.5,121,3,132,1749,0.99,102.2,0,"Normal",0
2025-10-31 07:45:00,"IIOT_5","Actuator","Modbus",110,1849,0.096,31,56.6,68.7,71,9,-103,-912,1.83,97.8,0,"Normal",0
2025-10-31 07:50:00,"IIOT_8","Actuator","HTTP",94,655,0.011,33.5,23.1,68.5,114,6,-16,-1194,0.69,99.6,0,"Normal",0
2025-10-31 07:55:00,"IIOT_2","Actuator","Modbus",121,2527,0.01,28.7,81.8,33.6,53,6,27,1872,2.85,101,0,"DoS",1
2025-10-31 08:00:00,"IIOT_6","Controller","MQTT",25,2147,0.04,35.1,89.3,53.4,133,3,-96,-380,2.54,98.4,0,"Normal",0
2025-10-31 08:05:00,"IIOT_10","Controller","MQTT",83,1665,0.039,33.9,78.3,69.3,135,1,58,-482,2.31,101.2,0,"Normal",0
2025-10-31 08:10:00,"IIOT_3","Sensor","Modbus",83,1186,0.019,28.1,61.1,49.7,125,6,0,-479,2.17,112,0,"Spoofing",1
2025-10-31 08:15:00,"IIOT_8","Sensor","Modbus",67,1869,0.06,27.3,71.3,65,83,9,-16,683,2.61,105.8,0,"Normal",0
2025-10-31 08:20:00,"IIOT_7","Controller","HTTP",124,1642,0.026,22.9,72.9,61.5,165,10,57,-227,3.18,128.2,1,"Normal",0
2025-10-31 08:25:00,"IIOT_3","Sensor","Modbus",110,1971,0.067,34.3,81.8,54.8,86,6,-14,329,2.38,118.8,0,"Normal",0
2025-10-31 08:30:00,"IIOT_6","Controller","HTTP",130,2248,0.067,33,83.9,38.9,126,2,20,277,2.54,117,0,"MITM",1
2025-10-31 08:35:00,"IIOT_8","Controller","Modbus",77,2166,0.074,37.9,41.6,38.5,111,2,-53,-82,1.1,114.2,0,"MITM",1
2025-10-31 08:40:00,"IIOT_9","Sensor","HTTP",196,1859,0.005,35.1,69.1,67.5,119,5,119,-307,1.97,121.4,0,"Normal",0
2025-10-31 08:45:00,"IIOT_7","Sensor","MQTT",106,2254,0.07,27.4,48.4,73.7,83,9,-90,395,1.77,105,0,"DoS",1
2025-10-31 08:50:00,"IIOT_10","Controller","MQTT",67,2412,0.03,34.3,79.9,34.3,43,2,-39,158,2.33,96.4,0,"Data Injection",1
2025-10-31 08:55:00,"IIOT_3","Controller","Modbus",76,1348,0.069,31,30.2,38.8,13,7,9,-1064,0.97,73.8,0,"MITM",1
2025-10-31 09:00:00,"IIOT_3","Controller","Modbus",138,1112,0.033,27.1,29,59.5,169,6,62,-236,1.07,85.4,1,"MITM",1
2025-10-31 09:05:00,"IIOT_3","Sensor","MQTT",96,238,0.093,20.6,79.8,62.7,136,4,-42,-874,3.87,88.8,0,"Data Injection",1
2025-10-31 09:10:00,"IIOT_7","Sensor","MQTT",89,2559,0.077,30.4,55.1,69.3,156,5,-7,2321,1.81,103.4,1,"Normal",0
2025-10-31 09:15:00,"IIOT_1","Actuator","MQTT",204,3107,0.096,21.7,52.5,37.3,83,7,115,548,2.42,111.4,0,"Normal",0
2025-10-31 09:20:00,"IIOT_4","Sensor","HTTP",115,2305,0.019,29.9,84.3,36.5,116,8,-89,-802,2.82,132,0,"Spoofing",1
2025-10-31 09:25:00,"IIOT_2","Actuator","MQTT",114,2377,0.017,29.4,32.8,48.9,144,8,-1,72,1.12,127,0,"Normal",0
2025-10-31 09:30:00,"IIOT_3","Sensor","MQTT",91,3085,0.038,20.3,50.8,55.4,111,5,-23,708,2.5,122,0,"MITM",1
2025-10-31 09:35:00,"IIOT_2","Sensor","Modbus",103,2304,0.062,44,29.1,30.5,41,2,12,-781,0.66,99,0,"Normal",0
2025-10-31 09:40:00,"IIOT_10","Sensor","MQTT",110,2442,0.078,32.5,84.7,41.6,144,9,7,138,2.61,111.2,0,"Normal",0
2025-10-31 09:45:00,"IIOT_7","Actuator","HTTP",152,1228,0.08,37.9,39.2,43.9,68,2,42,-1214,1.03,101.6,0,"Normal",0
2025-10-31 09:50:00,"IIOT_1","Sensor","MQTT",78,1961,0.091,26.7,24.3,62.6,79,4,-74,733,0.91,88.6,0,"Normal",0
2025-10-31 09:55:00,"IIOT_3","Sensor","Modbus",138,1256,0.031,31.2,79.1,80.7,103,7,60,-705,2.54,87,0,"Normal",0
2025-10-31 10:00:00,"IIOT_4","Sensor","Modbus",188,2505,0.087,32.5,87.2,76.8,99,10,50,1249,2.68,98.6,0,"Spoofing",1
2025-10-31 10:05:00,"IIOT_4","Controller","Modbus",47,2197,0.076,41.1,66.2,76.8,131,2,-141,-308,1.61,96,0,"Normal",0
2025-10-31 10:10:00,"IIOT_5","Controller","Modbus",132,384,0.08,33.4,72.8,59.2,115,6,85,-1813,2.18,105.4,0,"Data Injection",1
2025-10-31 10:15:00,"IIOT_4","Actuator","Modbus",145,2718,0.016,24.8,73,44.5,61,10,13,2334,2.94,101.8,0,"DoS",1
2025-10-31 10:20:00,"IIOT_6","Controller","MQTT",133,2057,0.044,28.5,78,47.3,59,10,-12,-661,2.74,93,0,"Normal",0
2025-10-31 10:25:00,"IIOT_7","Controller","Modbus",207,2756,0.098,28.3,70.9,84.5,121,9,74,699,2.51,97.4,0,"Normal",0
2025-10-31 10:30:00,"IIOT_2","Sensor","HTTP",126,2658,0.002,37.6,79.3,43.4,95,4,-81,-98,2.11,90.2,0,"DoS",1
2025-10-31 10:35:00,"IIOT_8","Sensor","Modbus",174,3013,0.02,25.6,87.2,36.6,75,2,48,355,3.41,82.2,0,"Normal",0
2025-10-31 10:40:00,"IIOT_4","Actuator","MQTT",212,2063,0.045,22.9,65.9,30,91,6,38,-950,2.88,88.2,0,"DoS",1
2025-10-31 10:45:00,"IIOT_1","Actuator","MQTT",69,648,0.091,32.1,62.9,65,92,2,-143,-1415,1.96,94.8,0,"DoS",1
2025-10-31 10:50:00,"IIOT_3","Controller","Modbus",142,2289,0.028,33,87.3,36,141,2,73,1641,2.65,98.8,0,"Normal",0
2025-10-31 10:55:00,"IIOT_9","Actuator","Modbus",119,2054,0.087,31.3,32.3,69.1,110,2,-23,-235,1.03,101.8,0,"Normal",0
2025-10-31 11:00:00,"IIOT_5","Controller","Modbus",179,1994,0.085,36.2,46.3,51.6,200,6,60,-60,1.28,126.8,1,"Normal",0
2025-10-31 11:05:00,"IIOT_7","Actuator","Modbus",108,1570,0.093,25,37.2,33.1,56,10,-71,-424,1.49,119.8,0,"Normal",0
2025-10-31 11:10:00,"IIOT_9","Sensor","Modbus",83,1784,0.059,38.6,44.4,33.1,93,8,-25,214,1.15,120,0,"Normal",0
2025-10-31 11:15:00,"IIOT_5","Sensor","HTTP",127,2200,0.004,31.1,46.5,70.1,113,2,44,416,1.5,114.4,0,"Normal",0
2025-10-31 11:20:00,"IIOT_6","Controller","MQTT",108,2417,0.054,35,31.5,65,75,6,-19,217,0.9,107.4,0,"DoS",1
2025-10-31 11:25:00,"IIOT_4","Sensor","MQTT",157,1738,0.059,29.6,29.6,78.9,182,7,49,-679,1,103.8,1,"Data Injection",1
2025-10-31 11:30:00,"IIOT_2","Sensor","HTTP",103,1935,0.069,36.1,71.1,74.8,132,5,-54,197,1.97,119,0,"Normal",0
2025-10-31 11:35:00,"IIOT_6","Sensor","Modbus",149,826,0.09,32.9,23.5,80.6,120,10,46,-1109,0.71,124.4,0,"MITM",1
2025-10-31 11:40:00,"IIOT_4","Controller","MQTT",168,2454,0.029,29.4,82.9,51.7,29,4,19,1628,2.82,107.6,0,"DoS",1
2025-10-31 11:45:00,"IIOT_1","Controller","MQTT",185,2942,0.027,41.1,80.7,84.1,77,7,17,488,1.96,108,0,"Normal",0
2025-10-31 11:50:00,"IIOT_2","Sensor","Modbus",101,2065,0.001,28.1,67.4,84.9,128,10,-84,-877,2.4,97.2,0,"Normal",0
2025-10-31 11:55:00,"IIOT_8","Sensor","Modbus",104,2375,0.048,30.1,73.6,48.8,41,2,3,310,2.45,79,0,"Data Injection",1
2025-10-31 12:00:00,"IIOT_2","Controller","HTTP",134,1542,0.017,18.1,55.8,52.9,108,6,30,-833,3.08,76.6,0,"Normal",0
2025-10-31 12:05:00,"IIOT_3","Actuator","Modbus",154,2533,0.057,26.3,77.5,71.6,185,2,20,991,2.95,107.8,1,"Normal",0
2025-10-31 12:10:00,"IIOT_5","Sensor","MQTT",121,2419,0.075,26.8,32.1,60.7,24,10,-33,-114,1.2,97.2,0,"Data Injection",1
2025-10-31 12:15:00,"IIOT_9","Sensor","Modbus",96,2173,0.098,28.9,48.8,71.2,23,7,-25,-246,1.69,76.2,0,"Normal",0
2025-10-31 12:20:00,"IIOT_2","Sensor","HTTP",142,1348,0.074,22.1,81.6,81,38,6,46,-825,3.69,75.6,0,"Normal",0
2025-10-31 12:25:00,"IIOT_4","Actuator","Modbus",138,2074,0.037,26.9,24,73.7,105,2,-4,726,0.89,75,0,"Normal",0
2025-10-31 12:30:00,"IIOT_1","Sensor","Modbus",120,2772,0.005,31.4,23.2,73.9,11,5,-18,698,0.74,40.2,0,"Normal",0
2025-10-31 12:35:00,"IIOT_7","Actuator","MQTT",119,1509,0.061,23.4,43.1,39.6,38,7,-1,-1263,1.84,43,0,"DoS",1
2025-10-31 12:40:00,"IIOT_10","Actuator","Modbus",162,1834,0.015,41.6,47.2,54.1,185,8,43,325,1.13,75.4,1,"Normal",0
2025-10-31 12:45:00,"IIOT_5","Controller","MQTT",159,1748,0.038,25,36.6,83.9,128,6,-3,-86,1.46,93.4,0,"Normal",0
2025-10-31 12:50:00,"IIOT_1","Controller","Modbus",188,1133,0.027,29.7,71.2,73.1,85,2,29,-615,2.4,89.4,0,"Normal",0
2025-10-31 12:55:00,"IIOT_8","Controller","HTTP",170,1356,0.023,27.2,74.1,54.8,126,5,-18,223,2.72,112.4,0,"Data Injection",1
2025-10-31 13:00:00,"IIOT_8","Sensor","Modbus",196,2451,0.051,33.2,81.9,80.3,90,2,26,1095,2.47,122.8,0,"Normal",0
2025-10-31 13:05:00,"IIOT_7","Actuator","HTTP",123,3258,0.041,31.1,60.1,33.7,123,5,-73,807,1.93,110.4,0,"Data Injection",1
2025-10-31 13:10:00,"IIOT_3","Sensor","MQTT",145,826,0.063,23.7,69.5,62.9,69,8,22,-2432,2.93,98.6,0,"Spoofing",1
2025-10-31 13:15:00,"IIOT_5","Sensor","Modbus",131,1321,0.087,26.5,37.7,53.7,111,2,-14,495,1.42,103.8,0,"Normal",0
2025-10-31 13:20:00,"IIOT_1","Sensor","Modbus",196,1932,0.033,25.2,27.7,48.9,69,5,65,611,1.1,92.4,0,"Normal",0
2025-10-31 13:25:00,"IIOT_7","Sensor","MQTT",133,3822,0.052,37.8,49.3,69,126,6,-63,1890,1.3,99.6,0,"Normal",0
2025-10-31 13:30:00,"IIOT_9","Actuator","MQTT",152,2414,0.061,32.6,27,40,113,2,19,-1408,0.83,97.6,0,"Normal",0
2025-10-31 13:35:00,"IIOT_7","Actuator","Modbus",167,2421,0.073,28.9,23,36.3,86,5,15,7,0.8,101,0,"Data Injection",1
2025-10-31 13:40:00,"IIOT_1","Actuator","HTTP",169,1058,0.088,31.3,27.1,51.1,76,5,2,-1363,0.87,94,0,"Normal",0
2025-10-31 13:45:00,"IIOT_7","Sensor","MQTT",130,2353,0.058,25.9,67.8,83.8,126,3,-39,1295,2.62,105.4,0,"Normal",0
2025-10-31 13:50:00,"IIOT_7","Sensor","MQTT",129,2302,0.065,34.2,50.3,52.9,102,7,-1,-51,1.47,100.6,0,"DoS",1
2025-10-31 13:55:00,"IIOT_3","Controller","Modbus",208,1307,0.07,30.1,58.8,39.7,66,4,79,-995,1.95,91.2,0,"Normal",0
2025-10-31 14:00:00,"IIOT_1","Actuator","MQTT",103,1356,0.098,31.6,25.3,53.8,90,7,-105,49,0.8,92,0,"Normal",0
2025-10-31 14:05:00,"IIOT_1","Actuator","MQTT",193,877,0.092,30.7,74,30,67,8,90,-479,2.41,90.2,0,"Normal",0
2025-10-31 14:10:00,"IIOT_6","Actuator","Modbus",151,2372,0.014,41,35.7,83.1,85,9,-42,1495,0.87,82,0,"Normal",0
2025-10-31 14:15:00,"IIOT_5","Actuator","HTTP",74,1711,0.09,25.2,80.5,55.5,38,10,-77,-661,3.19,69.2,0,"Data Injection",1
2025-10-31 14:20:00,"IIOT_4","Actuator","Modbus",143,1623,0.039,28.1,30.1,62.6,146,8,69,-88,1.07,85.2,0,"MITM",1
2025-10-31 14:25:00,"IIOT_4","Actuator","MQTT",160,2093,0.028,30.3,89.8,71.4,127,4,17,470,2.96,92.6,0,"DoS",1
2025-10-31 14:30:00,"IIOT_7","Actuator","HTTP",96,2243,0.031,32.6,75.5,47.1,59,6,-64,150,2.32,91,0,"DoS",1
2025-10-31 14:35:00,"IIOT_6","Controller","Modbus",56,1908,0.041,34.8,88,76.5,135,4,-40,-335,2.53,101,0,"Normal",0
2025-10-31 14:40:00,"IIOT_2","Sensor","Modbus",82,1333,0.092,25.7,38.6,80.5,171,10,26,-575,1.5,127.6,1,"Normal",0
2025-10-31 14:45:00,"IIOT_9","Actuator","Modbus",154,3156,0.053,30.3,37.9,57.3,124,7,72,1823,1.25,123.2,0,"DoS",1
2025-10-31 14:50:00,"IIOT_10","Actuator","Modbus",126,3334,0.003,43.1,28.7,51.6,157,9,-28,178,0.67,129.2,1,"Normal",0
2025-10-31 14:55:00,"IIOT_2","Sensor","MQTT",178,2734,0.071,33.1,36.1,69.2,94,9,52,-600,1.09,136.2,0,"DoS",1
2025-10-31 15:00:00,"IIOT_5","Actuator","Modbus",123,1045,0.014,29.9,51.3,71.2,68,1,-55,-1689,1.72,122.8,0,"Normal",0
2025-10-31 15:05:00,"IIOT_8","Sensor","HTTP",138,2839,0.078,28.5,39.9,33.8,125,4,15,1794,1.4,113.6,0,"Normal",0
2025-10-31 15:10:00,"IIOT_7","Sensor","Modbus",80,1480,0.073,25.6,81.7,77.3,72,9,-58,-1359,3.19,103.2,0,"Normal",0
2025-10-31 15:15:00,"IIOT_1","Sensor","Modbus",13,1275,0.047,36.4,25,75.6,44,8,-67,-205,0.69,80.6,0,"Normal",0
2025-10-31 15:20:00,"IIOT_8","Controller","Modbus",81,2357,0.018,31.4,62.9,66.4,138,2,68,1082,2,89.4,0,"Normal",0
2025-10-31 15:25:00,"IIOT_3","Controller","Modbus",129,1945,0.067,26.4,22.7,71.8,115,4,48,-412,0.86,98.8,0,"Normal",0
2025-10-31 15:30:00,"IIOT_2","Sensor","Modbus",51,2462,0.008,28,71.7,53.8,60,6,-78,517,2.56,85.8,0,"Normal",0
2025-10-31 15:35:00,"IIOT_6","Actuator","HTTP",184,1739,0.097,24.8,57.9,78,122,6,133,-723,2.33,95.8,0,"Data Injection",1
2025-10-31 15:40:00,"IIOT_7","Controller","MQTT",111,1866,0.072,22.3,79.6,34.9,190,7,-73,127,3.57,125,1,"MITM",1
2025-10-31 15:45:00,"IIOT_3","Sensor","HTTP",35,1000,0.069,34.7,49.8,76,61,7,-76,-866,1.44,109.6,0,"Normal",0
2025-10-31 15:50:00,"IIOT_3","Sensor","Modbus",120,2802,0.024,27.4,84.2,55.7,105,2,85,1802,3.07,107.6,0,"Normal",0
2025-10-31 15:55:00,"IIOT_2","Sensor","Modbus",46,2349,0.035,23.4,28.4,65.6,92,3,-74,-453,1.21,114,0,"MITM",1
2025-10-31 16:00:00,"IIOT_5","Sensor","MQTT",123,1064,0.019,22.7,42.9,76.3,120,2,77,-1285,1.89,113.6,0,"Normal",0
2025-10-31 16:05:00,"IIOT_6","Sensor","Modbus",150,2211,0.049,27.1,24.9,45.8,108,2,27,1147,0.92,97.2,0,"Data Injection",1
2025-10-31 16:10:00,"IIOT_9","Controller","Modbus",114,3112,0.057,24.3,33.5,77.2,93,3,-36,901,1.38,103.6,0,"Normal",0
2025-10-31 16:15:00,"IIOT_3","Actuator","Modbus",166,2243,0.096,34.8,53.7,67.5,100,2,52,-869,1.54,102.6,0,"Normal",0
2025-10-31 16:20:00,"IIOT_2","Actuator","Modbus",138,2757,0.093,20,66.8,52.4,193,1,-28,514,3.34,122.8,1,"Normal",0
2025-10-31 16:25:00,"IIOT_6","Controller","MQTT",96,1976,0.031,31.9,34.6,56.5,139,6,-42,-781,1.08,126.6,0,"Normal",0
2025-10-31 16:30:00,"IIOT_10","Controller","MQTT",78,1958,0.017,27.4,86.2,55.1,99,1,-18,-18,3.15,124.8,0,"DoS",1
2025-10-31 16:35:00,"IIOT_1","Sensor","HTTP",156,1144,0.092,34.1,34.9,80.9,36,10,78,-814,1.02,113.4,0,"Normal",0
2025-10-31 16:40:00,"IIOT_5","Sensor","MQTT",127,1815,0.047,32.2,39.9,64.2,110,8,-29,671,1.24,115.4,0,"DoS",1
2025-10-31 16:45:00,"IIOT_4","Actuator","MQTT",87,739,0.002,35.8,41.3,82.9,72,8,-40,-1076,1.15,91.2,0,"Normal",0
2025-10-31 16:50:00,"IIOT_2","Sensor","MQTT",156,2364,0.039,19.3,50.1,78,63,5,69,1625,2.6,76,0,"DoS",1
2025-10-31 16:55:00,"IIOT_3","Sensor","HTTP",145,1146,0.089,38.2,37.1,72.3,101,2,-11,-1218,0.97,76.4,0,"Normal",0
2025-10-31 17:00:00,"IIOT_6","Sensor","Modbus",147,814,0.094,36.1,77.5,43.5,46,10,2,-332,2.15,78.4,0,"MITM",1
2025-10-31 17:05:00,"IIOT_10","Sensor","MQTT",157,3750,0.033,32.7,60.2,45.5,93,9,10,2936,1.84,75,0,"Data Injection",1
2025-10-31 17:10:00,"IIOT_6","Actuator","Modbus",122,2537,0.034,35,89.2,49.5,3,9,-35,-1213,2.55,61.2,0,"MITM",1
2025-10-31 17:15:00,"IIOT_9","Actuator","MQTT",105,2727,0.08,33.9,77.4,73.5,127,9,-17,190,2.28,74,0,"Data Injection",1
2025-10-31 17:20:00,"IIOT_10","Actuator","Modbus",188,2185,0.042,25.9,22.4,35.4,109,5,83,-542,0.86,75.6,0,"Normal",0
2025-10-31 17:25:00,"IIOT_10","Sensor","HTTP",182,1450,0.061,32.9,36.9,64.4,162,2,-6,-735,1.12,98.8,1,"Normal",0
2025-10-31 17:30:00,"IIOT_3","Actuator","Modbus",149,1935,0.067,39,44,31.3,150,5,-33,485,1.13,110.2,0,"Normal",0
2025-10-31 17:35:00,"IIOT_3","Sensor","MQTT",136,829,0.083,27.1,28.3,69,103,5,-13,-1106,1.04,130.2,0,"MITM",1
2025-10-31 17:40:00,"IIOT_6","Actuator","Modbus",147,740,0.007,29.7,22.6,78.3,79,5,11,-89,0.76,120.6,0,"DoS",1
2025-10-31 17:45:00,"IIOT_8","Controller","Modbus",111,2145,0.086,40.1,72.6,54,130,8,-36,1405,1.81,124.8,0,"MITM",1
2025-10-31 17:50:00,"IIOT_1","Sensor","MQTT",154,1754,0.032,25.6,39.7,81.7,121,9,43,-391,1.55,116.6,0,"Data Injection",1
2025-10-31 17:55:00,"IIOT_4","Sensor","HTTP",147,1611,0.097,37.5,39.7,30.2,76,5,-7,-143,1.06,101.8,0,"Normal",0
2025-10-31 18:00:00,"IIOT_1","Sensor","MQTT",153,1128,0.069,29.2,76.8,63.5,73,10,6,-483,2.63,95.8,0,"MITM",1
2025-10-31 18:05:00,"IIOT_2","Sensor","MQTT",46,3035,0.045,38.4,88,71.5,71,3,-107,1907,2.29,94.2,0,"DoS",1
2025-10-31 18:10:00,"IIOT_7","Controller","MQTT",135,1244,0.014,37.7,89.8,81.5,165,9,89,-1791,2.38,101.2,1,"Normal",0
2025-10-31 18:15:00,"IIOT_4","Sensor","HTTP",134,769,0.092,28.4,82.5,65.4,66,10,-1,-475,2.9,90.2,0,"Data Injection",1
2025-10-31 18:20:00,"IIOT_5","Controller","HTTP",112,2203,0.083,28,72.2,46,37,6,-22,1434,2.58,82.4,0,"Normal",0
2025-10-31 18:25:00,"IIOT_7","Controller","HTTP",147,2415,0.039,28.3,63,44.7,58,5,35,212,2.23,79.4,0,"DoS",1
2025-10-31 18:30:00,"IIOT_5","Sensor","MQTT",159,1631,0.061,28.7,37.5,57.4,149,6,12,-784,1.31,95,0,"MITM",1
2025-10-31 18:35:00,"IIOT_4","Controller","Modbus",34,2150,0.064,29.1,68.5,70.2,134,8,-125,519,2.35,88.8,0,"MITM",1
2025-10-31 18:40:00,"IIOT_1","Sensor","MQTT",94,1648,0.05,29.3,47.8,43.8,149,2,60,-502,1.63,105.4,0,"Normal",0
2025-10-31 18:45:00,"IIOT_4","Sensor","HTTP",82,3127,0.086,44.3,37.2,76.1,104,2,-12,1479,0.84,118.8,0,"Normal",0
2025-10-31 18:50:00,"IIOT_7","Actuator","Modbus",16,2221,0.047,28,21.8,36.3,91,7,-66,-906,0.78,125.4,0,"Normal",0
2025-10-31 18:55:00,"IIOT_4","Sensor","MQTT",108,722,0.055,33.7,44.9,39.9,108,9,92,-1499,1.33,117.2,0,"Normal",0
2025-10-31 19:00:00,"IIOT_2","Actuator","Modbus",94,1355,0.063,36.1,89.2,66,93,8,-14,633,2.47,109,0,"Normal",0
2025-10-31 19:05:00,"IIOT_8","Actuator","Modbus",165,2619,0.094,22.7,73.1,33.9,75,1,71,1264,3.22,94.2,0,"Data Injection",1
2025-10-31 19:10:00,"IIOT_2","Controller","Modbus",78,3181,0.019,27.9,48.5,60.6,114,5,-87,562,1.74,96.2,0,"MITM",1
2025-10-31 19:15:00,"IIOT_9","Actuator","MQTT",156,1369,0.044,29.7,60.5,63.3,120,7,78,-1812,2.04,102,0,"Normal",0
2025-10-31 19:20:00,"IIOT_5","Sensor","Modbus",68,2122,0.054,20.1,43.1,31.4,123,9,-88,753,2.14,105,0,"Normal",0
2025-10-31 19:25:00,"IIOT_3","Actuator","MQTT",191,1524,0.037,36.5,75.2,46.3,76,4,123,-598,2.06,101.6,0,"Normal",0
2025-10-31 19:30:00,"IIOT_2","Controller","MQTT",113,3554,0.065,26.8,77.5,45.1,134,4,-78,2030,2.89,113.4,0,"Normal",0
2025-10-31 19:35:00,"IIOT_2","Actuator","MQTT",114,1603,0.008,31.2,28.3,50,82,8,1,-1951,0.91,107,0,"Normal",0
2025-10-31 19:40:00,"IIOT_10","Controller","Modbus",116,2650,0.09,24.4,36.3,36.9,84,7,2,1047,1.49,99.8,0,"Normal",0
2025-10-31 19:45:00,"IIOT_5","Sensor","Modbus",113,1757,0.083,30.8,34,40.4,100,9,-3,-893,1.1,95.2,0,"Data Injection",1
2025-10-31 19:50:00,"IIOT_10","Actuator","Modbus",114,2224,0.021,30.1,86.3,46.9,160,6,1,467,2.87,112,1,"Spoofing",1
2025-10-31 19:55:00,"IIOT_8","Sensor","MQTT",81,1223,0.007,37.1,29.2,60.5,110,4,-33,-1001,0.79,107.2,0,"Normal",0
2025-10-31 20:00:00,"IIOT_1","Sensor","MQTT",69,2000,0.023,34.6,42,55.2,112,3,-12,777,1.21,113.2,0,"MITM",1
2025-10-31 20:05:00,"IIOT_3","Controller","Modbus",71,2366,0.02,32.6,76.1,35.1,148,3,2,366,2.33,126,0,"Normal",0
2025-10-31 20:10:00,"IIOT_8","Controller","HTTP",101,919,0.039,25.2,67.9,38.6,115,3,30,-1447,2.69,129,0,"DoS",1
2025-10-31 20:15:00,"IIOT_9","Sensor","MQTT",131,2789,0.063,31.5,40.1,83.6,109,6,30,1870,1.27,118.8,0,"DoS",1
2025-10-31 20:20:00,"IIOT_5","Actuator","HTTP",88,1882,0.02,41.7,43,61.9,158,2,-43,-907,1.03,128.4,1,"Data Injection",1
2025-10-31 20:25:00,"IIOT_9","Actuator","HTTP",138,857,0.032,30.4,39.7,43.7,93,6,50,-1025,1.31,124.6,0,"Normal",0
2025-10-31 20:30:00,"IIOT_6","Actuator","MQTT",119,2248,0.099,29.1,66.8,49.7,93,6,-19,1391,2.3,113.6,0,"DoS",1
2025-10-31 20:35:00,"IIOT_4","Controller","Modbus",66,2239,0.018,31.3,56.6,42.8,78,5,-53,-9,1.81,106.2,0,"MITM",1
2025-10-31 20:40:00,"IIOT_10","Sensor","MQTT",137,1772,0.046,30.8,27.3,46.7,76,7,71,-467,0.89,99.6,0,"Data Injection",1
2025-10-31 20:45:00,"IIOT_7","Sensor","MQTT",152,1999,0.091,22.1,83.1,38.1,137,8,15,227,3.76,95.4,0,"MITM",1
2025-10-31 20:50:00,"IIOT_4","Sensor","Modbus",50,2709,0.034,35.8,54.2,40.9,109,7,-102,710,1.51,98.6,0,"Normal",0
2025-10-31 20:55:00,"IIOT_2","Actuator","MQTT",155,1444,0.093,26.7,38.8,37.7,40,5,105,-1265,1.45,88,0,"Data Injection",1
2025-10-31 21:00:00,"IIOT_9","Actuator","Modbus",100,2268,0.01,32.9,87.7,81.5,118,2,-55,824,2.67,96,0,"Normal",0
2025-10-31 21:05:00,"IIOT_9","Sensor","MQTT",108,1752,0.011,28.4,77.8,31,61,1,8,-516,2.74,93,0,"Normal",0
2025-10-31 21:10:00,"IIOT_5","Sensor","Modbus",159,666,0.09,37.1,86.4,67.3,131,5,51,-1086,2.33,91.8,0,"DoS",1
2025-10-31 21:15:00,"IIOT_2","Actuator","Modbus",85,2624,0.024,29.7,72.9,67,84,9,-74,1958,2.45,86.8,0,"Normal",0
2025-10-31 21:20:00,"IIOT_6","Sensor","Modbus",207,2203,0.025,32.6,79.4,36.2,97,8,122,-421,2.44,98.2,0,"Spoofing",1
2025-10-31 21:25:00,"IIOT_3","Sensor","Modbus",40,1188,0.084,31.8,35.8,80.6,118,6,-167,-1015,1.13,98.2,0,"MITM",1
2025-10-31 21:30:00,"IIOT_9","Controller","MQTT",120,394,0.024,31.4,70.2,68.3,126,8,80,-794,2.24,111.2,0,"DoS",1
2025-10-31 21:35:00,"IIOT_1","Sensor","MQTT",107,1830,0.057,31.3,78.3,55,151,2,-13,1436,2.5,115.2,1,"MITM",1
2025-10-31 21:40:00,"IIOT_6","Sensor","HTTP",145,2700,0.055,35.3,64.3,33.5,143,1,38,870,1.82,127,0,"Normal",0
2025-10-31 21:45:00,"IIOT_1","Controller","HTTP",114,2728,0.04,26.3,80.8,35.9,99,5,-31,28,3.07,127.4,0,"MITM",1
2025-10-31 21:50:00,"IIOT_9","Sensor","Modbus",85,1321,0.034,30.3,36.9,82.5,108,5,-29,-1407,1.22,125.4,0,"DoS",1
2025-10-31 21:55:00,"IIOT_10","Controller","Modbus",169,1882,0.076,29.9,80.9,74.7,72,8,84,561,2.71,114.6,0,"DoS",1
2025-10-31 22:00:00,"IIOT_4","Actuator","HTTP",147,979,0.042,26.6,23.6,64.2,104,6,-22,-903,0.89,105.2,0,"Normal",0
2025-10-31 22:05:00,"IIOT_7","Sensor","Modbus",140,2204,0.089,26.1,58.9,78.1,63,2,-7,1225,2.26,89.2,0,"Spoofing",1
2025-10-31 22:10:00,"IIOT_5","Actuator","MQTT",122,2630,0.099,27.7,58.6,57.8,118,2,-18,426,2.12,93,0,"Normal",0
2025-10-31 22:15:00,"IIOT_5","Actuator","MQTT",125,2887,0.089,33,26.2,75.1,138,3,3,257,0.79,99,0,"DoS",1
2025-10-31 22:20:00,"IIOT_7","Sensor","HTTP",121,2912,0.016,32.3,27.7,79.2,95,7,-4,25,0.86,103.6,0,"Normal",0
2025-10-31 22:25:00,"IIOT_2","Controller","MQTT",95,1823,0.031,24.4,59.8,80.8,93,7,-26,-1089,2.45,101.4,0,"Normal",0
2025-10-31 22:30:00,"IIOT_4","Actuator","Modbus",148,1969,0.034,33.1,33.3,75.9,117,7,53,146,1.01,112.2,0,"Normal",0
2025-10-31 22:35:00,"IIOT_10","Sensor","HTTP",109,2301,0.059,30,40.5,34.4,0,7,-39,332,1.35,88.6,0,"Normal",0
2025-10-31 22:40:00,"IIOT_1","Sensor","MQTT",75,1518,0.034,28.3,66.9,45.5,148,3,-34,-783,2.36,90.6,0,"Normal",0
2025-10-31 22:45:00,"IIOT_2","Actuator","HTTP",143,2261,0.022,29,58.6,41.8,64,8,68,743,2.02,84.4,0,"Normal",0
2025-10-31 22:50:00,"IIOT_1","Sensor","HTTP",98,2852,0.029,31.1,29.7,71,163,6,-45,591,0.95,98.4,1,"Data Injection",1
2025-10-31 22:55:00,"IIOT_7","Actuator","Modbus",136,531,0.032,30.8,51,81.2,88,5,38,-2321,1.66,92.6,0,"DoS",1
2025-10-31 23:00:00,"IIOT_3","Actuator","Modbus",142,2483,0.092,35.1,85.9,42.7,13,9,6,1952,2.45,95.2,0,"Spoofing",1
2025-10-31 23:05:00,"IIOT_8","Sensor","MQTT",107,1314,0.017,29.9,53.4,56.9,83,4,-35,-1169,1.79,82.2,0,"Normal",0
2025-10-31 23:10:00,"IIOT_10","Controller","Modbus",144,2877,0.008,35.7,31.8,48.5,94,1,37,1563,0.89,88.2,0,"Normal",0
2025-10-31 23:15:00,"IIOT_9","Actuator","MQTT",116,2552,0.018,33.4,81.6,49.5,104,9,-28,-325,2.44,76.4,0,"DoS",1
2025-10-31 23:20:00,"IIOT_6","Sensor","MQTT",117,2482,0.095,34.8,49.4,76.2,141,3,1,-70,1.42,87,0,"Normal",0
2025-10-31 23:25:00,"IIOT_4","Sensor","MQTT",116,2166,0.061,32.9,88.8,60.4,77,8,-1,-316,2.7,99.8,0,"Normal",0
2025-10-31 23:30:00,"IIOT_2","Sensor","Modbus",133,1763,0.038,25,24.3,80,80,8,17,-403,0.97,99.2,0,"MITM",1
2025-10-31 23:35:00,"IIOT_7","Actuator","MQTT",81,2690,0.039,35.3,62.6,84.1,99,7,-52,927,1.77,100.2,0,"MITM",1
2025-10-31 23:40:00,"IIOT_7","Sensor","Modbus",169,1895,0.044,25.5,61.5,42.9,212,8,88,-795,2.41,121.8,1,"Normal",0
2025-10-31 23:45:00,"IIOT_2","Sensor","HTTP",135,2289,0.004,30.6,78.3,30.4,96,2,-34,394,2.56,112.8,0,"DoS",1
2025-10-31 23:50:00,"IIOT_3","Actuator","Modbus",93,2823,0.068,21.2,42.6,67.6,121,7,-42,534,2.01,121.6,0,"Normal",0
2025-10-31 23:55:00,"IIOT_3","Sensor","HTTP",32,2780,0.009,25.6,87.7,66.4,125,3,-61,-43,3.43,130.6,0,"DoS",1
2025-11-01,"IIOT_7","Sensor","HTTP",70,2909,0.03,31.6,37.4,66.4,147,2,38,129,1.18,140.2,0,"MITM",1
2025-11-01 00:05:00,"IIOT_6","Controller","Modbus",112,2468,0.03,38.8,60.5,53.8,95,4,42,-441,1.56,116.8,0,"Normal",0
2025-11-01 00:10:00,"IIOT_9","Controller","Modbus",177,2211,0.065,30.5,51.7,59.1,99,4,65,-257,1.7,117.4,0,"Normal",0
2025-11-01 00:15:00,"IIOT_2","Actuator","HTTP",107,895,0.095,30.7,78.7,49.5,86,3,-70,-1316,2.56,110.4,0,"Normal",0
2025-11-01 00:20:00,"IIOT_5","Actuator","Modbus",91,2949,0.099,28.2,45.3,79.5,132,2,-16,2054,1.61,111.8,0,"DoS",1
2025-11-01 00:25:00,"IIOT_6","Sensor","HTTP",100,1679,0.075,33.1,88.4,73.8,15,10,9,-1270,2.67,85.4,0,"Data Injection",1
2025-11-01 00:30:00,"IIOT_9","Sensor","MQTT",160,2574,0.049,28.1,26.3,44,79,6,60,895,0.94,82.2,0,"Normal",0
2025-11-01 00:35:00,"IIOT_10","Actuator","MQTT",60,2038,0.023,26,83.3,73.9,168,1,-100,-536,3.2,96,1,"Normal",0
2025-11-01 00:40:00,"IIOT_7","Actuator","HTTP",90,1998,0.084,33,40.6,84.4,94,10,30,-40,1.23,97.6,0,"Normal",0
2025-11-01 00:45:00,"IIOT_8","Controller","Modbus",99,2062,0.048,28.6,88.4,77.9,68,2,9,64,3.09,84.8,0,"Normal",0
2025-11-01 00:50:00,"IIOT_1","Sensor","MQTT",44,2564,0.1,34,42.5,81.8,85,10,-55,502,1.25,98.8,0,"Normal",0
2025-11-01 00:55:00,"IIOT_1","Actuator","HTTP",188,2826,0.01,32.2,34.9,49.7,128,8,144,262,1.08,108.6,0,"Spoofing",1
2025-11-01 01:00:00,"IIOT_9","Sensor","HTTP",165,988,0.036,33.3,64.4,59.4,87,10,-23,-1838,1.93,92.4,0,"Normal",0
2025-11-01 01:05:00,"IIOT_6","Sensor","Modbus",156,1847,0.004,24.6,56.5,84.2,198,6,-9,859,2.3,113.2,1,"Normal",0
2025-11-01 01:10:00,"IIOT_5","Sensor","MQTT",196,1750,0.089,24.8,39.5,42.9,134,4,40,-97,1.59,126.4,0,"Normal",0
2025-11-01 01:15:00,"IIOT_5","Sensor","HTTP",106,2161,0.034,19.4,39,84.8,91,1,-90,411,2.01,127.6,0,"Normal",0
2025-11-01 01:20:00,"IIOT_7","Actuator","Modbus",81,2321,0.04,31.3,81.5,58.8,88,5,-25,160,2.6,119.6,0,"Normal",0
2025-11-01 01:25:00,"IIOT_5","Actuator","MQTT",71,2337,0.022,33.7,20.9,44.2,135,5,-10,16,0.62,129.2,0,"Normal",0
2025-11-01 01:30:00,"IIOT_10","Actuator","Modbus",125,2781,0.083,25.7,70.4,65.1,133,9,54,444,2.74,116.2,0,"MITM",1
2025-11-01 01:35:00,"IIOT_10","Sensor","Modbus",225,794,0.015,27.7,78.3,66.7,130,4,100,-1987,2.83,115.4,0,"DoS",1
2025-11-01 01:40:00,"IIOT_10","Actuator","MQTT",120,550,0.032,41.5,89.1,64.3,122,3,-105,-244,2.15,121.6,0,"Normal",0
2025-11-01 01:45:00,"IIOT_5","Actuator","Modbus",90,2246,0.081,32.7,44.8,42.8,143,5,-30,1696,1.37,132.6,0,"Spoofing",1
2025-11-01 01:50:00,"IIOT_9","Sensor","HTTP",155,760,0.099,27.7,40.9,46.5,74,7,65,-1486,1.48,120.4,0,"Normal",0
2025-11-01 01:55:00,"IIOT_9","Actuator","HTTP",117,732,0.007,36,75.4,54.9,87,2,-38,-28,2.09,111.2,0,"Data Injection",1
2025-11-01 02:00:00,"IIOT_3","Controller","HTTP",186,2537,0.067,26.9,28.8,52.9,33,6,69,1805,1.07,91.8,0,"Normal",0
2025-11-01 02:05:00,"IIOT_2","Sensor","Modbus",128,2836,0.002,23.6,86.9,46.3,141,3,-58,299,3.68,95.6,0,"Spoofing",1
2025-11-01 02:10:00,"IIOT_4","Sensor","Modbus",176,2170,0.014,28.6,80.4,46.2,100,6,48,-666,2.81,87,0,"Normal",0
2025-11-01 02:15:00,"IIOT_7","Actuator","MQTT",95,2235,0.019,29.9,43.3,83.6,117,9,-81,65,1.45,95.6,0,"Normal",0
2025-11-01 02:20:00,"IIOT_8","Actuator","MQTT",100,2097,0.088,24,78.1,59.9,65,3,5,-138,3.25,91.2,0,"DoS",1
2025-11-01 02:25:00,"IIOT_3","Actuator","MQTT",153,2747,0.022,33.7,35.4,51.5,124,8,53,650,1.05,109.4,0,"Spoofing",1
2025-11-01 02:30:00,"IIOT_1","Sensor","Modbus",143,1432,0.023,25.5,58.2,54.1,126,5,-10,-1315,2.28,106.4,0,"Data Injection",1
2025-11-01 02:35:00,"IIOT_9","Controller","Modbus",124,3156,0.054,38.9,36.8,64.7,54,9,-19,1724,0.95,97.2,0,"Normal",0
2025-11-01 02:40:00,"IIOT_5","Sensor","MQTT",189,2346,0.053,35.4,48.3,31.7,102,8,65,-810,1.36,94.2,0,"Normal",0
2025-11-01 02:45:00,"IIOT_1","Actuator","Modbus",106,1213,0.093,30.6,21.1,42.8,89,9,-83,-1133,0.69,99,0,"Normal",0
2025-11-01 02:50:00,"IIOT_3","Sensor","Modbus",88,2433,0.032,37.3,45.4,38.4,75,8,-18,1220,1.22,89.2,0,"Normal",0
2025-11-01 02:55:00,"IIOT_2","Sensor","Modbus",37,892,0.091,34.3,83.9,47.6,110,5,-51,-1541,2.45,86,0,"Normal",0
2025-11-01 03:00:00,"IIOT_4","Sensor","HTTP",163,1503,0.076,31.9,62,70.4,209,10,126,611,1.94,117,1,"Normal",0
2025-11-01 03:05:00,"IIOT_8","Sensor","HTTP",124,1012,0.1,30.4,31.8,52.3,132,3,-39,-491,1.05,123,0,"DoS",1
2025-11-01 03:10:00,"IIOT_7","Actuator","MQTT",62,1520,0.03,32.8,58.5,62.9,98,8,-62,508,1.78,124.8,0,"Spoofing",1
2025-11-01 03:15:00,"IIOT_3","Sensor","HTTP",183,2678,0.097,26.3,48,35.6,75,8,121,1158,1.83,124.8,0,"Normal",0
2025-11-01 03:20:00,"IIOT_9","Controller","Modbus",93,1250,0.044,28.3,26.5,67.4,116,3,-90,-1428,0.94,126,0,"Normal",0
2025-11-01 03:25:00,"IIOT_10","Actuator","Modbus",172,3108,0.055,27.8,46.9,51,79,5,79,1858,1.69,100,0,"Normal",0
2025-11-01 03:30:00,"IIOT_2","Controller","Modbus",206,1781,0.027,33,76.8,33.9,128,1,34,-1327,2.33,99.2,0,"Normal",0
2025-11-01 03:35:00,"IIOT_7","Sensor","Modbus",112,737,0.054,33.4,48.9,76.3,90,7,-94,-1044,1.46,97.6,0,"Normal",0
2025-11-01 03:40:00,"IIOT_5","Actuator","HTTP",165,3237,0.098,35.2,39.8,31.1,139,9,53,2500,1.13,110.4,0,"Normal",0
2025-11-01 03:45:00,"IIOT_7","Controller","HTTP",70,2188,0.051,30.1,61.8,49.5,88,2,-95,-1049,2.05,104.8,0,"Normal",0
2025-11-01 03:50:00,"IIOT_10","Controller","Modbus",33,2602,0.069,26.3,75.1,59.5,83,5,-37,414,2.86,105.6,0,"DoS",1
2025-11-01 03:55:00,"IIOT_6","Sensor","Modbus",97,1250,0.067,30.8,21.1,34.1,152,2,64,-1352,0.69,110.4,1,"Normal",0
2025-11-01 04:00:00,"IIOT_6","Controller","MQTT",130,582,0.002,30.6,27.3,48.9,107,8,33,-668,0.89,113.8,0,"Normal",0
2025-11-01 04:05:00,"IIOT_3","Sensor","MQTT",104,1419,0.035,32.1,48.9,55.2,119,9,-26,837,1.52,109.8,0,"Spoofing",1
2025-11-01 04:10:00,"IIOT_9","Sensor","MQTT",139,602,0.06,32.5,45.2,48.4,165,4,35,-817,1.39,125.2,1,"DoS",1
2025-11-01 04:15:00,"IIOT_1","Controller","Modbus",94,1923,0.052,25.1,23.6,44,112,7,-45,1321,0.94,131,0,"Normal",0
2025-11-01 04:20:00,"IIOT_1","Sensor","HTTP",128,2328,0.019,28.2,32.3,76.6,62,6,34,405,1.15,113,0,"DoS",1
2025-11-01 04:25:00,"IIOT_4","Sensor","HTTP",113,2727,0.005,32.7,38.4,36.9,103,8,-15,399,1.17,112.2,0,"Normal",0
2025-11-01 04:30:00,"IIOT_8","Controller","MQTT",84,2940,0.089,30.1,31.9,48.2,124,2,-29,213,1.06,113.2,0,"DoS",1
2025-11-01 04:35:00,"IIOT_9","Sensor","MQTT",112,2796,0.087,31.3,54.7,51.1,115,6,28,-144,1.75,103.2,0,"Normal",0
2025-11-01 04:40:00,"IIOT_7","Actuator","Modbus",100,2141,0.024,42.2,28,33.6,150,4,-12,-655,0.66,110.8,0,"Normal",0
2025-11-01 04:45:00,"IIOT_5","Sensor","MQTT",171,2620,0.008,21.7,58.9,43,113,2,71,479,2.71,121,0,"Normal",0
2025-11-01 04:50:00,"IIOT_7","Sensor","MQTT",103,2998,0.033,30.4,85.9,34.5,81,4,-68,378,2.83,116.6,0,"Normal",0
2025-11-01 04:55:00,"IIOT_9","Sensor","MQTT",108,2470,0.081,26.1,59.6,55.1,121,3,5,-528,2.28,116,0,"DoS",1
2025-11-01 05:00:00,"IIOT_2","Sensor","MQTT",146,1192,0.046,30.3,69.6,60.6,133,3,38,-1278,2.3,119.6,0,"Normal",0
2025-11-01 05:05:00,"IIOT_9","Sensor","HTTP",88,1712,0.065,31.4,43.4,61.3,81,7,-58,520,1.38,105.8,0,"Spoofing",1
2025-11-01 05:10:00,"IIOT_3","Sensor","Modbus",102,2642,0.062,36,86.8,68.1,119,8,14,930,2.41,107,0,"Normal",0
2025-11-01 05:15:00,"IIOT_1","Sensor","HTTP",127,3579,0.001,26.4,57.1,71.4,25,6,25,937,2.16,95.8,0,"Normal",0
2025-11-01 05:20:00,"IIOT_10","Sensor","MQTT",131,1796,0.025,30.3,82.2,72.1,138,9,4,-1783,2.71,99.2,0,"Normal",0
2025-11-01 05:25:00,"IIOT_6","Actuator","HTTP",81,2111,0.082,24.8,31.9,80.9,124,1,-50,315,1.29,97.4,0,"Normal",0
2025-11-01 05:30:00,"IIOT_9","Sensor","HTTP",125,2070,0.001,34.1,32.4,53,116,2,44,-41,0.95,104.4,0,"Spoofing",1
2025-11-01 05:35:00,"IIOT_9","Controller","HTTP",92,1012,0.074,29.5,30.8,52.4,90,6,-33,-1058,1.04,98.6,0,"Normal",0
2025-11-01 05:40:00,"IIOT_4","Sensor","HTTP",77,2312,0.095,32.5,53.9,79.8,130,2,-15,1300,1.66,119.6,0,"Spoofing",1
2025-11-01 05:45:00,"IIOT_9","Sensor","Modbus",57,1434,0.086,29.6,41.8,84.2,61,6,-20,-878,1.41,104.2,0,"DoS",1
2025-11-01 05:50:00,"IIOT_7","Sensor","MQTT",161,1488,0.01,39.3,72.8,60.1,125,2,104,54,1.85,104.4,0,"MITM",1
2025-11-01 05:55:00,"IIOT_3","Sensor","Modbus",90,1839,0.011,32.8,62.2,50,152,2,-71,351,1.9,111.6,1,"Normal",0
2025-11-01 06:00:00,"IIOT_5","Actuator","MQTT",150,2221,0.064,32,85.7,77.2,150,4,60,382,2.68,123.6,0,"Normal",0
2025-11-01 06:05:00,"IIOT_7","Controller","HTTP",118,2402,0.082,22.4,67,35.2,138,1,-32,181,2.99,125.2,0,"Normal",0
2025-11-01 06:10:00,"IIOT_4","Sensor","Modbus",157,2475,0.059,30.1,55.2,83.3,102,1,39,73,1.83,133.4,0,"Normal",0
2025-11-01 06:15:00,"IIOT_4","Sensor","MQTT",165,1738,0.009,28.4,71.4,40.6,130,3,8,-737,2.51,134.4,0,"MITM",1
2025-11-01 06:20:00,"IIOT_9","Controller","Modbus",108,1096,0.064,49.1,52.4,57.1,61,9,-57,-642,1.07,116.2,0,"DoS",1
2025-11-01 06:25:00,"IIOT_4","Actuator","HTTP",121,2763,0.066,28.5,64.1,74.7,6,3,13,1667,2.25,87.4,0,"MITM",1
2025-11-01 06:30:00,"IIOT_4","Sensor","MQTT",91,2398,0.096,22.4,24.6,31.4,77,2,-30,-365,1.1,75.2,0,"Normal",0
2025-11-01 06:35:00,"IIOT_7","Actuator","MQTT",128,2535,0.03,25.1,49.6,64,105,3,37,137,1.98,75.8,0,"Normal",0
2025-11-01 06:40:00,"IIOT_10","Sensor","HTTP",123,1137,0.037,30,41.1,57,115,3,-5,-1398,1.37,72.8,0,"Normal",0
2025-11-01 06:45:00,"IIOT_8","Controller","Modbus",156,1381,0.052,27.4,35.8,70.4,160,3,33,244,1.31,92.6,1,"Normal",0
2025-11-01 06:50:00,"IIOT_5","Sensor","Modbus",135,2284,0.045,32.2,75,74.5,129,10,-21,903,2.33,117.2,0,"Normal",0
2025-11-01 06:55:00,"IIOT_5","Actuator","HTTP",66,2477,0.024,27.4,87.2,78.3,144,8,-69,193,3.18,130.6,0,"Normal",0
2025-11-01 07:00:00,"IIOT_2","Sensor","MQTT",132,1347,0.061,32.1,30.6,59.4,80,1,66,-1130,0.95,125.6,0,"Spoofing",1
2025-11-01 07:05:00,"IIOT_10","Sensor","MQTT",59,3493,0.045,33.5,64.4,45.5,110,6,-73,2146,1.92,124.6,0,"Normal",0
2025-11-01 07:10:00,"IIOT_10","Sensor","Modbus",185,1445,0.097,32,83.7,77.5,74,7,126,-2048,2.62,107.4,0,"Normal",0
2025-11-01 07:15:00,"IIOT_5","Controller","Modbus",152,2792,0.077,30.8,70.6,81.9,82,6,-33,1347,2.29,98,0,"Normal",0
2025-11-01 07:20:00,"IIOT_7","Sensor","Modbus",124,3133,0.024,37.9,32.8,39.8,95,5,-28,341,0.87,88.2,0,"Normal",0
2025-11-01 07:25:00,"IIOT_4","Sensor","Modbus",99,3360,0.096,24.9,57.6,75.5,126,8,-25,227,2.31,97.4,0,"Normal",0
2025-11-01 07:30:00,"IIOT_9","Sensor","Modbus",5,1254,0.072,29.4,30.4,53.8,47,6,-94,-2106,1.03,84.8,0,"MITM",1
2025-11-01 07:35:00,"IIOT_8","Actuator","Modbus",90,2117,0.016,18.3,82.5,55.5,148,7,85,863,4.51,99.6,0,"Normal",0
2025-11-01 07:40:00,"IIOT_5","Actuator","MQTT",81,1676,0.083,38.5,61.9,81.3,99,1,-9,-441,1.61,103,0,"DoS",1
2025-11-01 07:45:00,"IIOT_6","Actuator","MQTT",128,1246,0.013,32.6,45.8,49.5,145,5,47,-430,1.4,113,0,"DoS",1
2025-11-01 07:50:00,"IIOT_2","Sensor","MQTT",76,1174,0.053,28.4,78.6,50.5,125,5,-52,-72,2.77,112.8,0,"MITM",1
2025-11-01 07:55:00,"IIOT_1","Sensor","Modbus",120,2075,0.034,23.7,44.5,54.6,159,7,44,901,1.88,135.2,1,"Normal",0
2025-11-01 08:00:00,"IIOT_4","Sensor","MQTT",103,1477,0.094,33.8,54.8,51.1,133,8,-17,-598,1.62,132.2,0,"Normal",0
2025-11-01 08:05:00,"IIOT_2","Sensor","Modbus",129,2877,0.06,36.9,58.6,42,88,2,26,1400,1.59,130,0,"Normal",0
2025-11-01 08:10:00,"IIOT_5","Sensor","HTTP",138,2076,0.059,30.3,50.2,67.1,213,5,9,-801,1.66,143.6,1,"DoS",1
2025-11-01 08:15:00,"IIOT_10","Actuator","MQTT",139,1287,0.066,30.3,53.5,42.8,79,6,1,-789,1.77,134.4,0,"MITM",1
2025-11-01 08:20:00,"IIOT_6","Sensor","Modbus",175,2620,0.01,25.3,37.9,54.9,120,1,36,1333,1.5,126.6,0,"DoS",1
2025-11-01 08:25:00,"IIOT_6","Actuator","MQTT",145,2206,0.071,30.4,89.5,81.6,112,8,-30,-414,2.94,122.4,0,"Normal",0
2025-11-01 08:30:00,"IIOT_10","Controller","Modbus",68,2300,0.098,31.9,64.6,60.7,96,5,-77,94,2.03,124,0,"Normal",0
2025-11-01 08:35:00,"IIOT_3","Controller","Modbus",138,1870,0,28.2,35.4,58.5,88,2,70,-430,1.26,99,0,"Data Injection",1
2025-11-01 08:40:00,"IIOT_1","Sensor","MQTT",64,3047,0.008,30.5,70.9,73.3,67,2,-74,1177,2.32,96.6,0,"Data Injection",1
2025-11-01 08:45:00,"IIOT_9","Sensor","Modbus",118,1060,0.085,35.6,39.2,72.2,142,7,54,-1987,1.1,101,0,"Normal",0
2025-11-01 08:50:00,"IIOT_4","Sensor","Modbus",114,1840,0.028,40.4,50.2,56.3,30,6,-4,780,1.24,84.6,0,"Normal",0
2025-11-01 08:55:00,"IIOT_5","Sensor","Modbus",112,3463,0.056,25.5,88.6,79.9,139,1,-2,1623,3.47,93.2,0,"Normal",0
2025-11-01 09:00:00,"IIOT_5","Controller","HTTP",159,3034,0.064,32,38.1,69.6,73,1,47,-429,1.19,90.2,0,"MITM",1
2025-11-01 09:05:00,"IIOT_6","Sensor","MQTT",103,1649,0.082,18.2,78.3,79.1,131,3,-56,-1385,4.3,103,0,"Normal",0
2025-11-01 09:10:00,"IIOT_5","Controller","MQTT",85,2569,0.076,32.2,72.2,55.3,79,3,-18,920,2.24,90.4,0,"DoS",1
2025-11-01 09:15:00,"IIOT_8","Actuator","MQTT",53,2819,0.04,30.9,84,56.7,28,7,-32,250,2.72,90,0,"DoS",1
2025-11-01 09:20:00,"IIOT_10","Controller","HTTP",93,2892,0.028,37.3,21.1,30.4,123,10,40,73,0.57,86.8,0,"Data Injection",1
2025-11-01 09:25:00,"IIOT_5","Sensor","Modbus",118,2358,0.098,35.1,63.1,35.8,192,3,25,-534,1.8,110.6,1,"Data Injection",1
2025-11-01 09:30:00,"IIOT_9","Sensor","Modbus",171,1443,0.043,40.9,20.9,65.5,15,3,53,-915,0.51,87.4,0,"MITM",1
2025-11-01 09:35:00,"IIOT_10","Sensor","Modbus",139,1958,0.066,28.9,84.8,70.6,156,10,-32,515,2.93,102.8,1,"DoS",1
2025-11-01 09:40:00,"IIOT_10","Actuator","MQTT",166,1856,0.067,29.5,66.9,69,108,2,27,-102,2.27,118.8,0,"Normal",0
2025-11-01 09:45:00,"IIOT_8","Actuator","Modbus",99,2429,0,38.9,80.9,37.8,113,2,-67,573,2.08,116.8,0,"DoS",1
2025-11-01 09:50:00,"IIOT_1","Actuator","Modbus",119,2228,0.021,24.9,37.5,73,129,3,20,-201,1.51,104.2,0,"Normal",0
2025-11-01 09:55:00,"IIOT_2","Sensor","MQTT",61,1486,0.001,27.6,70.6,68,121,3,-58,-742,2.56,125.4,0,"Normal",0
2025-11-01 10:00:00,"IIOT_10","Actuator","MQTT",60,2713,0.068,30.2,34.9,51.4,41,3,-1,1227,1.16,102.4,0,"Normal",0
2025-11-01 10:05:00,"IIOT_9","Actuator","Modbus",95,2415,0.019,31.9,82,31.2,70,7,35,-298,2.57,94.8,0,"Normal",0
2025-11-01 10:10:00,"IIOT_8","Actuator","Modbus",176,1812,0.048,25.4,62.6,64.2,99,5,81,-603,2.46,92,0,"DoS",1
2025-11-01 10:15:00,"IIOT_7","Controller","MQTT",141,3275,0,37.9,63.2,83.2,79,8,-35,1463,1.67,82,0,"MITM",1
2025-11-01 10:20:00,"IIOT_8","Controller","HTTP",93,2665,0.073,31.5,36.2,30.1,123,9,-48,-610,1.15,82.4,0,"MITM",1
2025-11-01 10:25:00,"IIOT_7","Sensor","MQTT",141,1340,0.051,30.9,53.9,80.1,151,5,48,-1325,1.74,104.4,1,"Normal",0
2025-11-01 10:30:00,"IIOT_10","Sensor","Modbus",105,1628,0.033,33.1,69,39.2,79,1,-36,288,2.08,106.2,0,"Normal",0
2025-11-01 10:35:00,"IIOT_1","Controller","Modbus",45,2123,0.026,30.8,25.4,81.5,132,8,-60,495,0.82,112.8,0,"Normal",0
2025-11-01 10:40:00,"IIOT_9","Actuator","HTTP",147,1234,0.035,29.9,81.7,34.1,114,10,102,-889,2.73,119.8,0,"Normal",0
2025-11-01 10:45:00,"IIOT_3","Actuator","HTTP",109,2036,0.034,35.1,75.9,82,112,6,-38,802,2.16,117.6,0,"Normal",0
2025-11-01 10:50:00,"IIOT_10","Sensor","MQTT",109,1254,0.021,26.4,70.2,57.1,138,3,0,-782,2.66,115,0,"DoS",1
2025-11-01 10:55:00,"IIOT_8","Controller","Modbus",81,1282,0.013,22.7,60.4,33.9,77,2,-28,28,2.66,114.6,0,"Normal",0
2025-11-01 11:00:00,"IIOT_1","Sensor","Modbus",63,2198,0.001,28.2,41.6,77.3,145,2,-18,916,1.48,117.2,0,"MITM",1
2025-11-01 11:05:00,"IIOT_8","Actuator","Modbus",92,1501,0.008,30.7,56.8,38.6,107,5,29,-697,1.85,115.8,0,"Spoofing",1
2025-11-01 11:10:00,"IIOT_10","Actuator","MQTT",63,1385,0.084,24.5,68.5,47.9,97,5,-29,-116,2.8,112.8,0,"Normal",0
2025-11-01 11:15:00,"IIOT_4","Actuator","Modbus",107,1692,0.074,32.3,63.4,68.6,96,10,44,307,1.96,104.4,0,"Normal",0
2025-11-01 11:20:00,"IIOT_10","Sensor","HTTP",124,1930,0.031,32.8,81.2,32.7,100,10,17,238,2.48,109,0,"Normal",0
2025-11-01 11:25:00,"IIOT_9","Controller","MQTT",185,2569,0.067,24.7,33.8,53.8,79,6,61,639,1.37,95.8,0,"Spoofing",1
2025-11-01 11:30:00,"IIOT_3","Actuator","HTTP",102,1384,0.006,37.1,23.8,62.9,103,7,-83,-1185,0.64,95,0,"Normal",0
2025-11-01 11:35:00,"IIOT_8","Sensor","Modbus",101,857,0.045,35.8,36.1,46.7,85,4,-1,-527,1.01,92.6,0,"Normal",0
2025-11-01 11:40:00,"IIOT_8","Sensor","HTTP",60,867,0.086,26.5,61.5,38.2,150,2,-41,10,2.32,103.4,0,"Spoofing",1
2025-11-01 11:45:00,"IIOT_2","Sensor","MQTT",234,1424,0.058,27,67.3,62,83,9,174,557,2.49,100,0,"DoS",1
2025-11-01 11:50:00,"IIOT_9","Sensor","Modbus",57,1464,0.086,28.7,23.8,50.8,31,7,-177,40,0.83,90.4,0,"Normal",0
2025-11-01 11:55:00,"IIOT_3","Actuator","Modbus",99,1847,0.016,37.4,49.6,76.5,85,9,42,383,1.33,86.8,0,"Normal",0
2025-11-01 12:00:00,"IIOT_4","Actuator","MQTT",66,3012,0.051,29.7,52.5,46.3,122,3,-33,1165,1.77,94.2,0,"Normal",0
2025-11-01 12:05:00,"IIOT_5","Sensor","MQTT",187,1674,0.055,26.4,73.2,58.1,72,7,121,-1338,2.77,78.6,0,"Normal",0
2025-11-01 12:10:00,"IIOT_4","Sensor","Modbus",101,2233,0.088,33.2,45.1,63.2,120,5,-86,559,1.36,86,0,"Normal",0
2025-11-01 12:15:00,"IIOT_10","Controller","Modbus",187,2141,0.09,33.6,53.3,49.5,108,6,86,-92,1.59,101.4,0,"Normal",0
2025-11-01 12:20:00,"IIOT_5","Actuator","Modbus",154,1294,0.027,33.1,25.4,37.2,51,3,-33,-847,0.77,94.6,0,"Normal",0
2025-11-01 12:25:00,"IIOT_4","Sensor","Modbus",130,1344,0.013,38.5,39,49.7,147,1,-24,50,1.01,99.6,0,"Normal",0
2025-11-01 12:30:00,"IIOT_5","Sensor","Modbus",125,2182,0.023,38.8,68.6,80.2,53,1,-5,838,1.77,95.8,0,"Data Injection",1
2025-11-01 12:35:00,"IIOT_6","Controller","Modbus",163,1891,0.008,29,58.6,79.7,148,6,38,-291,2.02,101.4,0,"Normal",0
2025-11-01 12:40:00,"IIOT_2","Sensor","Modbus",146,1629,0.086,23.1,25.9,79.8,130,6,-17,-262,1.12,105.8,0,"Normal",0
2025-11-01 12:45:00,"IIOT_1","Sensor","Modbus",153,1468,0.086,29.7,83.3,41.8,109,6,7,-161,2.8,117.4,0,"MITM",1
2025-11-01 12:50:00,"IIOT_6","Actuator","Modbus",166,1824,0.075,31.2,86.8,60.7,118,8,13,356,2.78,111.6,0,"Normal",0
2025-11-01 12:55:00,"IIOT_1","Sensor","Modbus",164,1150,0.022,37,71.9,49.6,54,8,-2,-674,1.94,111.8,0,"Normal",0
2025-11-01 13:00:00,"IIOT_7","Actuator","MQTT",128,1131,0.095,26,64.4,39.4,183,5,-36,-19,2.48,118.8,1,"Normal",0
2025-11-01 13:05:00,"IIOT_10","Controller","MQTT",45,1811,0.003,22.4,85.3,56.7,114,5,-83,680,3.81,115.6,0,"Normal",0
2025-11-01 13:10:00,"IIOT_8","Controller","Modbus",110,1450,0.02,34.3,41.6,67.3,135,8,65,-361,1.21,120.8,0,"MITM",1
2025-11-01 13:15:00,"IIOT_5","Actuator","HTTP",140,877,0.085,25.3,82.4,30.1,184,1,30,-573,3.26,134,1,"Normal",0
2025-11-01 13:20:00,"IIOT_8","Actuator","MQTT",132,2827,0.098,21,56.2,59,96,8,-8,1950,2.68,142.4,0,"Normal",0
2025-11-01 13:25:00,"IIOT_7","Sensor","Modbus",138,2444,0.065,35.8,58.4,73.2,145,4,6,-383,1.63,134.8,0,"MITM",1
2025-11-01 13:30:00,"IIOT_1","Sensor","HTTP",143,1489,0.043,36.1,52.9,30.4,148,3,5,-955,1.47,141.6,0,"Normal",0
2025-11-01 13:35:00,"IIOT_7","Sensor","Modbus",153,2252,0.007,25.5,42.4,73.2,52,8,10,763,1.66,125,0,"Normal",0
2025-11-01 13:40:00,"IIOT_8","Sensor","Modbus",91,1502,0.094,30.3,71.9,74.9,58,4,-62,-750,2.37,99.8,0,"Normal",0
2025-11-01 13:45:00,"IIOT_5","Sensor","Modbus",161,1859,0.035,24.9,30.2,70,110,5,70,357,1.21,102.6,0,"Normal",0
2025-11-01 13:50:00,"IIOT_8","Controller","HTTP",126,662,0.016,24.9,68.6,73.2,-2,3,-35,-1197,2.76,73.2,0,"Normal",0
2025-11-01 13:55:00,"IIOT_1","Sensor","Modbus",39,1534,0.099,27,61.8,35.4,25,8,-87,872,2.29,48.6,0,"Normal",0
2025-11-01 14:00:00,"IIOT_1","Sensor","MQTT",143,2533,0.029,29.9,79.3,66.2,112,4,104,999,2.65,60.6,0,"DoS",1
2025-11-01 14:05:00,"IIOT_4","Actuator","MQTT",117,1387,0.036,34.3,63.2,59.5,74,9,-26,-1146,1.84,63.8,0,"MITM",1
2025-11-01 14:10:00,"IIOT_2","Sensor","HTTP",161,1646,0.08,37,88.2,57.7,136,8,44,259,2.38,69,0,"Normal",0
2025-11-01 14:15:00,"IIOT_7","Controller","HTTP",208,1384,0.057,30.2,45.5,40,95,6,47,-262,1.51,88.4,0,"Data Injection",1
2025-11-01 14:20:00,"IIOT_5","Actuator","Modbus",141,2642,0.013,23.2,89.6,57.2,110,5,-67,1258,3.86,105.4,0,"Normal",0
2025-11-01 14:25:00,"IIOT_7","Sensor","HTTP",101,1621,0.051,23.6,40.5,49.5,176,4,-40,-1021,1.72,118.2,1,"MITM",1
2025-11-01 14:30:00,"IIOT_7","Actuator","Modbus",104,1734,0.042,24.3,31.5,44.8,175,6,3,113,1.3,138.4,1,"Normal",0
2025-11-01 14:35:00,"IIOT_9","Sensor","Modbus",98,1995,0.014,20.4,42.8,53,179,2,-6,261,2.1,147,1,"Normal",0
2025-11-01 14:40:00,"IIOT_6","Sensor","Modbus",111,1360,0.066,25.2,71.8,80.2,83,9,13,-635,2.85,144.6,0,"Normal",0
2025-11-01 14:45:00,"IIOT_3","Controller","HTTP",81,1452,0.088,26.7,66.5,42.8,15,6,-30,92,2.49,125.6,0,"Normal",0
2025-11-01 14:50:00,"IIOT_7","Actuator","Modbus",131,1994,0.046,28.1,27.2,62.1,116,9,50,542,0.97,113.6,0,"Normal",0
2025-11-01 14:55:00,"IIOT_9","Actuator","HTTP",205,1941,0.002,41.7,31.8,30.2,100,5,74,-53,0.76,98.6,0,"Data Injection",1
2025-11-01 15:00:00,"IIOT_4","Sensor","MQTT",117,1833,0.085,38,51,31.1,143,5,-88,-108,1.34,91.4,0,"Normal",0
2025-11-01 15:05:00,"IIOT_1","Sensor","MQTT",67,2795,0.058,26.5,23.8,75.2,103,2,-50,962,0.9,95.4,0,"MITM",1
2025-11-01 15:10:00,"IIOT_2","Actuator","Modbus",103,2017,0.1,29,40.1,57,112,2,36,-778,1.38,114.8,0,"Normal",0
2025-11-01 15:15:00,"IIOT_9","Sensor","Modbus",66,1566,0.074,23,52.7,55.6,52,6,-37,-451,2.29,102,0,"Data Injection",1
2025-11-01 15:20:00,"IIOT_5","Sensor","Modbus",185,2656,0.078,30,76.8,58.1,113,2,119,1090,2.56,104.6,0,"Normal",0
2025-11-01 15:25:00,"IIOT_8","Sensor","MQTT",113,2476,0.049,32.5,28.3,31.2,81,4,-72,-180,0.87,92.2,0,"Normal",0
2025-11-01 15:30:00,"IIOT_4","Actuator","HTTP",73,1399,0.049,26.4,77.2,70.5,102,8,-40,-1077,2.92,92,0,"Normal",0
2025-11-01 15:35:00,"IIOT_10","Sensor","MQTT",173,2100,0.084,27.7,28.6,49.4,104,7,100,701,1.03,90.4,0,"MITM",1
2025-11-01 15:40:00,"IIOT_2","Actuator","MQTT",149,3402,0.073,30.1,66.6,30.6,116,1,-24,1302,2.21,103.2,0,"MITM",1
2025-11-01 15:45:00,"IIOT_1","Sensor","HTTP",120,1459,0.098,20.8,69.4,72.4,55,5,-29,-1943,3.34,91.6,0,"Normal",0
2025-11-01 15:50:00,"IIOT_1","Actuator","MQTT",-9,1531,0.044,35.5,39.4,59.2,152,4,-129,72,1.11,105.8,1,"DoS",1
2025-11-01 15:55:00,"IIOT_1","Sensor","Modbus",107,2599,0.082,28.7,40,78.4,143,5,116,1068,1.39,114,0,"Spoofing",1
2025-11-01 16:00:00,"IIOT_9","Sensor","HTTP",154,2440,0.092,26.2,45.8,74.3,87,8,47,-159,1.75,110.6,0,"Normal",0
2025-11-01 16:05:00,"IIOT_3","Actuator","MQTT",88,1998,0.038,30.9,63.1,57.5,126,9,-66,-442,2.04,112.6,0,"MITM",1
2025-11-01 16:10:00,"IIOT_10","Sensor","HTTP",93,1495,0.057,31.9,54.7,69.7,70,2,5,-503,1.71,115.6,0,"Spoofing",1
2025-11-01 16:15:00,"IIOT_1","Sensor","Modbus",122,3614,0.019,28.5,34.6,79.5,87,7,29,2119,1.21,102.6,0,"DoS",1
2025-11-01 16:20:00,"IIOT_2","Sensor","Modbus",39,2548,0.069,23.5,38.9,52.2,-36,4,-83,-1066,1.66,66.8,0,"Normal",0
2025-11-01 16:25:00,"IIOT_3","Actuator","Modbus",80,2401,0.082,38.3,61.7,33.1,31,8,41,-147,1.61,55.6,0,"Normal",0
2025-11-01 16:30:00,"IIOT_9","Actuator","Modbus",99,1677,0.007,37.7,26.6,77.4,147,6,19,-724,0.71,59.8,0,"Normal",0
2025-11-01 16:35:00,"IIOT_4","Actuator","Modbus",179,2329,0.001,32.7,63.5,85,53,7,80,652,1.94,56.4,0,"MITM",1
2025-11-01 16:40:00,"IIOT_4","Controller","HTTP",19,2507,0.004,32.9,75,38.8,115,6,-160,178,2.28,62,0,"Normal",0
2025-11-01 16:45:00,"IIOT_3","Actuator","MQTT",70,2826,0.05,35.9,30.4,42.8,156,10,51,319,0.85,100.4,1,"Normal",0
2025-11-01 16:50:00,"IIOT_9","Controller","MQTT",84,2005,0.061,26,44.6,82.8,117,9,14,-821,1.72,117.6,0,"Normal",0
2025-11-01 16:55:00,"IIOT_2","Actuator","MQTT",162,1141,0.059,39.9,34.8,40.1,-14,3,78,-864,0.87,85.4,0,"MITM",1
2025-11-01 17:00:00,"IIOT_6","Controller","Modbus",142,2317,0.012,24,40.4,73,83,7,-20,1176,1.68,91.4,0,"Spoofing",1
2025-11-01 17:05:00,"IIOT_2","Actuator","Modbus",79,1750,0.006,27,22.3,73.1,83,1,-63,-567,0.83,85,0,"Data Injection",1
2025-11-01 17:10:00,"IIOT_6","Controller","MQTT",137,3401,0.053,30.3,86.6,63.4,153,3,58,1651,2.86,84.4,1,"Normal",0
2025-11-01 17:15:00,"IIOT_3","Sensor","HTTP",99,2194,0.092,31.8,89,63.4,99,5,-38,-1207,2.8,80.8,0,"Data Injection",1
2025-11-01 17:20:00,"IIOT_6","Controller","Modbus",163,1252,0.07,26.5,66.1,42.5,198,7,64,-942,2.49,123.2,1,"Normal",0
2025-11-01 17:25:00,"IIOT_6","Sensor","HTTP",82,1435,0.079,31.4,35,84.2,136,3,-81,183,1.11,133.8,0,"Normal",0
2025-11-01 17:30:00,"IIOT_8","Actuator","MQTT",128,1681,0.099,29.5,33.8,67.3,190,5,46,246,1.15,155.2,1,"Normal",0
2025-11-01 17:35:00,"IIOT_7","Sensor","Modbus",101,3052,0.085,32.6,51.1,51.6,95,4,-27,1371,1.57,143.6,0,"Data Injection",1
2025-11-01 17:40:00,"IIOT_4","Actuator","MQTT",188,1467,0.09,35.6,66.6,65.8,126,4,87,-1585,1.87,149,0,"Data Injection",1
2025-11-01 17:45:00,"IIOT_3","Controller","MQTT",123,1093,0.007,30.6,80.1,55.6,117,9,-65,-374,2.62,132.8,0,"Normal",0
2025-11-01 17:50:00,"IIOT_3","Controller","Modbus",157,3519,0.041,39.8,58.3,65,42,5,34,2426,1.46,114,0,"Normal",0
2025-11-01 17:55:00,"IIOT_7","Sensor","Modbus",142,1478,0.069,32.3,58.2,81.4,102,9,-15,-2041,1.8,96.4,0,"Normal",0
2025-11-01 18:00:00,"IIOT_5","Actuator","Modbus",94,2238,0.037,27.6,33.9,44,153,9,-48,760,1.23,108,1,"Normal",0
2025-11-01 18:05:00,"IIOT_2","Sensor","Modbus",90,3204,0.091,27,29.1,84.6,145,7,-4,966,1.08,111.8,0,"Normal",0
2025-11-01 18:10:00,"IIOT_5","Sensor","MQTT",47,2097,0.064,35.5,30.3,81.2,107,6,-43,-1107,0.85,109.8,0,"Data Injection",1
2025-11-01 18:15:00,"IIOT_8","Sensor","HTTP",73,3117,0.019,35.9,63.9,82.1,97,6,26,1020,1.78,120.8,0,"Normal",0
2025-11-01 18:20:00,"IIOT_2","Actuator","HTTP",61,1845,0,26.8,43.5,83.1,74,7,-12,-1272,1.62,115.2,0,"Normal",0
2025-11-01 18:25:00,"IIOT_4","Actuator","Modbus",148,1269,0.019,30,77.5,56.3,53,5,87,-576,2.58,95.2,0,"Normal",0
2025-11-01 18:30:00,"IIOT_7","Sensor","MQTT",87,2675,0.039,18.3,67.6,57.6,118,4,-61,1406,3.69,89.8,0,"Normal",0
2025-11-01 18:35:00,"IIOT_10","Actuator","Modbus",161,2255,0.06,29.6,23.3,85,66,3,74,-420,0.79,81.6,0,"DoS",1
2025-11-01 18:40:00,"IIOT_4","Sensor","Modbus",106,1941,0.017,22.5,89.2,54.9,94,9,-55,-314,3.96,81,0,"Normal",0
2025-11-01 18:45:00,"IIOT_5","Actuator","MQTT",86,2627,0.025,25.4,72,45.5,161,4,-20,686,2.83,98.4,1,"Normal",0
2025-11-01 18:50:00,"IIOT_10","Controller","Modbus",108,1859,0.075,33.4,48.7,47,49,9,22,-768,1.46,97.6,0,"DoS",1
2025-11-01 18:55:00,"IIOT_6","Controller","Modbus",128,1917,0.046,25.1,84.7,71.1,129,10,20,58,3.37,99.8,0,"Normal",0
2025-11-01 19:00:00,"IIOT_7","Sensor","MQTT",61,3316,0.043,34.2,49.7,45,97,8,-67,1399,1.45,106,0,"Data Injection",1
2025-11-01 19:05:00,"IIOT_5","Controller","Modbus",166,1920,0.083,23.8,76.5,30.3,159,7,105,-1396,3.21,119,1,"DoS",1
2025-11-01 19:10:00,"IIOT_6","Actuator","HTTP",149,2086,0.038,28.3,82.4,62.9,168,7,-17,166,2.91,120.4,1,"Normal",0
2025-11-01 19:15:00,"IIOT_5","Controller","MQTT",90,2759,0.051,28.5,63.4,72.2,46,5,-59,673,2.22,119.8,0,"Normal",0
2025-11-01 19:20:00,"IIOT_9","Controller","Modbus",130,3314,0.094,29.3,40.8,57.4,102,2,40,555,1.39,114.4,0,"DoS",1
2025-11-01 19:25:00,"IIOT_8","Actuator","MQTT",45,2100,0.065,27.6,62.9,81.3,89,8,-85,-1214,2.28,112.8,0,"Normal",0
2025-11-01 19:30:00,"IIOT_10","Actuator","MQTT",163,2052,0.006,35.1,53.4,74.9,61,2,118,-48,1.52,93.2,0,"Data Injection",1
2025-11-01 19:35:00,"IIOT_8","Controller","MQTT",88,1328,0.081,21.9,62.5,81.9,132,5,-75,-724,2.85,86,0,"Normal",0
2025-11-01 19:40:00,"IIOT_8","Sensor","Modbus",126,1018,0.056,37.9,47.1,61.2,81,3,38,-310,1.24,93,0,"DoS",1
2025-11-01 19:45:00,"IIOT_1","Actuator","MQTT",101,2347,0.035,16.1,29.8,50.4,151,4,-25,1329,1.85,102.8,1,"Normal",0
2025-11-01 19:50:00,"IIOT_7","Actuator","Modbus",104,2555,0.066,23.7,48.4,30.2,249,7,3,208,2.04,134.8,1,"Normal",0
2025-11-01 19:55:00,"IIOT_2","Actuator","Modbus",113,697,0.085,31.4,38.8,79.4,76,3,9,-1858,1.24,137.8,0,"Normal",0
2025-11-01 20:00:00,"IIOT_4","Controller","HTTP",86,1177,0.041,27.9,31,42.8,53,1,-27,480,1.11,122,0,"Normal",0
2025-11-01 20:05:00,"IIOT_7","Actuator","Modbus",112,1800,0.061,22,41.5,83.7,118,10,26,623,1.89,129.4,0,"Data Injection",1
2025-11-01 20:10:00,"IIOT_3","Sensor","HTTP",119,1114,0.013,34.8,26,59.4,106,3,7,-686,0.75,120.4,0,"Normal",0
2025-11-01 20:15:00,"IIOT_6","Actuator","Modbus",100,1246,0.058,37.5,82.6,31.2,26,5,-19,132,2.2,75.8,0,"Normal",0
2025-11-01 20:20:00,"IIOT_4","Sensor","MQTT",134,1701,0.036,27.2,82,57,130,9,34,455,3.01,86.6,0,"Normal",0
2025-11-01 20:25:00,"IIOT_6","Sensor","Modbus",19,2705,0.041,37.1,40,82.4,115,8,-115,1004,1.08,99,0,"Normal",0
2025-11-01 20:30:00,"IIOT_5","Actuator","Modbus",111,1243,0.084,32.9,28.7,61.6,123,9,92,-1462,0.87,100,0,"Normal",0
2025-11-01 20:35:00,"IIOT_7","Sensor","Modbus",29,582,0.089,29.2,48.8,64.8,174,7,-82,-661,1.67,113.6,1,"DoS",1
2025-11-01 20:40:00,"IIOT_4","Sensor","Modbus",149,1429,0.068,33.2,23.9,72.2,160,2,120,847,0.72,140.4,1,"Data Injection",1
2025-11-01 20:45:00,"IIOT_7","Controller","Modbus",76,1833,0.095,32.1,53.8,55.3,126,8,-73,404,1.68,139.6,0,"Normal",0
2025-11-01 20:50:00,"IIOT_2","Sensor","Modbus",123,1230,0.032,35.1,26.5,58.8,37,7,47,-603,0.75,124,0,"MITM",1
2025-11-01 20:55:00,"IIOT_9","Sensor","MQTT",138,1578,0.012,34,38.9,78.1,95,2,15,348,1.14,118.4,0,"Normal",0
2025-11-01 21:00:00,"IIOT_2","Actuator","Modbus",9,2361,0.031,28.2,63,33.2,63,7,-129,783,2.23,96.2,0,"Spoofing",1
2025-11-01 21:05:00,"IIOT_10","Controller","Modbus",75,1161,0.013,14.9,33.5,53.7,91,9,66,-1200,2.25,82.4,0,"Normal",0
2025-11-01 21:10:00,"IIOT_4","Sensor","MQTT",142,2205,0.015,29.3,27.6,80.8,133,4,67,1044,0.94,83.8,0,"Normal",0
2025-11-01 21:15:00,"IIOT_10","Sensor","HTTP",204,2471,0.064,27.3,85.5,63.5,109,4,62,266,3.13,98.2,0,"Normal",0
2025-11-01 21:20:00,"IIOT_7","Actuator","Modbus",163,1690,0.046,21.3,80.3,34.7,42,6,-41,-781,3.77,87.6,0,"Normal",0
2025-11-01 21:25:00,"IIOT_7","Controller","Modbus",52,2270,0.011,43.2,67.4,38.6,107,3,-111,580,1.56,96.4,0,"Data Injection",1
2025-11-01 21:30:00,"IIOT_4","Sensor","MQTT",128,1489,0.005,27.9,51.3,36.3,68,2,76,-781,1.84,91.8,0,"DoS",1
2025-11-01 21:35:00,"IIOT_5","Sensor","Modbus",160,2705,0.051,27.3,34.6,72.6,143,8,32,1216,1.27,93.8,0,"DoS",1
2025-11-01 21:40:00,"IIOT_5","Sensor","Modbus",22,2427,0.081,36.5,77.3,45.9,118,3,-138,-278,2.12,95.6,0,"Data Injection",1
2025-11-01 21:45:00,"IIOT_4","Controller","Modbus",168,2310,0.096,28,71.2,64.2,74,7,146,-117,2.54,102,0,"Data Injection",1
2025-11-01 21:50:00,"IIOT_9","Actuator","MQTT",72,1255,0.099,38.8,76,60.2,119,7,-96,-1055,1.96,104.4,0,"Normal",0
2025-11-01 21:55:00,"IIOT_4","Actuator","Modbus",85,2318,0.095,21.8,51.5,39.9,84,4,13,1063,2.36,107.6,0,"Data Injection",1
2025-11-01 22:00:00,"IIOT_1","Actuator","HTTP",83,2479,0.046,38.9,44.9,60.2,180,8,-2,161,1.15,115,1,"DoS",1
2025-11-01 22:05:00,"IIOT_10","Sensor","Modbus",97,1080,0.023,22.5,61.3,83.3,123,5,14,-1399,2.72,116,0,"Normal",0
2025-11-01 22:10:00,"IIOT_5","Sensor","MQTT",84,998,0.027,21.3,60.8,61.6,54,2,-13,-82,2.85,112,0,"Normal",0
2025-11-01 22:15:00,"IIOT_3","Controller","MQTT",110,2388,0.031,34.7,26.4,66,121,4,26,1390,0.76,112.4,0,"MITM",1
2025-11-01 22:20:00,"IIOT_10","Actuator","MQTT",113,1833,0.08,25,62.1,78.1,74,10,3,-555,2.48,110.4,0,"Normal",0
2025-11-01 22:25:00,"IIOT_9","Actuator","Modbus",105,2679,0.019,25.2,84.3,50.1,100,8,-8,846,3.35,94.4,0,"Normal",0
2025-11-01 22:30:00,"IIOT_10","Sensor","Modbus",125,2513,0.087,24.4,43.7,60.8,84,8,20,-166,1.79,86.6,0,"Normal",0
2025-11-01 22:35:00,"IIOT_5","Actuator","MQTT",124,1544,0.058,34.3,75.3,79.1,68,7,-1,-969,2.2,89.4,0,"Normal",0
2025-11-01 22:40:00,"IIOT_4","Sensor","Modbus",110,1855,0.026,25.9,89.9,68.7,98,8,-14,311,3.47,84.8,0,"Normal",0
2025-11-01 22:45:00,"IIOT_9","Actuator","MQTT",109,1779,0.021,28.2,64.6,30,196,7,-1,-76,2.29,109.2,1,"Normal",0
2025-11-01 22:50:00,"IIOT_4","Controller","Modbus",101,2304,0.077,31.4,71.3,37.6,43,4,-8,525,2.27,97.8,0,"Normal",0
2025-11-01 22:55:00,"IIOT_3","Controller","HTTP",139,2252,0.066,25.6,73.1,79.6,90,3,38,-52,2.86,99,0,"Normal",0
2025-11-01 23:00:00,"IIOT_8","Actuator","MQTT",108,2405,0.084,32,44.6,45.4,130,2,-31,153,1.39,111.4,0,"Data Injection",1
2025-11-01 23:05:00,"IIOT_1","Controller","Modbus",98,1273,0.007,29,65.2,73.2,133,9,-10,-1132,2.25,118.4,0,"MITM",1
2025-11-01 23:10:00,"IIOT_9","Controller","HTTP",136,3064,0.065,29.9,24.6,50.6,75,9,38,1791,0.82,94.2,0,"DoS",1
2025-11-01 23:15:00,"IIOT_4","Sensor","Modbus",72,1570,0.048,37.2,60,71.6,90,9,-64,-1494,1.61,103.6,0,"DoS",1
2025-11-01 23:20:00,"IIOT_5","Actuator","Modbus",25,1436,0.015,31.9,28.1,43.8,90,10,-47,-134,0.88,103.6,0,"Normal",0
2025-11-01 23:25:00,"IIOT_3","Actuator","MQTT",120,2986,0.054,26,81.5,50.2,156,8,95,1550,3.13,108.8,1,"Normal",0
2025-11-01 23:30:00,"IIOT_4","Controller","Modbus",185,143,0.057,28.5,72.3,48.5,104,4,65,-2843,2.54,103,0,"Normal",0
2025-11-01 23:35:00,"IIOT_2","Controller","MQTT",108,2287,0.088,33.5,76.5,31.2,92,10,-77,2144,2.28,106.4,0,"DoS",1
2025-11-01 23:40:00,"IIOT_7","Sensor","Modbus",148,1596,0.088,36.1,62.9,78.7,36,4,40,-691,1.74,95.6,0,"Normal",0
2025-11-01 23:45:00,"IIOT_3","Actuator","MQTT",171,2621,0.002,32.4,80.3,37.3,117,7,23,1025,2.48,101,0,"Normal",0
2025-11-01 23:50:00,"IIOT_9","Actuator","Modbus",157,2493,0.008,36.8,23.7,49.9,127,8,-14,-128,0.64,95.2,0,"MITM",1
2025-11-01 23:55:00,"IIOT_4","Controller","Modbus",96,2260,0.076,28.4,77.4,57.7,84,6,-61,-233,2.73,91.2,0,"Normal",0
2025-11-02,"IIOT_2","Sensor","MQTT",139,2228,0.062,33.9,67.7,72.1,95,3,43,-32,2,91.8,0,"Normal",0
2025-11-02 00:05:00,"IIOT_1","Controller","MQTT",142,1382,0.077,34.2,47.4,64.5,124,2,3,-846,1.39,109.4,0,"Normal",0
2025-11-02 00:10:00,"IIOT_7","Sensor","MQTT",113,2196,0.074,24.9,72.8,66,67,9,-29,814,2.92,99.4,0,"Normal",0
2025-11-02 00:15:00,"IIOT_5","Actuator","Modbus",142,2094,0.045,31.2,88.9,45.5,41,4,29,-102,2.85,82.2,0,"Normal",0
2025-11-02 00:20:00,"IIOT_3","Sensor","MQTT",76,1852,0.015,19.8,72.9,60.9,153,3,-66,-242,3.68,96,1,"Data Injection",1
2025-11-02 00:25:00,"IIOT_2","Actuator","MQTT",111,1820,0.051,34.1,59.4,49.8,103,10,35,-32,1.74,97.6,0,"Normal",0
2025-11-02 00:30:00,"IIOT_3","Controller","Modbus",85,1577,0.049,32.8,25.8,82.8,136,4,-26,-243,0.79,100,0,"Normal",0
2025-11-02 00:35:00,"IIOT_9","Sensor","HTTP",136,2096,0.071,34.3,71.1,65.2,53,4,51,519,2.07,97.2,0,"Normal",0
2025-11-02 00:40:00,"IIOT_4","Sensor","Modbus",128,1930,0.002,33.1,82.8,31.5,60,2,-8,-166,2.5,101,0,"Normal",0
2025-11-02 00:45:00,"IIOT_4","Sensor","MQTT",129,1625,0.041,38.2,45.3,50.7,105,4,1,-305,1.19,91.4,0,"MITM",1
2025-11-02 00:50:00,"IIOT_10","Controller","Modbus",174,2706,0.097,33.8,63.6,66.9,89,9,45,1081,1.88,88.6,0,"Normal",0
2025-11-02 00:55:00,"IIOT_1","Controller","Modbus",126,1531,0.079,15,56.3,69.1,94,6,-48,-1175,3.75,80.2,0,"DoS",1
2025-11-02 01:00:00,"IIOT_8","Sensor","Modbus",139,2591,0.035,24.8,61.3,70.2,88,6,13,1060,2.47,87.2,0,"Normal",0
2025-11-02 01:05:00,"IIOT_1","Actuator","Modbus",145,1758,0.011,29.1,60.2,37.2,116,2,6,-833,2.07,98.4,0,"Data Injection",1
2025-11-02 01:10:00,"IIOT_10","Sensor","HTTP",106,2168,0.007,28.3,68,43.4,114,9,-39,410,2.4,100.2,0,"Normal",0
2025-11-02 01:15:00,"IIOT_7","Controller","Modbus",141,1184,0.017,31.5,60.4,51.7,95,2,35,-984,1.92,101.4,0,"DoS",1
2025-11-02 01:20:00,"IIOT_4","Sensor","Modbus",129,1322,0.039,30.5,23.4,60.2,93,10,-12,138,0.77,101.2,0,"Normal",0
2025-11-02 01:25:00,"IIOT_3","Sensor","HTTP",54,1179,0.087,29.4,30,60.5,139,1,-75,-143,1.02,111.4,0,"MITM",1
2025-11-02 01:30:00,"IIOT_10","Actuator","Modbus",183,2382,0.045,27.4,89.6,77.4,154,8,129,1203,3.27,119,1,"Data Injection",1
2025-11-02 01:35:00,"IIOT_9","Sensor","Modbus",118,2124,0.077,26,57.6,55.7,47,4,-65,-258,2.22,105.6,0,"DoS",1
2025-11-02 01:40:00,"IIOT_6","Actuator","Modbus",58,2441,0.007,34.9,21.3,39.3,-12,9,-60,317,0.61,84.2,0,"DoS",1
2025-11-02 01:45:00,"IIOT_2","Sensor","Modbus",153,1289,0.009,32.6,72.5,34.5,79,5,95,-1152,2.22,81.4,0,"Spoofing",1
2025-11-02 01:50:00,"IIOT_9","Actuator","Modbus",85,2071,0.003,24.4,29.3,31.7,122,7,-68,782,1.2,78,0,"DoS",1
2025-11-02 01:55:00,"IIOT_4","Sensor","HTTP",98,1079,0.014,29.2,38.7,30.6,100,8,13,-992,1.33,67.2,0,"Normal",0
2025-11-02 02:00:00,"IIOT_8","Sensor","MQTT",59,1486,0.004,24.3,55.1,37.3,121,7,-39,407,2.27,82,0,"Normal",0
2025-11-02 02:05:00,"IIOT_1","Sensor","Modbus",151,2006,0.045,36.9,89.3,76,72,2,92,520,2.42,98.8,0,"Normal",0
2025-11-02 02:10:00,"IIOT_7","Actuator","HTTP",149,1240,0.078,36.9,36.2,37.2,68,8,-2,-766,0.98,96.6,0,"Normal",0
2025-11-02 02:15:00,"IIOT_7","Controller","Modbus",74,1414,0.021,30.9,48.5,78.6,100,6,-75,174,1.57,92.2,0,"MITM",1
2025-11-02 02:20:00,"IIOT_7","Controller","MQTT",110,1914,0.05,36,74.2,39.3,112,4,36,500,2.06,94.6,0,"Normal",0
2025-11-02 02:25:00,"IIOT_9","Sensor","MQTT",128,2552,0.026,24.9,67.1,33.5,138,3,18,638,2.69,98,0,"Normal",0
2025-11-02 02:30:00,"IIOT_2","Actuator","HTTP",215,1388,0.065,28.4,40.5,64.6,102,4,87,-1164,1.43,104,0,"Normal",0
2025-11-02 02:35:00,"IIOT_6","Sensor","Modbus",176,3866,0.029,36.4,41.9,65,112,2,-39,2478,1.15,112.8,0,"Spoofing",1
2025-11-02 02:40:00,"IIOT_2","Controller","Modbus",68,1956,0.066,34.1,33.6,48,93,5,-108,-1910,0.99,111.4,0,"Normal",0
2025-11-02 02:45:00,"IIOT_5","Controller","Modbus",101,2187,0.027,32.5,55,44.9,88,1,33,231,1.69,106.6,0,"Normal",0
2025-11-02 02:50:00,"IIOT_9","Controller","MQTT",151,636,0.082,31.3,37.2,62.2,48,9,50,-1551,1.19,88.6,0,"Normal",0
2025-11-02 02:55:00,"IIOT_4","Sensor","MQTT",142,1125,0.027,33.2,68,46.7,115,6,-9,489,2.05,91.2,0,"Normal",0
2025-11-02 03:00:00,"IIOT_6","Actuator","Modbus",124,1473,0.035,34.8,20.8,56,84,9,-18,348,0.6,85.6,0,"Normal",0
2025-11-02 03:05:00,"IIOT_1","Sensor","MQTT",105,1858,0.043,25.4,49.8,72.7,138,2,-19,385,1.96,94.6,0,"DoS",1
2025-11-02 03:10:00,"IIOT_10","Actuator","HTTP",152,187,0.014,30.2,20.8,75.8,104,7,47,-1671,0.69,97.8,0,"DoS",1
2025-11-02 03:15:00,"IIOT_7","Sensor","MQTT",139,1399,0.086,29.5,61.2,76.2,104,7,-13,1212,2.07,109,0,"Normal",0
2025-11-02 03:20:00,"IIOT_9","Controller","MQTT",117,-5,0.072,28.2,49.7,83.8,168,9,-22,-1404,1.76,119.6,1,"Normal",0
2025-11-02 03:25:00,"IIOT_8","Actuator","MQTT",123,2064,0.08,32.4,25.2,67.7,119,8,6,2069,0.78,126.6,0,"DoS",1
2025-11-02 03:30:00,"IIOT_6","Actuator","Modbus",138,3199,0.082,27.5,37,34.1,72,9,15,1135,1.35,113.4,0,"Data Injection",1
2025-11-02 03:35:00,"IIOT_6","Controller","Modbus",142,958,0.029,39.4,67.9,66.3,162,8,4,-2241,1.72,125,1,"MITM",1
2025-11-02 03:40:00,"IIOT_2","Controller","Modbus",175,2062,0.022,32.7,51.6,65.8,126,4,33,1104,1.58,129.4,0,"Normal",0
2025-11-02 03:45:00,"IIOT_1","Actuator","MQTT",143,1897,0.078,34.6,68.7,82.5,75,2,-32,-165,1.99,110.8,0,"Normal",0
2025-11-02 03:50:00,"IIOT_8","Controller","HTTP",126,2731,0.086,32.4,71.6,62.5,94,6,-17,834,2.21,105.8,0,"Data Injection",1
2025-11-02 03:55:00,"IIOT_1","Sensor","Modbus",114,1516,0.058,25.2,52.7,63.1,69,4,-12,-1215,2.09,105.2,0,"Data Injection",1
2025-11-02 04:00:00,"IIOT_2","Actuator","HTTP",132,3542,0.022,40.9,20.1,42,57,6,18,2026,0.49,84.2,0,"Normal",0
2025-11-02 04:05:00,"IIOT_10","Sensor","MQTT",169,2042,0.001,34.7,28.5,74.1,103,7,37,-1500,0.82,79.6,0,"Normal",0
2025-11-02 04:10:00,"IIOT_1","Sensor","HTTP",135,1791,0.003,29.6,22.3,44.5,111,7,-34,-251,0.75,86.8,0,"Normal",0
2025-11-02 04:15:00,"IIOT_1","Actuator","MQTT",167,2695,0.091,26.6,21.9,36.3,119,3,32,904,0.82,91.8,0,"DoS",1
2025-11-02 04:20:00,"IIOT_1","Actuator","Modbus",83,1927,0.012,34.7,39.9,81.4,87,6,-84,-768,1.15,95.4,0,"DoS",1
2025-11-02 04:25:00,"IIOT_4","Sensor","Modbus",99,1553,0.076,19.8,23.7,55.5,98,8,16,-374,1.2,103.6,0,"MITM",1
2025-11-02 04:30:00,"IIOT_6","Sensor","MQTT",179,1901,0.026,20,29.4,75.2,82,9,80,348,1.47,99.4,0,"DoS",1
2025-11-02 04:35:00,"IIOT_3","Actuator","MQTT",85,1848,0.066,27.6,51.4,68.7,111,5,-94,-53,1.86,99.4,0,"Normal",0
2025-11-02 04:40:00,"IIOT_5","Sensor","HTTP",129,2271,0.087,29.5,75.1,40.1,83,2,44,423,2.55,92.2,0,"MITM",1
2025-11-02 04:45:00,"IIOT_2","Actuator","MQTT",123,1475,0.063,28.8,39.5,37.9,129,3,-6,-796,1.37,100.6,0,"Normal",0
2025-11-02 04:50:00,"IIOT_2","Sensor","MQTT",124,2731,0.055,35.2,76.6,42.1,131,6,1,1256,2.18,107.2,0,"Data Injection",1
2025-11-02 04:55:00,"IIOT_8","Controller","HTTP",174,2085,0.097,38.3,45.3,60.7,125,4,50,-646,1.18,115.8,0,"Normal",0
2025-11-02 05:00:00,"IIOT_1","Controller","Modbus",83,2203,0.022,29.2,42,63.3,94,1,-91,118,1.44,112.4,0,"Normal",0
2025-11-02 05:05:00,"IIOT_9","Actuator","HTTP",184,1918,0.038,27.3,77.7,45.2,202,9,101,-285,2.85,136.2,1,"Normal",0
2025-11-02 05:10:00,"IIOT_4","Sensor","Modbus",47,3574,0.041,26.2,74.5,31.5,107,1,-137,1656,2.84,131.8,0,"Normal",0
2025-11-02 05:15:00,"IIOT_6","Sensor","Modbus",131,1102,0.044,30.2,77.1,63.9,99,7,84,-2472,2.55,125.4,0,"Normal",0
2025-11-02 05:20:00,"IIOT_9","Controller","Modbus",172,2441,0.069,23.3,41.4,61.3,71,8,41,1339,1.78,114.6,0,"Normal",0
2025-11-02 05:25:00,"IIOT_10","Sensor","MQTT",130,4017,0.002,31.6,68.7,53.7,87,3,-42,1576,2.17,113.2,0,"Data Injection",1
2025-11-02 05:30:00,"IIOT_2","Controller","HTTP",88,993,0.009,27.1,54.4,39.4,63,4,-42,-3024,2.01,85.4,0,"Normal",0
2025-11-02 05:35:00,"IIOT_8","Sensor","MQTT",124,3599,0.019,28.1,28,44,133,6,36,2606,1,90.6,0,"Normal",0
2025-11-02 05:40:00,"IIOT_8","Controller","MQTT",144,1083,0.068,12.2,82.2,53.7,78,6,20,-2516,6.74,86.4,0,"MITM",1
2025-11-02 05:45:00,"IIOT_1","Actuator","MQTT",141,1821,0.024,37.3,25.1,30.4,79,5,-3,738,0.67,88,0,"Normal",0
2025-11-02 05:50:00,"IIOT_5","Actuator","Modbus",74,1978,0.068,37.8,46.7,71.4,105,6,-67,157,1.24,91.6,0,"Normal",0
2025-11-02 05:55:00,"IIOT_8","Controller","HTTP",110,1471,0.082,33.5,80.5,76.1,104,9,36,-507,2.4,99.8,0,"Spoofing",1
2025-11-02 06:00:00,"IIOT_4","Sensor","MQTT",159,2647,0.088,23.2,77.7,34.7,95,3,49,1176,3.35,92.2,0,"Normal",0
2025-11-02 06:05:00,"IIOT_3","Actuator","MQTT",90,1550,0.05,25.8,74.6,61.9,90,8,-69,-1097,2.89,94.6,0,"Normal",0
2025-11-02 06:10:00,"IIOT_4","Actuator","Modbus",120,3158,0.039,27.3,32,42.9,155,10,30,1608,1.17,109.8,1,"Data Injection",1
2025-11-02 06:15:00,"IIOT_1","Actuator","MQTT",120,2150,0.084,26.3,21.2,60.6,77,8,0,-1008,0.81,104.2,0,"Normal",0
2025-11-02 06:20:00,"IIOT_7","Sensor","MQTT",109,2011,0.029,40.5,67.5,51.5,80,1,-11,-139,1.67,99.4,0,"Normal",0
2025-11-02 06:25:00,"IIOT_5","Sensor","Modbus",148,2482,0.014,27.4,32.7,63.5,107,9,39,471,1.19,101.8,0,"Normal",0
2025-11-02 06:30:00,"IIOT_3","Actuator","Modbus",132,2375,0.085,19.4,56.8,65.5,110,7,-16,-107,2.93,105.8,0,"MITM",1
2025-11-02 06:35:00,"IIOT_5","Actuator","Modbus",89,2915,0.089,28.6,28.8,33.8,107,6,-43,540,1.01,96.2,0,"MITM",1
2025-11-02 06:40:00,"IIOT_5","Sensor","HTTP",123,2299,0.001,40.3,27.8,33.5,84,2,34,-616,0.69,97.6,0,"Normal",0
2025-11-02 06:45:00,"IIOT_10","Sensor","MQTT",111,1009,0.047,30.6,89.4,69.1,196,8,-12,-1290,2.92,120.8,1,"Normal",0
2025-11-02 06:50:00,"IIOT_9","Sensor","Modbus",158,1786,0.047,28.7,83.7,54.6,13,1,47,777,2.92,102,0,"Normal",0
2025-11-02 06:55:00,"IIOT_4","Sensor","Modbus",21,1872,0.044,32.8,46.8,53.5,105,7,-137,86,1.43,101,0,"Normal",0
2025-11-02 07:00:00,"IIOT_4","Actuator","Modbus",109,992,0.009,29.1,29.7,34.6,123,2,88,-880,1.02,104.2,0,"Normal",0
2025-11-02 07:05:00,"IIOT_9","Controller","HTTP",129,1587,0.063,21.3,20,63,115,7,20,595,0.94,110.4,0,"DoS",1
2025-11-02 07:10:00,"IIOT_8","Controller","MQTT",178,1860,0.032,28,89.8,75.1,49,5,49,273,3.21,81,0,"Normal",0
2025-11-02 07:15:00,"IIOT_10","Controller","MQTT",71,1941,0.057,31.1,39.7,33.9,98,2,-107,81,1.28,98,0,"Normal",0
2025-11-02 07:20:00,"IIOT_5","Actuator","Modbus",156,2406,0.027,28.1,55.1,61.7,154,9,85,465,1.96,107.8,1,"MITM",1
2025-11-02 07:25:00,"IIOT_9","Sensor","MQTT",152,1083,0.023,28.1,83,63.2,122,6,-4,-1323,2.95,107.6,0,"DoS",1
2025-11-02 07:30:00,"IIOT_5","Actuator","MQTT",78,2051,0.008,38.6,64.4,71.5,32,2,-74,968,1.67,91,0,"Normal",0
2025-11-02 07:35:00,"IIOT_2","Sensor","MQTT",92,2201,0.066,34.7,86.5,38.8,77,7,14,150,2.49,96.6,0,"DoS",1
2025-11-02 07:40:00,"IIOT_3","Controller","Modbus",66,1434,0.02,30.7,55.9,36.3,71,9,-26,-767,1.82,91.2,0,"Normal",0
2025-11-02 07:45:00,"IIOT_7","Sensor","MQTT",107,1678,0.008,32.6,45,42.3,189,9,41,244,1.38,98.2,1,"MITM",1
2025-11-02 07:50:00,"IIOT_9","Actuator","MQTT",109,1964,0.034,26.2,81.5,45.2,139,7,2,286,3.11,101.6,0,"Normal",0
2025-11-02 07:55:00,"IIOT_4","Controller","MQTT",100,2697,0.025,27.6,76.5,32.5,138,9,-9,733,2.77,122.8,0,"DoS",1
2025-11-02 08:00:00,"IIOT_6","Sensor","Modbus",154,2382,0.085,25.9,72.3,77.4,129,2,54,-315,2.79,133.2,0,"Normal",0
2025-11-02 08:05:00,"IIOT_5","Sensor","HTTP",48,2270,0.049,32.9,66.9,42.9,110,2,-106,-112,2.03,141,0,"Normal",0
2025-11-02 08:10:00,"IIOT_8","Sensor","MQTT",181,2942,0.037,27.7,40.3,84.2,82,10,133,672,1.45,119.6,0,"Spoofing",1
2025-11-02 08:15:00,"IIOT_9","Sensor","Modbus",87,2516,0.005,38.5,80.4,53.3,19,8,-94,-426,2.09,95.6,0,"Data Injection",1
2025-11-02 08:20:00,"IIOT_6","Sensor","HTTP",107,2522,0.049,34,20.7,59.2,130,6,20,6,0.61,94,0,"Normal",0
2025-11-02 08:25:00,"IIOT_1","Controller","Modbus",76,2804,0.015,40.8,35.3,64.9,130,3,-31,282,0.87,94.2,0,"DoS",1
2025-11-02 08:30:00,"IIOT_10","Sensor","MQTT",117,3018,0.013,29.6,57.1,59.4,35,6,41,214,1.93,79.2,0,"DoS",1
2025-11-02 08:35:00,"IIOT_3","Sensor","MQTT",130,1162,0.034,35.8,78.5,48.7,151,2,13,-1856,2.19,93,1,"Normal",0
2025-11-02 08:40:00,"IIOT_6","Controller","MQTT",170,2283,0.03,38.7,80.5,80.2,122,8,40,1121,2.08,113.6,0,"Normal",0
2025-11-02 08:45:00,"IIOT_2","Sensor","MQTT",90,1138,0.052,23.8,22.4,54.7,66,4,-80,-1145,0.94,100.8,0,"Normal",0
2025-11-02 08:50:00,"IIOT_6","Sensor","MQTT",105,2545,0.012,29.1,53,54.7,56,10,15,1407,1.82,86,0,"Normal",0
2025-11-02 08:55:00,"IIOT_3","Actuator","Modbus",104,3208,0.056,25.5,38.5,48.1,78,6,-1,663,1.51,94.6,0,"MITM",1
2025-11-02 09:00:00,"IIOT_10","Actuator","Modbus",110,1214,0.022,29.8,42.4,46.1,128,3,6,-1994,1.42,90,0,"DoS",1
2025-11-02 09:05:00,"IIOT_1","Controller","HTTP",154,1882,0.022,20.1,47.4,56.9,170,8,44,668,2.36,99.6,1,"Normal",0
2025-11-02 09:10:00,"IIOT_10","Actuator","Modbus",129,1924,0.078,23.2,88.7,54.6,155,9,-25,42,3.82,117.4,1,"Normal",0
2025-11-02 09:15:00,"IIOT_2","Sensor","Modbus",122,2113,0.052,32.3,60.8,38.3,107,8,-7,189,1.88,127.6,0,"Data Injection",1
2025-11-02 09:20:00,"IIOT_7","Sensor","MQTT",154,607,0.011,37.8,86.1,67.7,81,6,32,-1506,2.28,128.2,0,"Normal",0
2025-11-02 09:25:00,"IIOT_8","Sensor","MQTT",174,2502,0.006,30.4,31.1,74.7,109,6,20,1895,1.02,124.4,0,"Normal",0
2025-11-02 09:30:00,"IIOT_10","Sensor","HTTP",103,485,0.075,25.7,86.4,51,109,5,-71,-2017,3.36,112.2,0,"Normal",0
2025-11-02 09:35:00,"IIOT_10","Actuator","MQTT",138,2606,0.087,28.6,49.5,37.9,142,6,35,2121,1.73,109.6,0,"Normal",0
2025-11-02 09:40:00,"IIOT_3","Sensor","MQTT",180,3347,0.065,36.5,78.4,31.1,92,8,42,741,2.15,106.6,0,"Normal",0
2025-11-02 09:45:00,"IIOT_9","Sensor","MQTT",160,1317,0.009,33,58.8,36.1,74,8,-20,-2030,1.78,105.2,0,"Normal",0
2025-11-02 09:50:00,"IIOT_5","Sensor","Modbus",117,2059,0.018,32.9,59.7,81.5,151,3,-43,742,1.81,113.6,1,"Normal",0
2025-11-02 09:55:00,"IIOT_4","Sensor","HTTP",150,1391,0.086,31.1,74.2,35.4,61,6,33,-668,2.39,104,0,"DoS",1
2025-11-02 10:00:00,"IIOT_3","Actuator","HTTP",104,1199,0.054,33.9,44.5,39.7,138,10,-46,-192,1.31,103.2,0,"Normal",0
2025-11-02 10:05:00,"IIOT_9","Sensor","HTTP",158,1661,0.026,30.4,75.6,64.2,140,7,54,462,2.49,112.8,0,"Normal",0
2025-11-02 10:10:00,"IIOT_2","Actuator","Modbus",83,1428,0.018,27.6,73.5,30.8,197,7,-75,-233,2.66,137.4,1,"Normal",0
2025-11-02 10:15:00,"IIOT_5","Sensor","Modbus",180,1586,0.062,21.8,58.3,80.2,22,7,97,158,2.67,111.6,0,"Normal",0
2025-11-02 10:20:00,"IIOT_3","Actuator","Modbus",116,1302,0.02,29.3,47.6,36.6,133,5,-64,-284,1.62,126,0,"Normal",0
2025-11-02 10:25:00,"IIOT_6","Sensor","MQTT",160,3409,0.097,36,53.9,84.1,101,6,44,2107,1.5,118.6,0,"Normal",0
2025-11-02 10:30:00,"IIOT_3","Sensor","MQTT",145,2272,0.001,24.4,47.5,64.3,119,2,-15,-1137,1.95,114.4,0,"Data Injection",1
2025-11-02 10:35:00,"IIOT_9","Controller","MQTT",175,1750,0.097,31.7,75.1,37.6,159,6,30,-522,2.37,106.8,1,"Normal",0
2025-11-02 10:40:00,"IIOT_1","Actuator","MQTT",126,1321,0.01,39,44.9,69.4,58,3,-49,-429,1.15,114,0,"Normal",0
2025-11-02 10:45:00,"IIOT_7","Controller","Modbus",164,1194,0.098,29.9,33.1,76.7,43,1,38,-127,1.11,96,0,"Normal",0
2025-11-02 10:50:00,"IIOT_7","Actuator","Modbus",151,1250,0.094,23.4,53.3,69.2,99,2,-13,56,2.28,95.6,0,"Normal",0
2025-11-02 10:55:00,"IIOT_4","Actuator","HTTP",150,1227,0.017,37.3,45.9,52.3,33,8,-1,-23,1.23,78.4,0,"DoS",1
2025-11-02 11:00:00,"IIOT_2","Sensor","MQTT",49,2289,0.061,28.3,72.2,55.5,36,9,-101,1062,2.55,53.8,0,"Normal",0
2025-11-02 11:05:00,"IIOT_5","Sensor","Modbus",8,1602,0.063,31.9,25.5,83.6,114,5,-41,-687,0.8,65,0,"Data Injection",1
2025-11-02 11:10:00,"IIOT_6","Actuator","Modbus",162,2403,0.017,31.8,27,65.7,2,8,154,801,0.85,56.8,0,"Normal",0
2025-11-02 11:15:00,"IIOT_5","Sensor","Modbus",150,2248,0.03,29.7,21.3,76.2,119,2,-12,-155,0.72,60.8,0,"Normal",0
2025-11-02 11:20:00,"IIOT_6","Sensor","HTTP",138,2715,0.003,30.7,56.3,76.5,133,5,-12,467,1.83,80.8,0,"Normal",0
2025-11-02 11:25:00,"IIOT_2","Sensor","HTTP",133,615,0.071,27.9,31.8,83.3,126,7,-5,-2100,1.14,98.8,0,"Normal",0
2025-11-02 11:30:00,"IIOT_10","Sensor","Modbus",121,1486,0.056,33.7,21.8,51.4,29,1,-12,871,0.65,81.8,0,"Normal",0
2025-11-02 11:35:00,"IIOT_7","Controller","Modbus",123,2756,0.073,31.5,28.6,43.1,171,5,2,1270,0.91,115.6,1,"Normal",0
2025-11-02 11:40:00,"IIOT_6","Actuator","MQTT",91,3320,0.093,21.1,86.4,35.8,104,5,-32,564,4.09,112.6,0,"Normal",0
2025-11-02 11:45:00,"IIOT_10","Sensor","Modbus",140,2805,0.062,39.3,43.4,61.7,92,7,49,-515,1.1,104.4,0,"Normal",0
2025-11-02 11:50:00,"IIOT_6","Actuator","Modbus",158,3480,0.005,32.7,58.6,72.1,124,10,18,675,1.79,104,0,"Normal",0
2025-11-02 11:55:00,"IIOT_4","Sensor","Modbus",216,1766,0.08,33.8,38.3,52,113,2,58,-1714,1.13,120.8,0,"Spoofing",1
2025-11-02 12:00:00,"IIOT_9","Sensor","Modbus",128,1685,0.051,28.3,77.7,33.1,120,3,-88,-81,2.75,110.6,0,"DoS",1
2025-11-02 12:05:00,"IIOT_5","Controller","Modbus",89,2290,0.095,32.8,32.5,62.8,102,2,-39,605,0.99,110.2,0,"Normal",0
2025-11-02 12:10:00,"IIOT_1","Actuator","Modbus",109,3697,0.022,20,70.2,83.9,5,7,20,1407,3.51,92.8,0,"DoS",1
2025-11-02 12:15:00,"IIOT_4","Sensor","Modbus",137,1531,0.073,37.8,77.3,67.7,108,6,28,-2166,2.04,89.6,0,"Normal",0
2025-11-02 12:20:00,"IIOT_8","Actuator","Modbus",120,1426,0.013,39.6,43.7,46.7,83,6,-17,-105,1.1,83.6,0,"MITM",1
2025-11-02 12:25:00,"IIOT_3","Controller","MQTT",115,1694,0.055,18.8,29.5,53,93,4,-5,268,1.57,78.2,0,"Normal",0
2025-11-02 12:30:00,"IIOT_9","Sensor","Modbus",128,2691,0.007,28.7,47.1,53.2,157,7,13,997,1.64,89.2,1,"DoS",1
2025-11-02 12:35:00,"IIOT_10","Sensor","Modbus",100,2849,0.008,31,57.4,41.3,139,9,-28,158,1.85,116,0,"Normal",0
2025-11-02 12:40:00,"IIOT_4","Actuator","Modbus",136,1694,0.007,37.9,65.2,64.7,80,5,36,-1155,1.72,110.4,0,"Normal",0
2025-11-02 12:45:00,"IIOT_7","Sensor","HTTP",135,1584,0.023,35.2,25.8,53,83,5,-1,-110,0.73,110.4,0,"Normal",0
2025-11-02 12:50:00,"IIOT_10","Sensor","Modbus",151,2793,0.095,32.5,71.8,38.8,106,9,16,1209,2.21,113,0,"Normal",0
2025-11-02 12:55:00,"IIOT_9","Sensor","MQTT",82,3009,0.038,29.3,71.3,48.4,170,7,-69,216,2.43,115.6,1,"Spoofing",1
2025-11-02 13:00:00,"IIOT_7","Controller","Modbus",181,2849,0.009,38.7,75.1,55.6,120,2,99,-160,1.94,111.8,0,"Normal",0
2025-11-02 13:05:00,"IIOT_5","Sensor","MQTT",102,2062,0.033,24.1,45.3,42.1,40,2,-79,-787,1.88,103.8,0,"Normal",0
2025-11-02 13:10:00,"IIOT_9","Sensor","HTTP",164,2376,0.045,20.1,65.5,42.4,75,8,62,314,3.26,102.2,0,"DoS",1
2025-11-02 13:15:00,"IIOT_3","Controller","Modbus",83,2716,0.062,32.5,33.3,80.3,48,1,-81,340,1.02,90.6,0,"MITM",1
2025-11-02 13:20:00,"IIOT_2","Sensor","Modbus",114,522,0.059,32.7,68.5,84.1,104,9,31,-2194,2.09,77.4,0,"Normal",0
2025-11-02 13:25:00,"IIOT_1","Controller","MQTT",104,958,0.069,34.9,58.1,75.7,56,3,-10,436,1.66,64.6,0,"Spoofing",1
2025-11-02 13:30:00,"IIOT_5","Sensor","MQTT",139,2123,0.036,26.6,60.4,67,111,9,35,1165,2.27,78.8,0,"Normal",0
2025-11-02 13:35:00,"IIOT_6","Actuator","MQTT",29,3006,0.007,37,71.4,59.4,44,7,-110,883,1.93,72.6,0,"Data Injection",1
2025-11-02 13:40:00,"IIOT_3","Actuator","Modbus",149,2021,0.034,28.4,79.6,47.8,80,1,120,-985,2.8,79,0,"Normal",0
2025-11-02 13:45:00,"IIOT_3","Actuator","Modbus",70,3509,0.076,31.3,70.1,60.7,108,10,-79,1488,2.24,79.8,0,"Normal",0
2025-11-02 13:50:00,"IIOT_10","Sensor","Modbus",88,1581,0.06,29.8,32.8,33.2,107,8,18,-1928,1.1,90,0,"DoS",1
2025-11-02 13:55:00,"IIOT_9","Sensor","MQTT",178,2823,0.047,35.2,51.9,79.5,203,5,90,1242,1.47,108.4,1,"Spoofing",1
2025-11-02 14:00:00,"IIOT_9","Sensor","Modbus",110,2538,0.095,28.4,46.1,61.6,72,10,-68,-285,1.62,114,0,"DoS",1
2025-11-02 14:05:00,"IIOT_5","Sensor","Modbus",169,725,0.013,32.3,61.9,58.3,38,7,59,-1813,1.92,105.6,0,"Normal",0
2025-11-02 14:10:00,"IIOT_3","Sensor","MQTT",115,1679,0.03,24.4,80.9,54.6,42,8,-54,954,3.32,92.4,0,"Normal",0
2025-11-02 14:15:00,"IIOT_8","Sensor","Modbus",181,2837,0.064,28.7,74.9,79.5,173,3,66,1158,2.61,105.6,1,"Normal",0
2025-11-02 14:20:00,"IIOT_7","Sensor","Modbus",146,1611,0.012,18.6,76.2,67.3,198,4,-35,-1226,4.1,104.6,1,"Normal",0
2025-11-02 14:25:00,"IIOT_7","Controller","MQTT",77,746,0.056,27.3,47.9,59.1,100,8,-69,-865,1.75,110.2,0,"DoS",1
2025-11-02 14:30:00,"IIOT_1","Sensor","MQTT",155,1587,0.012,34.9,32.8,48,108,5,78,841,0.94,124.2,0,"Normal",0
2025-11-02 14:35:00,"IIOT_3","Actuator","HTTP",70,1335,0.01,32.3,77.2,85,79,7,-85,-252,2.39,131.6,0,"DoS",1
2025-11-02 14:40:00,"IIOT_2","Sensor","MQTT",162,2707,0.019,25.2,33.6,82.2,80,9,92,1372,1.33,113,0,"Normal",0
2025-11-02 14:45:00,"IIOT_10","Controller","MQTT",100,4021,0.083,35.7,84.1,37.8,139,6,-62,1314,2.36,101.2,0,"Normal",0
2025-11-02 14:50:00,"IIOT_9","Sensor","HTTP",61,1724,0.028,26,54.8,41.7,131,8,-39,-2297,2.11,107.4,0,"Normal",0
2025-11-02 14:55:00,"IIOT_9","Controller","Modbus",87,3049,0.024,31.3,36,79.8,34,10,26,1325,1.15,92.6,0,"Normal",0
2025-11-02 15:00:00,"IIOT_5","Controller","Modbus",143,1052,0.046,31.4,37.5,54.5,82,5,56,-1997,1.19,93.2,0,"Normal",0
2025-11-02 15:05:00,"IIOT_1","Actuator","Modbus",65,1190,0.073,28.2,82.8,82.7,101,3,-78,138,2.94,97.4,0,"DoS",1
2025-11-02 15:10:00,"IIOT_1","Actuator","Modbus",150,2296,0.061,42.6,60.1,73,98,8,85,1106,1.41,89.2,0,"DoS",1
2025-11-02 15:15:00,"IIOT_2","Sensor","HTTP",128,1723,0.019,24.7,26.7,85,109,5,-22,-573,1.08,84.8,0,"Normal",0
2025-11-02 15:20:00,"IIOT_7","Actuator","MQTT",85,1474,0.065,29.7,85.4,69.9,117,8,-43,-249,2.88,101.4,0,"Normal",0
2025-11-02 15:25:00,"IIOT_5","Controller","Modbus",80,2188,0.084,32.7,29.2,77.8,91,2,-5,714,0.89,103.2,0,"DoS",1
2025-11-02 15:30:00,"IIOT_8","Sensor","MQTT",91,3470,0.066,35.7,39.3,48.9,98,1,11,1282,1.1,102.6,0,"Normal",0
2025-11-02 15:35:00,"IIOT_8","Sensor","MQTT",130,2089,0.042,31.6,31.4,80.3,84,2,39,-1381,0.99,99.8,0,"DoS",1
2025-11-02 15:40:00,"IIOT_9","Sensor","HTTP",116,1855,0.072,30.8,35.2,37.6,130,8,-14,-234,1.14,104,0,"Normal",0
2025-11-02 15:45:00,"IIOT_4","Actuator","MQTT",108,1694,0.011,30.9,81.2,36.8,63,7,-8,-161,2.63,93.2,0,"Normal",0
2025-11-02 15:50:00,"IIOT_7","Sensor","HTTP",195,2091,0.083,21.6,62.5,55.3,124,2,87,397,2.89,99.8,0,"Spoofing",1
2025-11-02 15:55:00,"IIOT_10","Controller","MQTT",57,2534,0.038,25.6,76.3,79.4,50,8,-138,443,2.98,90.2,0,"Normal",0
2025-11-02 16:00:00,"IIOT_1","Sensor","Modbus",140,2395,0.065,32.3,63.1,37.4,99,9,83,-139,1.95,93.2,0,"Normal",0
2025-11-02 16:05:00,"IIOT_10","Sensor","MQTT",62,1827,0.016,26.3,39.3,58.9,140,6,-78,-568,1.49,95.2,0,"Spoofing",1
2025-11-02 16:10:00,"IIOT_4","Actuator","Modbus",120,1986,0.024,35.2,25.2,39.8,18,5,58,159,0.72,86.2,0,"Data Injection",1
2025-11-02 16:15:00,"IIOT_3","Sensor","MQTT",82,1482,0.057,24.4,62.7,59.2,118,9,-38,-504,2.57,85,0,"Normal",0
2025-11-02 16:20:00,"IIOT_1","Controller","MQTT",177,2894,0.078,19.1,60.6,44.7,138,6,95,1412,3.17,102.6,0,"Normal",0
2025-11-02 16:25:00,"IIOT_6","Sensor","Modbus",136,1977,0.021,26.4,88.3,48.4,118,2,-41,-917,3.34,106.4,0,"Normal",0
2025-11-02 16:30:00,"IIOT_10","Controller","Modbus",124,2006,0.056,26.7,43,76.3,71,1,-12,29,1.61,92.6,0,"Normal",0
2025-11-02 16:35:00,"IIOT_5","Controller","Modbus",122,1817,0.038,27.8,86.7,57,161,5,-2,-189,3.12,121.2,1,"DoS",1
2025-11-02 16:40:00,"IIOT_8","Sensor","Modbus",109,2059,0.026,23.2,75.6,59.9,155,6,-13,242,3.26,128.6,1,"Normal",0
2025-11-02 16:45:00,"IIOT_9","Actuator","Modbus",146,1966,0.019,39,82.9,57.7,150,2,37,-93,2.13,131,0,"Normal",0
2025-11-02 16:50:00,"IIOT_2","Sensor","MQTT",149,1854,0.073,36.1,61.1,78.1,61,2,3,-112,1.69,119.6,0,"DoS",1
2025-11-02 16:55:00,"IIOT_5","Controller","MQTT",74,1161,0.043,27,37,64.4,80,1,-75,-693,1.37,121.4,0,"Data Injection",1
2025-11-02 17:00:00,"IIOT_4","Controller","Modbus",91,1883,0.037,33.4,51.6,52,76,9,17,722,1.54,104.4,0,"Normal",0
2025-11-02 17:05:00,"IIOT_2","Actuator","HTTP",148,1080,0.056,31.5,52.3,51.5,65,7,57,-803,1.66,86.4,0,"MITM",1
2025-11-02 17:10:00,"IIOT_1","Actuator","Modbus",107,695,0.034,27,40.3,74.4,61,4,-41,-385,1.49,68.6,0,"DoS",1
2025-11-02 17:15:00,"IIOT_4","Actuator","HTTP",95,2476,0.022,20.2,77.7,80.1,72,3,-12,1781,3.85,70.8,0,"Normal",0
2025-11-02 17:20:00,"IIOT_7","Sensor","Modbus",118,2373,0.019,35,66,78.3,79,4,23,-103,1.89,70.6,0,"DoS",1
2025-11-02 17:25:00,"IIOT_1","Actuator","Modbus",134,1919,0.059,21.6,35.3,39.4,157,9,16,-454,1.63,86.8,1,"Data Injection",1
2025-11-02 17:30:00,"IIOT_5","Actuator","MQTT",59,2410,0.073,34.5,45.1,57.4,78,9,-75,491,1.31,89.4,0,"Data Injection",1
2025-11-02 17:35:00,"IIOT_8","Actuator","Modbus",144,2638,0.015,26.2,66.7,56.7,94,4,85,228,2.55,96,0,"Normal",0
2025-11-02 17:40:00,"IIOT_8","Controller","MQTT",88,2316,0.038,20.5,73.5,63.2,58,6,-56,-322,3.59,93.2,0,"Normal",0
2025-11-02 17:45:00,"IIOT_4","Sensor","Modbus",127,1281,0.046,28,40.3,45.1,59,3,39,-1035,1.44,89.2,0,"Spoofing",1
2025-11-02 17:50:00,"IIOT_10","Controller","Modbus",125,2653,0.039,39.4,64.3,74.9,75,8,-2,1372,1.63,72.8,0,"DoS",1
2025-11-02 17:55:00,"IIOT_1","Actuator","Modbus",194,3040,0.019,19,25,55.7,97,8,69,387,1.32,76.6,0,"Spoofing",1
2025-11-02 18:00:00,"IIOT_1","Actuator","HTTP",127,1880,0.05,31.5,36.6,49,130,10,-67,-1160,1.16,83.8,0,"Normal",0
2025-11-02 18:05:00,"IIOT_8","Sensor","Modbus",118,2901,0.036,32.9,63.6,61.9,128,6,-9,1021,1.93,97.8,0,"Normal",0
2025-11-02 18:10:00,"IIOT_7","Actuator","HTTP",161,922,0,27.1,41.3,84.3,42,8,43,-1979,1.52,94.4,0,"MITM",1
2025-11-02 18:15:00,"IIOT_10","Actuator","MQTT",150,1712,0.091,24.5,72.3,84.8,65,8,-11,790,2.95,92.4,0,"MITM",1
2025-11-02 18:20:00,"IIOT_3","Sensor","MQTT",140,1422,0.008,30.2,57,56.3,49,7,-10,-290,1.89,82.8,0,"Normal",0
2025-11-02 18:25:00,"IIOT_7","Sensor","Modbus",196,2998,0.077,31.6,53.4,83.6,83,7,56,1576,1.69,73.4,0,"MITM",1
2025-11-02 18:30:00,"IIOT_8","Controller","Modbus",46,778,0.003,24.4,73.6,61.3,86,3,-150,-2220,3.02,65,0,"Normal",0
2025-11-02 18:35:00,"IIOT_6","Sensor","HTTP",175,2003,0.055,28.9,68.2,68.3,77,4,129,1225,2.36,72,0,"Normal",0
2025-11-02 18:40:00,"IIOT_9","Sensor","Modbus",107,1258,0.096,35.5,29.9,68.9,76,6,-68,-745,0.84,74.2,0,"Normal",0
2025-11-02 18:45:00,"IIOT_10","Controller","MQTT",65,2501,0.081,33.2,22.8,51.8,147,3,-42,1243,0.69,93.8,0,"Normal",0
2025-11-02 18:50:00,"IIOT_5","Sensor","MQTT",163,1517,0.096,28.1,59.1,53.5,163,9,98,-984,2.1,109.8,1,"Normal",0
2025-11-02 18:55:00,"IIOT_4","Sensor","HTTP",74,2810,0.029,24.6,84.6,68.3,202,6,-89,1293,3.44,133,1,"MITM",1
2025-11-02 19:00:00,"IIOT_10","Sensor","MQTT",77,3907,0.063,29.3,52.9,83,57,3,3,1097,1.81,129,0,"Normal",0
2025-11-02 19:05:00,"IIOT_3","Controller","Modbus",145,1186,0.049,37.8,34.2,40.5,133,6,68,-2721,0.9,140.4,0,"Normal",0
2025-11-02 19:10:00,"IIOT_3","Actuator","HTTP",129,941,0.049,30.4,34.6,57.9,126,4,-16,-245,1.14,136.2,0,"Normal",0
2025-11-02 19:15:00,"IIOT_10","Controller","Modbus",112,1879,0.092,32.3,37.7,83.7,104,7,-17,938,1.17,124.4,0,"DoS",1
2025-11-02 19:20:00,"IIOT_7","Controller","Modbus",161,3512,0.007,28.6,23.5,59.4,70,4,49,1633,0.82,98,0,"Normal",0
2025-11-02 19:25:00,"IIOT_7","Sensor","MQTT",125,2045,0.044,30,28.9,36.4,137,4,-36,-1467,0.96,114,0,"Normal",0
2025-11-02 19:30:00,"IIOT_8","Sensor","Modbus",106,1250,0.088,35.3,47,50.8,160,3,-19,-795,1.33,119.4,1,"Normal",0
2025-11-02 19:35:00,"IIOT_9","Sensor","Modbus",161,2207,0.099,33,29.7,47.2,139,8,55,957,0.9,122,0,"Normal",0
2025-11-02 19:40:00,"IIOT_1","Sensor","Modbus",199,138,0.04,37.3,56.1,56.6,108,1,38,-2069,1.5,122.8,0,"Normal",0
2025-11-02 19:45:00,"IIOT_3","Sensor","Modbus",86,1972,0.037,31.3,75.5,31.9,96,7,-113,1834,2.41,128,0,"MITM",1
2025-11-02 19:50:00,"IIOT_3","Sensor","Modbus",119,1743,0.038,38.1,32.9,52.3,103,9,33,-229,0.86,121.2,0,"Normal",0
2025-11-02 19:55:00,"IIOT_5","Sensor","Modbus",37,2266,0.063,36.2,30.2,47.4,93,7,-82,523,0.83,107.8,0,"MITM",1
2025-11-02 20:00:00,"IIOT_6","Actuator","MQTT",106,1284,0.047,23.8,57.7,79.9,140,9,69,-982,2.42,108,0,"Normal",0
2025-11-02 20:05:00,"IIOT_3","Actuator","Modbus",150,1570,0.077,22.5,42.5,68.3,133,2,44,286,1.89,113,0,"DoS",1
2025-11-02 20:10:00,"IIOT_7","Actuator","MQTT",79,2145,0.074,29.2,44.8,83.4,63,4,-71,575,1.53,106.4,0,"DoS",1
2025-11-02 20:15:00,"IIOT_2","Sensor","MQTT",35,2510,0.001,37.8,89.7,37.9,140,6,-44,365,2.37,113.8,0,"Normal",0
2025-11-02 20:20:00,"IIOT_10","Actuator","HTTP",81,2990,0.04,29,84.8,59.4,144,3,46,480,2.92,124,0,"DoS",1
2025-11-02 20:25:00,"IIOT_8","Sensor","HTTP",189,2973,0.018,24.6,31.9,44,90,3,108,-17,1.3,114,0,"Normal",0
2025-11-02 20:30:00,"IIOT_7","Controller","Modbus",130,2403,0.073,34.6,23.6,46.2,65,10,-59,-570,0.68,100.4,0,"Normal",0
2025-11-02 20:35:00,"IIOT_7","Sensor","MQTT",180,635,0.073,25.2,88.3,77,74,9,50,-1768,3.5,102.6,0,"Normal",0
2025-11-02 20:40:00,"IIOT_6","Sensor","HTTP",103,1563,0.056,30.5,49.2,30.3,37,7,-77,928,1.61,82,0,"MITM",1
2025-11-02 20:45:00,"IIOT_10","Controller","MQTT",117,2845,0.004,23.8,44.7,58.4,149,8,14,1282,1.88,83,0,"Normal",0
2025-11-02 20:50:00,"IIOT_7","Sensor","MQTT",136,1958,0.036,19.9,72.2,53,101,2,19,-887,3.63,85.2,0,"MITM",1
2025-11-02 20:55:00,"IIOT_4","Controller","MQTT",133,1738,0.007,28,64.6,63.3,103,8,-3,-220,2.31,92.8,0,"DoS",1
2025-11-02 21:00:00,"IIOT_10","Actuator","MQTT",179,1501,0.078,33.1,69.3,83.6,93,9,46,-237,2.09,96.6,0,"Spoofing",1
2025-11-02 21:05:00,"IIOT_2","Controller","Modbus",182,1653,0.044,31.3,51.4,37,162,5,3,152,1.64,121.6,1,"Normal",0
2025-11-02 21:10:00,"IIOT_4","Sensor","MQTT",145,1240,0.051,36.2,26.7,40.3,110,7,-37,-413,0.74,113.8,0,"Data Injection",1
2025-11-02 21:15:00,"IIOT_8","Sensor","MQTT",149,2925,0.056,35.8,25,45.9,118,2,4,1685,0.7,117.2,0,"Data Injection",1
2025-11-02 21:20:00,"IIOT_6","Controller","Modbus",144,2333,0.08,30.8,80.1,65,94,7,-5,-592,2.6,115.4,0,"MITM",1
2025-11-02 21:25:00,"IIOT_2","Controller","HTTP",76,2056,0.034,27.1,38.7,68.7,119,8,-68,-277,1.43,120.6,0,"Normal",0
2025-11-02 21:30:00,"IIOT_8","Sensor","MQTT",195,1969,0.013,24.9,29.4,35.5,75,3,119,-87,1.18,103.2,0,"Normal",0
2025-11-02 21:35:00,"IIOT_10","Sensor","Modbus",124,1292,0.075,34.6,84.3,54.3,89,3,-71,-677,2.44,99,0,"Normal",0
2025-11-02 21:40:00,"IIOT_8","Actuator","Modbus",168,2715,0.016,31.2,54.5,67,105,3,44,1423,1.75,96.4,0,"MITM",1
2025-11-02 21:45:00,"IIOT_2","Actuator","Modbus",140,3024,0.032,29.6,67,32,84,6,-28,309,2.26,94.4,0,"Normal",0
2025-11-02 21:50:00,"IIOT_7","Actuator","MQTT",104,1129,0.055,24.8,52.6,39.6,77,2,-36,-1895,2.12,86,0,"Data Injection",1
2025-11-02 21:55:00,"IIOT_1","Sensor","Modbus",120,971,0.073,21.3,84.2,39.7,-27,2,16,-158,3.95,65.6,0,"MITM",1
2025-11-02 22:00:00,"IIOT_4","Sensor","Modbus",103,2575,0.079,35.2,81.6,67.4,97,7,-17,1604,2.32,67.2,0,"MITM",1
2025-11-02 22:05:00,"IIOT_2","Controller","Modbus",156,1497,0.031,32.1,67.3,48.9,124,6,53,-1078,2.1,71,0,"MITM",1
2025-11-02 22:10:00,"IIOT_2","Actuator","HTTP",103,1346,0.007,41.8,51.7,75.6,55,4,-53,-151,1.24,65.2,0,"Normal",0
2025-11-02 22:15:00,"IIOT_7","Actuator","MQTT",157,3041,0.063,33.3,88,34.9,68,2,54,1695,2.64,63.4,0,"MITM",1
2025-11-02 22:20:00,"IIOT_4","Controller","Modbus",103,839,0.051,36.3,54.6,57.8,119,7,-54,-2202,1.5,92.6,0,"Normal",0
2025-11-02 22:25:00,"IIOT_9","Sensor","MQTT",146,2412,0.088,34.3,45.1,31,105,2,43,1573,1.31,94.2,0,"MITM",1
2025-11-02 22:30:00,"IIOT_8","Sensor","MQTT",116,1414,0.06,24.5,71,72.2,40,8,-30,-998,2.9,77.4,0,"DoS",1
2025-11-02 22:35:00,"IIOT_9","Controller","Modbus",113,927,0.076,31.3,85.2,54.1,204,1,-3,-487,2.72,107.2,1,"DoS",1
2025-11-02 22:40:00,"IIOT_1","Sensor","MQTT",81,1962,0.036,34.2,60,30.7,85,5,-32,1035,1.75,110.6,0,"Normal",0
2025-11-02 22:45:00,"IIOT_3","Sensor","Modbus",126,1333,0.052,33.5,65.6,60.9,135,8,45,-629,1.96,113.8,0,"Normal",0
2025-11-02 22:50:00,"IIOT_9","Controller","Modbus",154,1886,0.013,38.5,38.3,73.8,125,7,28,553,0.99,117.8,0,"DoS",1
2025-11-02 22:55:00,"IIOT_10","Sensor","Modbus",66,1704,0.1,26.1,37.6,73.3,94,2,-88,-182,1.44,128.6,0,"Normal",0
2025-11-02 23:00:00,"IIOT_7","Sensor","MQTT",72,2814,0.064,32.5,31.1,52.1,75,9,6,1110,0.96,102.8,0,"MITM",1
2025-11-02 23:05:00,"IIOT_3","Sensor","Modbus",110,2264,0.074,25.4,77.2,59.3,73,3,38,-550,3.04,100.4,0,"Normal",0
2025-11-02 23:10:00,"IIOT_6","Sensor","Modbus",82,1847,0.018,33.5,26.1,83.7,44,3,-28,-417,0.78,82.2,0,"Normal",0
2025-11-02 23:15:00,"IIOT_2","Sensor","HTTP",106,2814,0.064,32.5,74.8,48.6,139,4,24,967,2.3,85,0,"Normal",0
2025-11-02 23:20:00,"IIOT_3","Controller","Modbus",124,1573,0.042,25,67.7,61.5,137,5,18,-1241,2.71,93.6,0,"Normal",0
2025-11-02 23:25:00,"IIOT_4","Sensor","Modbus",110,2987,0.088,26.3,23.4,67.4,141,2,-14,1414,0.89,106.8,0,"Normal",0
2025-11-02 23:30:00,"IIOT_4","Actuator","Modbus",117,2391,0.012,31.6,66.2,82,51,10,7,-596,2.09,102.4,0,"Normal",0
2025-11-02 23:35:00,"IIOT_1","Sensor","MQTT",71,2803,0.091,39.4,52,65.9,78,9,-46,412,1.32,109.2,0,"Normal",0
2025-11-02 23:40:00,"IIOT_2","Actuator","Modbus",128,1720,0.069,24.6,73.2,37.9,118,3,57,-1083,2.98,105,0,"DoS",1
2025-11-02 23:45:00,"IIOT_2","Controller","Modbus",126,1609,0.022,31.4,29.7,83.4,85,5,-2,-111,0.95,94.6,0,"Data Injection",1
2025-11-02 23:50:00,"IIOT_4","Actuator","Modbus",63,1685,0.086,37.3,36.1,68.8,107,7,-63,76,0.97,87.8,0,"DoS",1
2025-11-02 23:55:00,"IIOT_3","Sensor","HTTP",103,1286,0.069,15.4,80.3,58.8,73,7,40,-399,5.21,92.2,0,"Normal",0
2025-11-03,"IIOT_9","Controller","MQTT",107,1247,0.087,29.8,36.8,79.7,21,7,4,-39,1.23,80.8,0,"Normal",0
2025-11-03 00:05:00,"IIOT_9","Sensor","Modbus",97,2856,0.054,31.1,34.9,41.8,136,7,-10,1609,1.12,84.4,0,"Normal",0
2025-11-03 00:10:00,"IIOT_1","Sensor","MQTT",104,2112,0.045,32.5,61,34,133,4,7,-744,1.88,94,0,"DoS",1
2025-11-03 00:15:00,"IIOT_4","Sensor","HTTP",108,1387,0.071,22.7,74.6,65.4,77,4,4,-725,3.29,88,0,"Normal",0
2025-11-03 00:20:00,"IIOT_4","Actuator","Modbus",167,1173,0.006,27,38.5,31.1,101,3,59,-214,1.43,93.6,0,"Normal",0
2025-11-03 00:25:00,"IIOT_10","Sensor","Modbus",162,2740,0.044,37,88.5,41,34,7,-5,1567,2.39,96.2,0,"Normal",0
2025-11-03 00:30:00,"IIOT_10","Actuator","HTTP",158,1509,0.049,24.6,32.9,54.9,78,3,-4,-1231,1.34,84.6,0,"Data Injection",1
2025-11-03 00:35:00,"IIOT_6","Sensor","MQTT",128,1741,0.051,28.5,82.9,37.1,103,8,-30,232,2.91,78.6,0,"Normal",0
2025-11-03 00:40:00,"IIOT_9","Sensor","MQTT",124,2589,0.05,27.9,49.2,44.5,131,6,-4,848,1.76,89.4,0,"Normal",0
2025-11-03 00:45:00,"IIOT_7","Sensor","HTTP",99,1387,0.068,36,49.3,70.2,168,5,-25,-1202,1.37,102.8,1,"Normal",0
2025-11-03 00:50:00,"IIOT_10","Sensor","Modbus",77,1391,0.011,24.4,86.8,47.7,71,5,-22,4,3.56,110.2,0,"Normal",0
2025-11-03 00:55:00,"IIOT_5","Sensor","HTTP",183,3922,0.069,31.8,42,78.2,105,7,106,2531,1.32,115.6,0,"Normal",0
2025-11-03 01:00:00,"IIOT_6","Sensor","MQTT",148,1143,0.037,30,32.9,66.2,127,8,-35,-2779,1.1,120.4,0,"Spoofing",1
2025-11-03 01:05:00,"IIOT_9","Controller","Modbus",184,1491,0.089,35.3,84.7,84.3,126,7,36,348,2.4,119.4,0,"Normal",0
2025-11-03 01:10:00,"IIOT_1","Sensor","Modbus",66,3295,0.052,36.7,65.1,57.8,117,3,-118,1804,1.77,109.2,0,"MITM",1
2025-11-03 01:15:00,"IIOT_8","Actuator","Modbus",102,3229,0.057,35.4,30,39.9,82,3,36,-66,0.85,111.4,0,"Normal",0
2025-11-03 01:20:00,"IIOT_4","Sensor","Modbus",89,2377,0.039,29.6,20.1,69.5,111,9,-13,-852,0.68,112.6,0,"Spoofing",1
2025-11-03 01:25:00,"IIOT_5","Sensor","HTTP",168,2221,0.071,27.4,23.6,40.4,75,3,79,-156,0.86,102.2,0,"MITM",1
2025-11-03 01:30:00,"IIOT_5","Controller","MQTT",116,1416,0.053,29.3,86.7,55.3,106,2,-52,-805,2.96,98.2,0,"Normal",0
2025-11-03 01:35:00,"IIOT_10","Sensor","Modbus",130,2942,0.083,18.1,60.5,33.1,127,5,14,1526,3.34,100.2,0,"Data Injection",1
2025-11-03 01:40:00,"IIOT_10","Actuator","MQTT",89,1802,0.034,29.6,38.7,58.6,127,2,-41,-1140,1.31,109.2,0,"Normal",0
2025-11-03 01:45:00,"IIOT_3","Sensor","Modbus",47,2885,0.005,30.4,89.9,60.6,66,7,-42,1083,2.96,100.2,0,"Normal",0
2025-11-03 01:50:00,"IIOT_4","Actuator","HTTP",116,1789,0.06,28.3,29,84.4,118,2,69,-1096,1.02,108.8,0,"DoS",1
2025-11-03 01:55:00,"IIOT_5","Sensor","Modbus",113,1581,0.037,31.1,78.9,35.1,109,5,-3,-208,2.54,109.4,0,"Normal",0
2025-11-03 02:00:00,"IIOT_8","Actuator","MQTT",136,1412,0.074,37.7,53.2,71.8,119,9,23,-169,1.41,107.8,0,"Data Injection",1
2025-11-03 02:05:00,"IIOT_2","Actuator","Modbus",90,2385,0.016,33.2,48.9,61.7,79,5,-46,973,1.47,98.2,0,"Normal",0
2025-11-03 02:10:00,"IIOT_10","Actuator","MQTT",92,1027,0.076,31.9,66,30.2,110,9,2,-1358,2.07,107,0,"Normal",0
2025-11-03 02:15:00,"IIOT_9","Actuator","MQTT",124,2063,0.047,22,22,63.8,55,6,32,1036,1,94.4,0,"Normal",0
2025-11-03 02:20:00,"IIOT_3","Actuator","Modbus",112,582,0.013,26.5,68.8,43.3,64,2,-12,-1481,2.6,85.4,0,"MITM",1
2025-11-03 02:25:00,"IIOT_3","Sensor","MQTT",180,2819,0.098,28.3,64.7,39.2,41,3,68,2237,2.29,69.8,0,"MITM",1
2025-11-03 02:30:00,"IIOT_4","Controller","MQTT",85,2043,0.06,34.5,55.7,79.5,92,7,-95,-776,1.61,72.4,0,"Normal",0
2025-11-03 02:35:00,"IIOT_9","Actuator","MQTT",118,3609,0.091,34.9,22.7,46.5,144,9,33,1566,0.65,79.2,0,"Normal",0
2025-11-03 02:40:00,"IIOT_10","Sensor","Modbus",153,1445,0.062,27.4,59,67.6,155,6,35,-2164,2.15,99.2,1,"Spoofing",1
2025-11-03 02:45:00,"IIOT_8","Controller","HTTP",141,2572,0.035,30.5,64.2,80.7,-19,3,-12,1127,2.1,82.6,0,"Normal",0
2025-11-03 02:50:00,"IIOT_4","Controller","MQTT",93,2638,0.001,35.7,89.5,56.2,61,4,-48,66,2.51,86.6,0,"Normal",0
2025-11-03 02:55:00,"IIOT_5","Actuator","Modbus",211,1809,0.014,28.8,69.9,70.9,115,3,118,-829,2.43,91.2,0,"Normal",0
2025-11-03 03:00:00,"IIOT_8","Actuator","Modbus",133,2067,0.082,32.3,29.9,46.4,-31,6,-78,258,0.93,56.2,0,"MITM",1
2025-11-03 03:05:00,"IIOT_3","Sensor","HTTP",141,2225,0.044,35.7,40.7,55.7,117,10,8,158,1.14,48.6,0,"Normal",0
2025-11-03 03:10:00,"IIOT_9","Sensor","MQTT",166,2239,0.006,27.6,43.8,35.6,101,8,25,14,1.59,72.6,0,"Normal",0
2025-11-03 03:15:00,"IIOT_9","Controller","MQTT",189,3503,0.083,25.4,23.2,73,90,3,23,1264,0.91,78.4,0,"Normal",0
2025-11-03 03:20:00,"IIOT_1","Sensor","MQTT",105,2668,0.044,38.3,77.8,81.1,139,6,-84,-835,2.03,83.2,0,"DoS",1
2025-11-03 03:25:00,"IIOT_9","Actuator","HTTP",139,1562,0.03,22.3,44.6,73.3,63,1,34,-1106,2,102,0,"MITM",1
2025-11-03 03:30:00,"IIOT_3","Sensor","MQTT",96,1740,0.046,26.8,27,42.4,106,6,-43,178,1.01,99.8,0,"MITM",1
2025-11-03 03:35:00,"IIOT_7","Sensor","MQTT",74,2104,0.039,34.5,74.3,35.5,66,6,-22,364,2.15,92.8,0,"Normal",0
2025-11-03 03:40:00,"IIOT_8","Controller","Modbus",36,2684,0.035,32,57,32.2,144,3,-38,580,1.78,103.6,0,"Normal",0
2025-11-03 03:45:00,"IIOT_5","Sensor","Modbus",107,2296,0.045,27,81.7,66.5,77,6,71,-388,3.03,91.2,0,"Normal",0
2025-11-03 03:50:00,"IIOT_6","Controller","Modbus",70,2443,0.023,28,23.5,84.5,117,10,-37,147,0.84,102,0,"Normal",0
2025-11-03 03:55:00,"IIOT_4","Actuator","Modbus",139,2927,0.053,30.9,73.1,50.3,58,2,69,484,2.37,92.4,0,"Data Injection",1
2025-11-03 04:00:00,"IIOT_9","Actuator","Modbus",24,2178,0.012,23.4,62.4,45.8,94,5,-115,-749,2.67,98,0,"Normal",0
2025-11-03 04:05:00,"IIOT_1","Sensor","Modbus",110,3094,0.066,30.4,30.9,43.8,145,1,86,916,1.02,98.2,0,"Data Injection",1
2025-11-03 04:10:00,"IIOT_1","Sensor","Modbus",211,874,0.025,33.6,69.2,36.7,97,1,101,-2220,2.06,102.2,0,"Normal",0
2025-11-03 04:15:00,"IIOT_5","Sensor","MQTT",100,1252,0.077,31.2,42.7,46.5,120,3,-111,378,1.37,102.8,0,"Normal",0
2025-11-03 04:20:00,"IIOT_10","Actuator","HTTP",95,1356,0.092,33.8,31.2,48.4,68,2,-5,104,0.92,104.8,0,"Normal",0
2025-11-03 04:25:00,"IIOT_1","Actuator","Modbus",219,1335,0.069,23.1,35.6,46.6,135,6,124,-21,1.54,113,0,"Normal",0
2025-11-03 04:30:00,"IIOT_8","Sensor","MQTT",125,3171,0.043,29.1,86.2,79.7,86,4,-94,1836,2.96,101.2,0,"Normal",0
2025-11-03 04:35:00,"IIOT_10","Sensor","Modbus",109,1310,0.076,27.7,70.6,54.4,71,5,-16,-1861,2.55,96,0,"MITM",1
2025-11-03 04:40:00,"IIOT_5","Sensor","MQTT",134,1631,0.042,28.8,27.2,80,101,7,25,321,0.94,92.2,0,"Normal",0
2025-11-03 04:45:00,"IIOT_8","Sensor","HTTP",34,1982,0.096,27.8,86.1,43.9,109,5,-100,351,3.1,100.4,0,"Normal",0
2025-11-03 04:50:00,"IIOT_6","Sensor","Modbus",59,1149,0.028,26.3,59.8,79.9,102,5,25,-833,2.27,93.8,0,"Normal",0
2025-11-03 04:55:00,"IIOT_5","Sensor","MQTT",172,2320,0,20.8,87.1,78.8,122,8,113,1171,4.19,101,0,"Normal",0
2025-11-03 05:00:00,"IIOT_5","Sensor","HTTP",99,2434,0.084,18.3,24.3,41.3,14,8,-73,114,1.33,89.6,0,"DoS",1
2025-11-03 05:05:00,"IIOT_9","Sensor","MQTT",167,1663,0.025,32.8,32.2,62.8,96,7,68,-771,0.98,88.6,0,"Spoofing",1
2025-11-03 05:10:00,"IIOT_2","Sensor","MQTT",157,3579,0.099,24.2,27.8,39.3,56,8,-10,1916,1.15,78,0,"Normal",0
2025-11-03 05:15:00,"IIOT_4","Actuator","Modbus",130,2674,0.033,28,54.5,61.8,119,4,-27,-905,1.95,81.4,0,"Normal",0
2025-11-03 05:20:00,"IIOT_3","Controller","MQTT",123,2346,0.049,30.4,52.3,53.8,94,8,-7,-328,1.72,75.8,0,"Normal",0
2025-11-03 05:25:00,"IIOT_4","Actuator","MQTT",124,1570,0.028,31.2,65.1,63.8,9,3,1,-776,2.09,74.8,0,"DoS",1
2025-11-03 05:30:00,"IIOT_6","Sensor","Modbus",101,2030,0.034,28.5,85.1,32.3,82,2,-23,460,2.99,72,0,"Normal",0
2025-11-03 05:35:00,"IIOT_5","Sensor","HTTP",100,2876,0.095,34.8,42.6,30.1,160,5,-1,846,1.22,92.8,1,"Normal",0
2025-11-03 05:40:00,"IIOT_4","Actuator","Modbus",151,1853,0.052,25.4,86,67.5,112,4,51,-1023,3.39,91.4,0,"Normal",0
2025-11-03 05:45:00,"IIOT_1","Controller","Modbus",42,2594,0.071,27.7,58.1,64,110,6,-109,741,2.1,94.6,0,"Normal",0
2025-11-03 05:50:00,"IIOT_5","Controller","Modbus",166,2018,0.038,21.8,28.5,38.5,67,8,124,-576,1.31,106.2,0,"DoS",1
2025-11-03 05:55:00,"IIOT_10","Sensor","Modbus",129,3141,0.017,37.7,88.7,78.5,52,6,-37,1123,2.35,100.2,0,"Data Injection",1
2025-11-03 06:00:00,"IIOT_1","Actuator","HTTP",142,2292,0.067,27.6,72.1,72.7,56,3,13,-849,2.61,79.4,0,"Normal",0
2025-11-03 06:05:00,"IIOT_10","Sensor","MQTT",132,1455,0.056,29.1,50.2,56.9,147,9,-10,-837,1.73,86.4,0,"MITM",1
2025-11-03 06:10:00,"IIOT_3","Sensor","MQTT",161,2873,0.03,32.8,88.5,76.8,85,5,29,1418,2.7,81.4,0,"Normal",0
2025-11-03 06:15:00,"IIOT_8","Actuator","MQTT",148,2117,0.019,29,79,33,99,6,-13,-756,2.72,87.8,0,"DoS",1
2025-11-03 06:20:00,"IIOT_2","Sensor","MQTT",160,1823,0.002,28.1,89.4,66.5,109,7,12,-294,3.18,99.2,0,"Normal",0
2025-11-03 06:25:00,"IIOT_4","Actuator","MQTT",111,1409,0.013,19.8,86.3,46.3,48,8,-49,-414,4.36,97.6,0,"DoS",1
2025-11-03 06:30:00,"IIOT_5","Sensor","Modbus",123,1453,0.094,38.2,64.4,43.3,149,9,12,44,1.69,98,0,"Normal",0
2025-11-03 06:35:00,"IIOT_9","Sensor","Modbus",101,2053,0.027,23.3,34.9,62.8,44,3,-22,600,1.5,89.8,0,"Normal",0
2025-11-03 06:40:00,"IIOT_9","Actuator","MQTT",101,1204,0.065,32.4,59.8,50.2,99,10,0,-849,1.85,89.8,0,"DoS",1
2025-11-03 06:45:00,"IIOT_3","Sensor","Modbus",157,2274,0.029,22.4,59.4,34.8,83,10,56,1070,2.65,84.6,0,"DoS",1
2025-11-03 06:50:00,"IIOT_9","Sensor","Modbus",84,1830,0.016,24.4,46,78.9,108,9,-73,-444,1.89,96.6,0,"DoS",1
2025-11-03 06:55:00,"IIOT_2","Sensor","Modbus",67,209,0.067,31.2,86.1,47.5,62,4,-17,-1621,2.76,79.2,0,"Data Injection",1
2025-11-03 07:00:00,"IIOT_2","Actuator","MQTT",79,2036,0.082,24.9,54.6,48.5,81,9,12,1827,2.19,86.6,0,"Normal",0
2025-11-03 07:05:00,"IIOT_4","Sensor","MQTT",76,1564,0.061,22.2,88.1,78.5,70,9,-3,-472,3.97,80.8,0,"Normal",0
2025-11-03 07:10:00,"IIOT_8","Actuator","MQTT",100,1773,0.032,33.8,23.8,81.7,94,7,24,209,0.7,83,0,"DoS",1
2025-11-03 07:15:00,"IIOT_10","Actuator","MQTT",61,3253,0.046,27.2,65.7,36.3,164,6,-39,1480,2.42,94.2,1,"MITM",1
2025-11-03 07:20:00,"IIOT_4","Sensor","MQTT",96,1251,0.025,30.5,37.7,55.2,103,1,35,-2002,1.24,102.4,0,"Normal",0
2025-11-03 07:25:00,"IIOT_3","Actuator","MQTT",128,2238,0.05,28,27.2,37.9,93,1,32,987,0.97,104.8,0,"DoS",1
2025-11-03 07:30:00,"IIOT_6","Sensor","Modbus",103,2349,0.085,38.2,36.3,52.6,67,3,-25,111,0.95,104.2,0,"Normal",0
2025-11-03 07:35:00,"IIOT_8","Actuator","HTTP",105,1624,0.032,41.4,62,43.8,105,3,2,-725,1.5,106.4,0,"Normal",0
2025-11-03 07:40:00,"IIOT_4","Sensor","HTTP",179,2845,0.087,28.9,49.8,51.2,101,4,74,1221,1.72,93.8,0,"Normal",0
2025-11-03 07:45:00,"IIOT_9","Sensor","Modbus",117,2208,0.015,24.7,61.2,34.3,113,10,-62,-637,2.48,95.8,0,"Normal",0
2025-11-03 07:50:00,"IIOT_2","Actuator","Modbus",110,3017,0.031,29.2,48,58.2,107,7,-7,809,1.64,98.6,0,"Normal",0
2025-11-03 07:55:00,"IIOT_7","Sensor","HTTP",74,1233,0.01,34.7,64.7,69.3,131,6,-36,-1784,1.86,111.4,0,"Data Injection",1
2025-11-03 08:00:00,"IIOT_4","Controller","Modbus",92,1911,0.029,31.9,34.2,67.4,114,7,18,678,1.07,113.2,0,"Normal",0
2025-11-03 08:05:00,"IIOT_2","Actuator","HTTP",94,2478,0.008,30.2,83.1,50,114,7,2,567,2.75,115.8,0,"Data Injection",1
2025-11-03 08:10:00,"IIOT_9","Actuator","HTTP",92,2395,0.074,34.5,74.6,34.9,146,2,-2,-83,2.16,122.4,0,"Normal",0
2025-11-03 08:15:00,"IIOT_8","Controller","Modbus",243,2484,0.068,33.8,79.9,70.1,102,2,151,89,2.36,121.4,0,"Normal",0
2025-11-03 08:20:00,"IIOT_8","Sensor","Modbus",109,1556,0.014,39.6,24.6,36.9,55,6,-134,-928,0.62,106.2,0,"Data Injection",1
2025-11-03 08:25:00,"IIOT_5","Actuator","Modbus",82,2900,0.013,38.4,86.9,38.2,62,6,-27,1344,2.26,95.8,0,"Normal",0
2025-11-03 08:30:00,"IIOT_1","Actuator","MQTT",58,1682,0.076,34.5,33.5,59.3,170,1,-24,-1218,0.97,107,1,"DoS",1
2025-11-03 08:35:00,"IIOT_1","Sensor","Modbus",137,1783,0.098,26.5,67.9,82.8,125,5,79,101,2.56,102.8,0,"Normal",0
2025-11-03 08:40:00,"IIOT_10","Sensor","MQTT",136,1235,0.002,32,88.2,34.3,169,5,-1,-548,2.76,116.2,1,"Normal",0
2025-11-03 08:45:00,"IIOT_7","Controller","Modbus",79,1038,0.059,19,67.2,52.7,145,9,-57,-197,3.54,134.2,0,"Normal",0
2025-11-03 08:50:00,"IIOT_6","Actuator","MQTT",74,1167,0.083,31.3,49.4,59.8,6,9,-5,129,1.58,123,0,"Normal",0
2025-11-03 08:55:00,"IIOT_4","Controller","HTTP",161,3039,0.092,31.3,50.5,68.8,102,8,87,1872,1.61,109.4,0,"Normal",0
2025-11-03 09:00:00,"IIOT_8","Sensor","HTTP",76,1343,0.069,24.6,62.5,33.5,154,9,-85,-1696,2.54,115.2,1,"Spoofing",1
2025-11-03 09:05:00,"IIOT_7","Actuator","HTTP",94,1186,0.068,28.3,26.4,64.2,67,5,18,-157,0.93,94.8,0,"Normal",0
2025-11-03 09:10:00,"IIOT_5","Sensor","Modbus",143,1878,0.04,31.5,62.4,70,148,2,49,692,1.98,95.4,0,"DoS",1
2025-11-03 09:15:00,"IIOT_5","Sensor","HTTP",173,2249,0.04,25.9,20.1,59.8,140,5,30,371,0.78,122.2,0,"Normal",0
2025-11-03 09:20:00,"IIOT_5","Actuator","MQTT",102,2597,0.031,21.8,64.4,78.9,112,1,-71,348,2.95,124.2,0,"Normal",0
2025-11-03 09:25:00,"IIOT_6","Sensor","Modbus",155,1348,0.079,33.2,31.7,60.7,97,2,53,-1249,0.95,112.8,0,"Normal",0
2025-11-03 09:30:00,"IIOT_3","Actuator","Modbus",186,993,0.069,40.6,37.2,47.6,105,10,31,-355,0.92,120.4,0,"Normal",0
2025-11-03 09:35:00,"IIOT_10","Actuator","MQTT",200,1107,0.076,27.1,30,74.6,115,7,14,114,1.11,113.8,0,"Data Injection",1
2025-11-03 09:40:00,"IIOT_1","Actuator","Modbus",135,1499,0.039,29.7,71.2,33.7,75,6,-65,392,2.4,100.8,0,"Normal",0
2025-11-03 09:45:00,"IIOT_1","Controller","Modbus",45,922,0.003,28,48.3,78.3,62,5,-90,-577,1.72,90.8,0,"Normal",0
2025-11-03 09:50:00,"IIOT_10","Controller","Modbus",76,2281,0.017,40.8,29.5,57.9,68,10,31,1359,0.72,85,0,"Normal",0
2025-11-03 09:55:00,"IIOT_1","Sensor","HTTP",90,2047,0.022,29.9,64.6,38.2,148,10,14,-234,2.16,93.6,0,"Normal",0
2025-11-03 10:00:00,"IIOT_10","Sensor","MQTT",81,2660,0.048,23.9,30.1,84.3,106,7,-9,613,1.26,91.8,0,"Normal",0
2025-11-03 10:05:00,"IIOT_8","Sensor","MQTT",134,2089,0.047,30.6,88.3,51.8,104,9,53,-571,2.89,97.6,0,"Spoofing",1
2025-11-03 10:10:00,"IIOT_4","Sensor","HTTP",109,1857,0.013,23.3,38.3,60.4,47,2,-25,-232,1.64,94.6,0,"DoS",1
2025-11-03 10:15:00,"IIOT_4","Sensor","HTTP",108,2472,0.043,33,45.4,83.7,98,3,-1,615,1.38,100.6,0,"Normal",0
2025-11-03 10:20:00,"IIOT_4","Controller","Modbus",116,1589,0.072,28.3,88.9,34.8,123,2,8,-883,3.14,95.6,0,"Data Injection",1
2025-11-03 10:25:00,"IIOT_10","Sensor","Modbus",133,4159,0.085,22.8,22.5,65.5,93,4,17,2570,0.99,93,0,"MITM",1
2025-11-03 10:30:00,"IIOT_8","Sensor","Modbus",86,738,0.06,33.3,81.7,76.3,133,5,-47,-3421,2.45,98.8,0,"DoS",1
2025-11-03 10:35:00,"IIOT_2","Sensor","HTTP",146,1881,0.046,25.2,51.7,49.9,144,4,60,1143,2.05,118.2,0,"Normal",0
2025-11-03 10:40:00,"IIOT_6","Sensor","MQTT",128,2409,0.057,37.8,83.8,67.7,140,5,-18,528,2.22,126.6,0,"Normal",0
2025-11-03 10:45:00,"IIOT_1","Sensor","HTTP",127,920,0.046,31.5,89.7,37.6,66,5,-1,-1489,2.85,115.2,0,"Data Injection",1
2025-11-03 10:50:00,"IIOT_9","Sensor","Modbus",114,2436,0.023,36.6,30.8,54,135,8,-13,1516,0.84,123.6,0,"DoS",1
2025-11-03 10:55:00,"IIOT_3","Actuator","MQTT",81,1978,0.003,26.4,83.1,65.7,109,10,-33,-458,3.15,118.8,0,"Normal",0
2025-11-03 11:00:00,"IIOT_9","Sensor","HTTP",120,2271,0.079,25.9,20.3,40.3,53,8,39,293,0.78,100.6,0,"Spoofing",1
2025-11-03 11:05:00,"IIOT_6","Sensor","MQTT",158,757,0.083,25.1,62.5,78.9,138,6,38,-1514,2.49,100.2,0,"Normal",0
2025-11-03 11:10:00,"IIOT_1","Sensor","Modbus",137,2464,0.049,31.6,24.1,79.9,24,6,-21,1707,0.76,91.8,0,"Normal",0
2025-11-03 11:15:00,"IIOT_5","Controller","Modbus",139,1742,0.008,33.3,40.2,44.8,75,5,2,-722,1.21,79.8,0,"Normal",0
2025-11-03 11:20:00,"IIOT_4","Actuator","MQTT",125,2862,0.069,37.7,46.2,70.9,165,4,-14,1120,1.23,91,1,"DoS",1
2025-11-03 11:25:00,"IIOT_2","Sensor","Modbus",60,493,0.018,29.2,63.4,52.6,154,4,-65,-2369,2.17,111.2,1,"Normal",0
2025-11-03 11:30:00,"IIOT_2","Actuator","Modbus",111,437,0.063,31.8,64.4,66.5,45,2,51,-56,2.03,92.6,0,"Normal",0
2025-11-03 11:35:00,"IIOT_4","Controller","MQTT",146,1901,0.029,29.6,69.9,69.2,103,8,35,1464,2.36,108.4,0,"Data Injection",1
2025-11-03 11:40:00,"IIOT_5","Controller","MQTT",235,562,0.046,29.2,83.5,84.9,93,4,89,-1339,2.86,112,0,"Normal",0
2025-11-03 11:45:00,"IIOT_4","Sensor","HTTP",73,1663,0.079,29.5,25,66.4,118,1,-162,1101,0.85,102.6,0,"Spoofing",1
2025-11-03 11:50:00,"IIOT_8","Controller","Modbus",51,1800,0.011,28.5,43.7,65.4,68,6,-22,137,1.53,85.4,0,"DoS",1
2025-11-03 11:55:00,"IIOT_9","Actuator","MQTT",87,2583,0.005,28.1,43.2,75.6,161,6,36,783,1.54,108.6,1,"DoS",1
2025-11-03 12:00:00,"IIOT_4","Sensor","Modbus",68,2038,0.043,26.5,58,63,78,1,-19,-545,2.19,103.6,0,"Spoofing",1
2025-11-03 12:05:00,"IIOT_5","Sensor","MQTT",126,2611,0.066,28.9,37.6,80.8,107,10,58,573,1.3,106.4,0,"Spoofing",1
2025-11-03 12:10:00,"IIOT_1","Actuator","MQTT",149,2828,0.087,21,53.5,80.4,148,1,23,217,2.55,112.4,0,"Normal",0
2025-11-03 12:15:00,"IIOT_7","Sensor","Modbus",112,2047,0.064,29.4,48.1,55.1,54,7,-37,-781,1.64,109.6,0,"DoS",1
2025-11-03 12:20:00,"IIOT_5","Sensor","Modbus",91,2626,0.031,35.2,22.4,35.3,32,5,-21,579,0.64,83.8,0,"Normal",0
2025-11-03 12:25:00,"IIOT_7","Sensor","Modbus",46,875,0.027,32.8,27.2,45.7,56,8,-45,-1751,0.83,79.4,0,"Normal",0
2025-11-03 12:30:00,"IIOT_4","Actuator","Modbus",127,975,0.082,17.4,81,61.7,105,1,81,100,4.66,79,0,"Spoofing",1
2025-11-03 12:35:00,"IIOT_3","Actuator","Modbus",52,1244,0.026,27.5,81.6,43,115,3,-75,269,2.97,72.4,0,"Data Injection",1
2025-11-03 12:40:00,"IIOT_5","Controller","MQTT",68,2470,0.092,26.3,31.6,57.4,94,8,16,1226,1.2,80.4,0,"Normal",0
2025-11-03 12:45:00,"IIOT_4","Sensor","Modbus",88,2137,0.052,28.5,86.6,80.8,66,1,20,-333,3.04,87.2,0,"Normal",0
2025-11-03 12:50:00,"IIOT_10","Actuator","MQTT",68,2135,0.012,32.9,31.1,64.6,107,1,-20,-2,0.95,97.4,0,"DoS",1
2025-11-03 12:55:00,"IIOT_10","Controller","Modbus",126,2060,0.036,18.6,33.4,62.4,181,6,58,-75,1.8,112.6,1,"Normal",0
2025-11-03 13:00:00,"IIOT_1","Sensor","HTTP",136,2057,0.011,28.8,85.7,60.2,52,5,10,-3,2.98,100,0,"Spoofing",1
2025-11-03 13:05:00,"IIOT_7","Sensor","Modbus",213,1145,0.065,27.4,70.7,76.2,69,10,77,-912,2.58,95,0,"Normal",0
2025-11-03 13:10:00,"IIOT_9","Actuator","MQTT",163,942,0.017,31.8,40.4,59.9,202,2,-50,-203,1.27,122.2,1,"DoS",1
2025-11-03 13:15:00,"IIOT_9","Controller","Modbus",108,1146,0.085,38.6,56.8,67.6,156,10,-55,204,1.47,132,1,"Normal",0
2025-11-03 13:20:00,"IIOT_8","Sensor","Modbus",121,1941,0.091,33.7,47.9,74.7,131,9,13,795,1.42,122,0,"Normal",0
2025-11-03 13:25:00,"IIOT_1","Controller","Modbus",102,2369,0.048,29.6,87.3,50.5,89,3,-19,428,2.95,129.4,0,"Normal",0
2025-11-03 13:30:00,"IIOT_5","Sensor","MQTT",149,2080,0.028,24.7,74.8,43.9,38,8,47,-289,3.03,123.2,0,"Normal",0
2025-11-03 13:35:00,"IIOT_1","Actuator","Modbus",145,3807,0.053,35.5,22.3,52.7,180,8,-4,1727,0.63,118.8,1,"Normal",0
2025-11-03 13:40:00,"IIOT_6","Controller","MQTT",175,505,0.066,29.9,36.6,44.1,109,3,30,-3302,1.22,109.4,0,"DoS",1
2025-11-03 13:45:00,"IIOT_6","Controller","Modbus",188,1452,0.022,23.6,44.1,32.5,123,9,13,947,1.87,107.8,0,"Normal",0
2025-11-03 13:50:00,"IIOT_8","Controller","MQTT",104,2217,0.051,31.9,31.7,40.9,67,7,-84,765,0.99,103.4,0,"Data Injection",1
2025-11-03 13:55:00,"IIOT_2","Sensor","MQTT",159,1440,0.035,27.2,29.3,59.5,144,8,55,-777,1.08,124.6,0,"Normal",0
2025-11-03 14:00:00,"IIOT_5","Controller","Modbus",141,2277,0.008,35.5,42.3,84.6,107,2,-18,837,1.19,110,0,"Normal",0
2025-11-03 14:05:00,"IIOT_4","Sensor","Modbus",163,2036,0.091,29.9,64.7,46.1,79,8,22,-241,2.16,104,0,"Normal",0
2025-11-03 14:10:00,"IIOT_8","Sensor","HTTP",157,1711,0.017,31.7,22.5,59.8,96,4,-6,-325,0.71,98.6,0,"Data Injection",1
2025-11-03 14:15:00,"IIOT_3","Sensor","MQTT",150,1193,0.062,28.9,48.3,52.9,138,9,-7,-518,1.67,112.8,0,"Normal",0
2025-11-03 14:20:00,"IIOT_4","Actuator","HTTP",129,2554,0.092,34.2,28.3,48.9,149,6,-21,1361,0.83,113.8,0,"DoS",1
2025-11-03 14:25:00,"IIOT_9","Sensor","HTTP",153,2835,0.044,35.2,52.5,59.3,42,3,24,281,1.49,100.8,0,"Normal",0
2025-11-03 14:30:00,"IIOT_7","Sensor","MQTT",182,1188,0.031,26,22.2,37,100,2,29,-1647,0.85,105,0,"Normal",0
2025-11-03 14:35:00,"IIOT_9","Sensor","Modbus",112,2711,0.024,23.4,61.5,42.1,168,7,-70,1523,2.63,119.4,1,"Data Injection",1
2025-11-03 14:40:00,"IIOT_1","Sensor","Modbus",89,2236,0.088,23.8,65.3,75.4,133,10,-23,-475,2.74,118.4,0,"Normal",0
2025-11-03 14:45:00,"IIOT_9","Sensor","Modbus",109,2567,0.038,27.5,47.1,49.1,80,6,20,331,1.71,104.6,0,"Normal",0
2025-11-03 14:50:00,"IIOT_8","Actuator","Modbus",102,2572,0.051,31.7,53.9,62.1,152,3,-7,5,1.7,126.6,1,"Normal",0
2025-11-03 14:55:00,"IIOT_7","Controller","HTTP",105,1722,0.083,30.1,56.9,76.4,114,10,3,-850,1.89,129.4,0,"Normal",0
2025-11-03 15:00:00,"IIOT_2","Actuator","MQTT",119,2268,0.017,35.2,51.8,73.3,22,6,14,546,1.47,100.2,0,"Normal",0
2025-11-03 15:05:00,"IIOT_6","Sensor","MQTT",191,2120,0.08,38.1,64.2,74.5,111,8,72,-148,1.69,95.8,0,"Normal",0
2025-11-03 15:10:00,"IIOT_2","Actuator","MQTT",100,1010,0.042,29.2,32,73.4,127,8,-91,-1110,1.1,105.2,0,"Normal",0
2025-11-03 15:15:00,"IIOT_8","Controller","Modbus",136,2198,0.051,35.1,39.5,77.1,18,1,36,1188,1.13,78.4,0,"Normal",0
2025-11-03 15:20:00,"IIOT_10","Sensor","MQTT",143,1034,0.082,21.9,86.7,47.4,147,6,7,-1164,3.96,85,0,"Normal",0
2025-11-03 15:25:00,"IIOT_9","Sensor","HTTP",149,2498,0.071,35.9,56.3,70.3,132,8,6,1464,1.57,107,0,"MITM",1
2025-11-03 15:30:00,"IIOT_10","Actuator","HTTP",130,1463,0.014,29.5,75.2,36.2,117,4,-19,-1035,2.55,108.2,0,"Normal",0
2025-11-03 15:35:00,"IIOT_10","Sensor","Modbus",50,1855,0.007,34.1,41.6,75.3,96,8,-80,392,1.22,102,0,"Normal",0
2025-11-03 15:40:00,"IIOT_4","Sensor","Modbus",140,1877,0.032,30.9,51.2,38.4,138,5,90,22,1.66,126,0,"MITM",1
2025-11-03 15:45:00,"IIOT_5","Sensor","HTTP",193,2337,0.024,34.7,53.3,70.2,120,7,53,460,1.54,120.6,0,"Normal",0
2025-11-03 15:50:00,"IIOT_7","Sensor","HTTP",59,2887,0.096,26.4,80.6,61.5,127,7,-134,550,3.05,119.6,0,"Normal",0
2025-11-03 15:55:00,"IIOT_2","Actuator","Modbus",110,561,0.016,30.2,82.2,57.2,99,5,51,-2326,2.72,116,0,"DoS",1
2025-11-03 16:00:00,"IIOT_4","Sensor","HTTP",83,2365,0,28.8,68.9,34.9,129,7,-27,1804,2.39,122.6,0,"Normal",0
2025-11-03 16:05:00,"IIOT_2","Sensor","HTTP",73,66,0.058,25.6,57.1,82.1,88,10,-10,-2299,2.23,112.6,0,"Normal",0
2025-11-03 16:10:00,"IIOT_3","Controller","HTTP",70,1383,0.046,24.8,61.2,59.2,72,4,-3,1317,2.47,103,0,"MITM",1
2025-11-03 16:15:00,"IIOT_3","Actuator","Modbus",101,1581,0.069,30.9,88.5,68.8,79,2,31,198,2.86,93.4,0,"Normal",0
2025-11-03 16:20:00,"IIOT_4","Controller","HTTP",85,1463,0.076,33,39.3,68.6,77,7,-16,-118,1.19,89,0,"Normal",0
2025-11-03 16:25:00,"IIOT_8","Controller","MQTT",108,1762,0.098,26.9,59.5,77.6,59,9,23,299,2.21,75,0,"Spoofing",1
2025-11-03 16:30:00,"IIOT_3","Sensor","HTTP",118,2358,0.067,31,35.7,38,134,8,10,596,1.15,84.2,0,"MITM",1
2025-11-03 16:35:00,"IIOT_4","Controller","HTTP",81,2169,0.044,30.3,88.2,62.2,80,5,-37,-189,2.91,85.8,0,"Normal",0
2025-11-03 16:40:00,"IIOT_10","Actuator","MQTT",161,1807,0.092,28.3,52.9,61.1,116,6,80,-362,1.87,93.2,0,"Normal",0
2025-11-03 16:45:00,"IIOT_10","Sensor","Modbus",64,1183,0.092,25.5,28.1,77.5,92,8,-97,-624,1.1,96.2,0,"Normal",0
2025-11-03 16:50:00,"IIOT_7","Sensor","Modbus",173,2222,0.041,30.5,69,83.9,44,3,109,1039,2.26,93.2,0,"Normal",0
2025-11-03 16:55:00,"IIOT_9","Controller","MQTT",156,2513,0.099,31,71.3,80.9,116,5,-17,291,2.3,89.6,0,"Normal",0
2025-11-03 17:00:00,"IIOT_1","Actuator","MQTT",175,1619,0.023,28.4,24.2,54.6,162,7,19,-894,0.85,106,1,"DoS",1
2025-11-03 17:05:00,"IIOT_3","Sensor","Modbus",109,2809,0.093,34.3,24.7,69.2,49,9,-66,1190,0.72,92.6,0,"Normal",0
2025-11-03 17:10:00,"IIOT_8","Actuator","Modbus",126,542,0.059,37.4,23.8,45,146,9,17,-2267,0.64,103.4,0,"MITM",1
2025-11-03 17:15:00,"IIOT_10","Sensor","MQTT",82,714,0.071,28.9,60.4,31.1,87,6,-44,172,2.09,112,0,"Normal",0
2025-11-03 17:20:00,"IIOT_10","Sensor","MQTT",136,2650,0.082,33.6,90,34.9,173,2,54,1936,2.68,123.4,1,"Normal",0
2025-11-03 17:25:00,"IIOT_5","Sensor","MQTT",88,3062,0.052,24.3,59.6,58.9,73,2,-48,412,2.45,105.6,0,"DoS",1
2025-11-03 17:30:00,"IIOT_4","Sensor","HTTP",139,1871,0.01,32.2,40.4,68,73,6,51,-1191,1.25,110.4,0,"Normal",0
2025-11-03 17:35:00,"IIOT_8","Sensor","MQTT",77,2875,0.093,30,84.5,44.6,102,4,-62,1004,2.82,101.6,0,"Data Injection",1
2025-11-03 17:40:00,"IIOT_3","Sensor","Modbus",84,2755,0.033,28.1,33.8,65.6,82,3,7,-120,1.2,100.6,0,"DoS",1
2025-11-03 17:45:00,"IIOT_1","Sensor","Modbus",71,1038,0.08,36.5,53.9,64.4,-2,9,-13,-1717,1.48,65.6,0,"DoS",1
2025-11-03 17:50:00,"IIOT_7","Sensor","MQTT",156,1751,0.046,41.7,78.7,51,137,10,85,713,1.89,78.4,0,"Normal",0
2025-11-03 17:55:00,"IIOT_9","Actuator","Modbus",213,1505,0.03,23.4,57.3,66.6,114,1,57,-246,2.45,86.6,0,"Normal",0
2025-11-03 18:00:00,"IIOT_8","Actuator","Modbus",108,1044,0.071,23.2,52.6,40.8,110,1,-105,-461,2.27,88.2,0,"Normal",0
2025-11-03 18:05:00,"IIOT_10","Sensor","MQTT",145,2240,0.073,31.2,33.8,44.9,51,2,37,1196,1.08,82,0,"DoS",1
2025-11-03 18:10:00,"IIOT_8","Actuator","Modbus",109,2676,0.06,24.5,79.2,37.7,135,10,-36,436,3.23,109.4,0,"Normal",0
2025-11-03 18:15:00,"IIOT_8","Controller","HTTP",128,1242,0.02,31.1,80.5,73.2,44,1,19,-1434,2.59,90.8,0,"DoS",1
2025-11-03 18:20:00,"IIOT_2","Actuator","Modbus",121,2672,0.016,32.2,89.7,72.9,100,2,-7,1430,2.79,88,0,"Data Injection",1
2025-11-03 18:25:00,"IIOT_1","Controller","MQTT",138,1950,0.055,28.6,87.8,46.1,74,5,17,-722,3.07,80.8,0,"DoS",1
2025-11-03 18:30:00,"IIOT_7","Actuator","Modbus",64,1511,0.027,35.7,60.8,53.1,102,4,-74,-439,1.7,91,0,"Normal",0
2025-11-03 18:35:00,"IIOT_6","Sensor","Modbus",147,1925,0.034,24.7,43.2,37.7,134,7,83,414,1.75,90.8,0,"Normal",0
2025-11-03 18:40:00,"IIOT_9","Actuator","MQTT",107,349,0.043,34.1,40.1,64.4,108,2,-40,-1576,1.18,103.6,0,"Data Injection",1
2025-11-03 18:45:00,"IIOT_6","Sensor","HTTP",129,2351,0.071,27.8,22.3,47,103,7,22,2002,0.8,104.2,0,"Normal",0
2025-11-03 18:50:00,"IIOT_8","Controller","MQTT",101,1520,0.062,28.6,40.6,50.2,73,2,-28,-831,1.42,104,0,"Normal",0
2025-11-03 18:55:00,"IIOT_7","Actuator","HTTP",98,1612,0.089,29.5,62.5,68.9,105,4,-3,92,2.12,104.6,0,"Data Injection",1
2025-11-03 19:00:00,"IIOT_8","Sensor","HTTP",75,1761,0.002,28.2,21.1,56.8,75,5,-23,149,0.75,92.8,0,"Normal",0
2025-11-03 19:05:00,"IIOT_4","Controller","MQTT",106,921,0.003,25.3,66.5,30.1,116,1,31,-840,2.63,94.4,0,"Normal",0
2025-11-03 19:10:00,"IIOT_6","Actuator","Modbus",134,2451,0.02,31.5,83.5,35.7,64,5,28,1530,2.65,86.6,0,"Normal",0
2025-11-03 19:15:00,"IIOT_4","Actuator","Modbus",104,1689,0.014,21.1,35.3,73.7,101,3,-30,-762,1.67,92.2,0,"Normal",0
2025-11-03 19:20:00,"IIOT_1","Controller","MQTT",144,1609,0.042,36.2,53.2,65.1,18,4,40,-80,1.47,74.8,0,"Normal",0
2025-11-03 19:25:00,"IIOT_3","Sensor","Modbus",178,1500,0.051,27,52.8,53.2,178,7,34,-109,1.96,95.4,1,"Normal",0
2025-11-03 19:30:00,"IIOT_7","Actuator","MQTT",167,2236,0.015,31.1,89.5,40,96,2,-11,736,2.88,91.4,0,"Normal",0
2025-11-03 19:35:00,"IIOT_4","Actuator","MQTT",152,2007,0.09,27,28.5,35.4,68,4,-15,-229,1.06,92.2,0,"DoS",1
2025-11-03 19:40:00,"IIOT_6","Sensor","HTTP",100,931,0,27.8,52.8,70.1,110,1,-52,-1076,1.9,94,0,"Data Injection",1
2025-11-03 19:45:00,"IIOT_4","Actuator","HTTP",192,2922,0.004,27.2,32,33.6,116,4,92,1991,1.18,113.6,0,"MITM",1
2025-11-03 19:50:00,"IIOT_9","Sensor","Modbus",117,2033,0.092,23,61.4,56.8,158,4,-75,-889,2.67,109.6,1,"Normal",0
2025-11-03 19:55:00,"IIOT_4","Actuator","Modbus",104,1399,0.065,30.8,30.8,34.9,61,7,-13,-634,1,102.6,0,"Normal",0
2025-11-03 20:00:00,"IIOT_1","Controller","MQTT",192,2415,0.098,28.9,88.5,31.4,88,7,88,1016,3.06,106.6,0,"Normal",0
2025-11-03 20:05:00,"IIOT_5","Controller","Modbus",85,2152,0.033,42.2,42.7,46.6,135,10,-107,-263,1.01,111.6,0,"Normal",0
2025-11-03 20:10:00,"IIOT_3","Actuator","Modbus",144,2190,0.089,35.8,66.1,47.7,50,7,59,38,1.85,98.4,0,"Normal",0
2025-11-03 20:15:00,"IIOT_4","Sensor","MQTT",69,1378,0.046,30.2,43.1,82.7,73,8,-75,-812,1.43,81.4,0,"DoS",1
2025-11-03 20:20:00,"IIOT_3","Controller","Modbus",194,3361,0.09,25.7,81.2,33.9,142,6,125,1983,3.16,97.6,0,"Normal",0
2025-11-03 20:25:00,"IIOT_2","Sensor","MQTT",116,1838,0.091,34.8,83.3,55.4,161,4,-78,-1523,2.39,112.2,1,"Normal",0
2025-11-03 20:30:00,"IIOT_7","Sensor","MQTT",78,1357,0.02,30.3,81.4,61.4,86,6,-38,-481,2.69,102.4,0,"Normal",0
2025-11-03 20:35:00,"IIOT_10","Actuator","Modbus",108,1682,0.061,27.7,83.4,54.3,75,6,30,325,3.01,107.4,0,"Data Injection",1
2025-11-03 20:40:00,"IIOT_9","Sensor","MQTT",128,1765,0.091,31,36.3,65.2,83,5,20,83,1.17,109.4,0,"Normal",0
2025-11-03 20:45:00,"IIOT_7","Controller","HTTP",201,955,0.089,33.5,59.1,76.9,92,3,73,-810,1.76,99.4,0,"Data Injection",1
2025-11-03 20:50:00,"IIOT_7","Controller","HTTP",81,1367,0.009,22.3,29.6,79.9,55,7,-120,412,1.33,78.2,0,"Normal",0
2025-11-03 20:55:00,"IIOT_4","Actuator","Modbus",78,2643,0.003,32.7,83,72.4,117,8,-3,1276,2.54,84.4,0,"Normal",0
2025-11-03 21:00:00,"IIOT_6","Sensor","HTTP",148,2353,0.026,36.2,79.7,84.6,85,1,70,-290,2.2,86.4,0,"Normal",0
2025-11-03 21:05:00,"IIOT_5","Actuator","Modbus",94,2414,0.098,42.4,25.8,59.2,115,3,-54,61,0.61,92.8,0,"Normal",0
2025-11-03 21:10:00,"IIOT_7","Controller","MQTT",89,2250,0.005,26.3,53.9,81.8,118,2,-5,-164,2.05,98,0,"Normal",0
2025-11-03 21:15:00,"IIOT_6","Sensor","Modbus",93,2945,0.08,20.9,67.3,36.8,104,1,4,695,3.22,107.8,0,"Normal",0
2025-11-03 21:20:00,"IIOT_2","Sensor","Modbus",131,1116,0.008,29.4,42.2,38.4,156,3,38,-1829,1.44,115.6,1,"DoS",1
2025-11-03 21:25:00,"IIOT_2","Controller","Modbus",173,1305,0.054,19.4,20.9,71,122,7,42,189,1.08,123,0,"Normal",0
2025-11-03 21:30:00,"IIOT_7","Sensor","MQTT",126,1007,0.032,31.4,20.1,77.7,140,9,-47,-298,0.64,128,0,"DoS",1
2025-11-03 21:35:00,"IIOT_4","Sensor","Modbus",107,1965,0.008,22.1,28.6,43.1,174,9,-19,958,1.29,139.2,1,"DoS",1
2025-11-03 21:40:00,"IIOT_6","Sensor","MQTT",104,2502,0.074,24.1,48.8,48.3,53,7,-3,537,2.02,129,0,"Normal",0
2025-11-03 21:45:00,"IIOT_6","Sensor","MQTT",135,590,0.007,36.9,41.7,84.6,157,7,31,-1912,1.13,129.2,1,"DoS",1
2025-11-03 21:50:00,"IIOT_4","Actuator","MQTT",158,1774,0.004,25.7,26.8,35,101,2,23,1184,1.04,125,0,"DoS",1
2025-11-03 21:55:00,"IIOT_2","Controller","MQTT",118,2469,0.003,22,73.3,62.4,158,2,-40,695,3.33,128.6,1,"DoS",1
2025-11-03 22:00:00,"IIOT_1","Sensor","Modbus",92,1559,0.046,31.9,76.4,65.7,135,9,-26,-910,2.39,120.8,0,"Normal",0
2025-11-03 22:05:00,"IIOT_1","Controller","Modbus",119,2656,0.088,31.5,78.5,58.6,84,6,27,1097,2.49,127,0,"Normal",0
2025-11-03 22:10:00,"IIOT_10","Controller","Modbus",102,959,0.009,24.2,63.7,62.8,43,7,-17,-1697,2.63,104.2,0,"Normal",0
2025-11-03 22:15:00,"IIOT_6","Sensor","Modbus",91,3383,0.097,36,65.6,61.7,65,6,-11,2424,1.82,97,0,"Normal",0
2025-11-03 22:20:00,"IIOT_1","Sensor","MQTT",154,2629,0.029,35.3,59.5,77.3,120,10,63,-754,1.69,89.4,0,"Normal",0
2025-11-03 22:25:00,"IIOT_7","Sensor","Modbus",46,144,0.021,29.7,83.3,65.3,133,5,-108,-2485,2.8,89,0,"Data Injection",1
2025-11-03 22:30:00,"IIOT_8","Sensor","MQTT",127,1495,0.072,30.9,64.5,34,78,7,81,1351,2.09,87.8,0,"Normal",0
2025-11-03 22:35:00,"IIOT_6","Controller","MQTT",131,2911,0.054,24.1,87.8,64.7,153,6,4,1416,3.64,109.8,1,"Normal",0
2025-11-03 22:40:00,"IIOT_3","Actuator","HTTP",86,1518,0.077,33.3,80.4,69.1,111,2,-45,-1393,2.41,119,0,"Normal",0
2025-11-03 22:45:00,"IIOT_4","Controller","Modbus",114,987,0.065,36.8,47.9,35.2,212,4,28,-531,1.3,137.4,1,"Data Injection",1
2025-11-03 22:50:00,"IIOT_3","Controller","MQTT",155,1777,0.052,18.7,59.6,68.7,87,1,41,790,3.19,128.2,0,"Normal",0
2025-11-03 22:55:00,"IIOT_6","Controller","MQTT",111,2491,0.085,20.2,87.3,64.8,110,10,-44,714,4.32,134.6,0,"MITM",1
2025-11-03 23:00:00,"IIOT_3","Actuator","Modbus",140,936,0.017,39,71.5,82.2,128,7,29,-1555,1.83,129.6,0,"Normal",0
2025-11-03 23:05:00,"IIOT_10","Sensor","Modbus",125,1895,0.098,30.3,27.4,46.5,126,10,-15,959,0.9,132.6,0,"Data Injection",1
2025-11-03 23:10:00,"IIOT_2","Controller","Modbus",169,1698,0.049,28.1,44.3,49.3,121,8,44,-197,1.58,114.4,0,"Normal",0
2025-11-03 23:15:00,"IIOT_10","Sensor","MQTT",201,1939,0.022,29.5,88.5,35.2,80,1,32,241,3,113,0,"Normal",0
2025-11-03 23:20:00,"IIOT_2","Controller","MQTT",98,2678,0.098,31,51.4,74.6,163,2,-103,739,1.66,123.6,1,"Data Injection",1
2025-11-03 23:25:00,"IIOT_3","Controller","Modbus",126,1634,0.011,24.8,78.1,77.7,183,9,28,-1044,3.15,134.6,1,"Normal",0
2025-11-03 23:30:00,"IIOT_4","Controller","Modbus",68,2083,0.029,28.6,44.1,82.8,83,3,-58,449,1.54,126,0,"MITM",1
2025-11-03 23:35:00,"IIOT_2","Actuator","Modbus",169,1984,0.049,41.3,29,54.5,85,6,101,-99,0.7,118.8,0,"Normal",0
2025-11-03 23:40:00,"IIOT_3","Sensor","Modbus",160,2146,0.006,35.9,67,75,127,7,-9,162,1.87,128.2,0,"Data Injection",1
2025-11-03 23:45:00,"IIOT_4","Controller","MQTT",136,2414,0.018,29.5,60.6,51.5,67,2,-24,268,2.05,109,0,"MITM",1
2025-11-03 23:50:00,"IIOT_1","Actuator","MQTT",87,2532,0,35.8,54.7,63.5,51,7,-49,118,1.53,82.6,0,"Normal",0
2025-11-03 23:55:00,"IIOT_5","Sensor","MQTT",161,2083,0.053,29.9,88.6,84,127,4,74,-449,2.96,91.4,0,"Normal",0
2025-11-04,"IIOT_6","Sensor","Modbus",139,1678,0.059,34.6,44.2,68.4,104,10,-22,-405,1.28,95.2,0,"MITM",1
2025-11-04 00:05:00,"IIOT_8","Controller","MQTT",94,1149,0.042,33,26.5,32,147,10,-45,-529,0.8,99.2,0,"DoS",1
2025-11-04 00:10:00,"IIOT_10","Sensor","MQTT",93,1668,0.05,35.9,77.2,67.6,72,5,-1,519,2.15,100.2,0,"Normal",0
2025-11-04 00:15:00,"IIOT_6","Sensor","Modbus",108,1532,0.008,25.5,69.8,59.3,68,1,15,-136,2.74,103.6,0,"Data Injection",1
2025-11-04 00:20:00,"IIOT_2","Actuator","Modbus",53,1979,0.055,27,23.3,56.8,18,3,-55,447,0.86,81.8,0,"Normal",0
2025-11-04 00:25:00,"IIOT_6","Sensor","Modbus",139,1690,0.063,34.5,40.9,80.5,145,5,86,-289,1.19,90,0,"MITM",1
2025-11-04 00:30:00,"IIOT_8","Sensor","HTTP",92,1630,0.065,28.9,73,43,91,1,-47,-60,2.53,78.8,0,"Normal",0
2025-11-04 00:35:00,"IIOT_4","Actuator","MQTT",144,931,0.05,23.9,23.5,67.6,62,9,52,-699,0.98,76.8,0,"Normal",0
2025-11-04 00:40:00,"IIOT_1","Controller","HTTP",133,1550,0.006,26,28.3,44.1,132,4,-11,619,1.09,89.6,0,"Normal",0
2025-11-04 00:45:00,"IIOT_10","Sensor","MQTT",43,2051,0.047,31.8,76.8,71.3,26,3,-90,501,2.42,91.2,0,"DoS",1
2025-11-04 00:50:00,"IIOT_5","Sensor","MQTT",94,1469,0.018,25.6,54.4,48.6,104,3,51,-582,2.12,83,0,"Normal",0
2025-11-04 00:55:00,"IIOT_7","Actuator","MQTT",128,2984,0.069,28.2,26.8,79,192,8,34,1515,0.95,103.2,1,"Normal",0
2025-11-04 01:00:00,"IIOT_10","Sensor","MQTT",149,2457,0.055,29.1,87.9,41.4,92,4,21,-527,3.02,109.2,0,"Normal",0
2025-11-04 01:05:00,"IIOT_2","Sensor","HTTP",103,1213,0.093,26.7,86.9,71,144,8,-46,-1244,3.25,111.6,0,"MITM",1
2025-11-04 01:10:00,"IIOT_2","Sensor","Modbus",99,735,0.063,22.1,22.7,41.3,143,3,-4,-478,1.03,135,0,"Spoofing",1
2025-11-04 01:15:00,"IIOT_10","Actuator","MQTT",154,1572,0.052,25.4,23.7,49.6,63,7,55,837,0.93,126.8,0,"Normal",0
2025-11-04 01:20:00,"IIOT_2","Controller","MQTT",142,1490,0.057,31.7,78.6,77.9,142,8,-12,-82,2.48,116.8,0,"Normal",0
2025-11-04 01:25:00,"IIOT_1","Sensor","HTTP",167,1179,0.077,22.6,20.5,65.6,134,8,25,-311,0.91,125.2,0,"Normal",0
2025-11-04 01:30:00,"IIOT_3","Sensor","Modbus",121,1164,0.03,36.9,64.2,83,51,2,-46,-15,1.74,106.6,0,"MITM",1
2025-11-04 01:35:00,"IIOT_8","Sensor","Modbus",154,704,0.079,31.1,69.9,32.2,72,6,33,-460,2.25,92.4,0,"Normal",0
2025-11-04 01:40:00,"IIOT_8","Controller","Modbus",23,3384,0.002,32,50.7,71.3,142,2,-131,2680,1.58,108.2,0,"Normal",0
2025-11-04 01:45:00,"IIOT_6","Actuator","MQTT",110,1902,0.035,28.3,51.3,32.4,101,4,87,-1482,1.81,100,0,"Data Injection",1
2025-11-04 01:50:00,"IIOT_10","Actuator","Modbus",164,1811,0.013,37.9,50.8,68.2,126,10,54,-91,1.34,98.4,0,"Normal",0
2025-11-04 01:55:00,"IIOT_4","Controller","MQTT",169,1883,0.026,36.7,71,71.7,139,8,5,72,1.93,116,0,"MITM",1
2025-11-04 02:00:00,"IIOT_5","Actuator","MQTT",156,1081,0.06,24.1,50.8,43.4,92,8,-13,-802,2.11,120,0,"Normal",0
2025-11-04 02:05:00,"IIOT_6","Sensor","Modbus",122,1198,0.029,37.4,79.3,33.8,71,7,-34,117,2.12,105.8,0,"Normal",0
2025-11-04 02:10:00,"IIOT_5","Actuator","MQTT",152,2110,0.008,31.7,26,66.5,34,9,30,912,0.82,92.4,0,"DoS",1
2025-11-04 02:15:00,"IIOT_6","Sensor","MQTT",50,2544,0.003,31.7,55.2,76.4,99,5,-102,434,1.74,87,0,"MITM",1
2025-11-04 02:20:00,"IIOT_9","Actuator","MQTT",147,2118,0.089,30.3,42.1,41.2,63,3,97,-426,1.39,71.8,0,"Normal",0
2025-11-04 02:25:00,"IIOT_5","Controller","Modbus",169,826,0.045,32.2,71.2,74.5,34,3,22,-1292,2.21,60.2,0,"Normal",0
2025-11-04 02:30:00,"IIOT_6","Sensor","Modbus",81,1308,0.09,24.8,63.8,37.9,63,6,-88,482,2.57,58.6,0,"MITM",1
2025-11-04 02:35:00,"IIOT_3","Sensor","MQTT",117,1251,0.095,26.5,66.3,34.9,79,3,36,-57,2.5,67.6,0,"Normal",0
2025-11-04 02:40:00,"IIOT_6","Sensor","Modbus",96,2433,0.037,34.6,50.7,35.6,79,2,-21,1182,1.47,63.6,0,"Normal",0
2025-11-04 02:45:00,"IIOT_5","Actuator","Modbus",133,3280,0.009,30.7,50.1,63.8,111,6,37,847,1.63,73.2,0,"Normal",0
2025-11-04 02:50:00,"IIOT_6","Actuator","MQTT",160,1907,0.041,27.3,21.9,52.5,126,3,27,-1373,0.8,91.6,0,"Normal",0
2025-11-04 02:55:00,"IIOT_9","Sensor","Modbus",111,1484,0.028,33.5,28.6,34.1,110,2,-49,-423,0.85,101,0,"Normal",0
2025-11-04 03:00:00,"IIOT_7","Sensor","HTTP",113,3213,0.002,33.3,66.7,32.3,125,10,2,1729,2,110.2,0,"Normal",0
2025-11-04 03:05:00,"IIOT_4","Actuator","Modbus",111,2579,0.072,32.5,33.7,46.5,120,9,-2,-634,1.04,118.4,0,"Normal",0
2025-11-04 03:10:00,"IIOT_4","Controller","MQTT",126,891,0.046,20.9,69.8,59.8,90,7,15,-1688,3.34,114.2,0,"DoS",1
2025-11-04 03:15:00,"IIOT_5","Controller","Modbus",70,2530,0.029,26,51.9,83.4,118,6,-56,1639,2,112.6,0,"Normal",0
2025-11-04 03:20:00,"IIOT_2","Sensor","MQTT",60,293,0.032,36.2,88.7,59.1,83,2,-10,-2237,2.45,107.2,0,"Normal",0
2025-11-04 03:25:00,"IIOT_6","Actuator","HTTP",141,2833,0.064,29.5,28.5,51.6,113,6,81,2540,0.97,104.8,0,"Normal",0
2025-11-04 03:30:00,"IIOT_5","Actuator","Modbus",142,1086,0.071,32.7,46.9,48.3,47,9,1,-1747,1.43,90.2,0,"DoS",1
2025-11-04 03:35:00,"IIOT_3","Controller","Modbus",107,2813,0.016,35.3,40.9,84.5,61,7,-35,1727,1.16,84.4,0,"Normal",0
2025-11-04 03:40:00,"IIOT_10","Sensor","HTTP",121,2118,0.094,30.3,40.7,80.8,80,6,14,-695,1.34,76.8,0,"MITM",1
2025-11-04 03:45:00,"IIOT_1","Actuator","HTTP",137,2043,0.085,23.2,65.7,71.8,77,8,16,-75,2.83,75.6,0,"Normal",0
2025-11-04 03:50:00,"IIOT_4","Sensor","Modbus",196,2686,0.072,23.2,42.5,43.4,120,9,59,643,1.83,77,0,"Normal",0
2025-11-04 03:55:00,"IIOT_10","Controller","MQTT",199,2164,0.096,28.5,36.9,37.9,188,3,3,-522,1.29,105.2,1,"Normal",0
2025-11-04 04:00:00,"IIOT_7","Controller","HTTP",168,1814,0.072,30.9,21.2,51.4,96,3,-31,-350,0.69,112.2,0,"Normal",0
2025-11-04 04:05:00,"IIOT_3","Sensor","MQTT",87,610,0.024,21.7,67.7,33.1,80,4,-81,-1204,3.12,112.2,0,"MITM",1
2025-11-04 04:10:00,"IIOT_5","Actuator","Modbus",168,2587,0.017,36.2,45.9,57.2,81,2,81,1977,1.27,113,0,"Data Injection",1
2025-11-04 04:15:00,"IIOT_4","Sensor","Modbus",150,2250,0.032,35.3,47.7,60.1,86,2,-18,-337,1.35,106.2,0,"Normal",0
2025-11-04 04:20:00,"IIOT_7","Sensor","Modbus",225,1926,0.094,34.2,38.1,41.5,123,6,75,-324,1.11,93.2,0,"Normal",0
2025-11-04 04:25:00,"IIOT_5","Actuator","MQTT",96,2557,0.06,30,71.3,36.3,36,2,-129,631,2.38,81.2,0,"MITM",1
2025-11-04 04:30:00,"IIOT_10","Actuator","HTTP",97,2040,0.092,26.3,31.2,69.3,-38,8,1,-517,1.19,57.6,0,"MITM",1
2025-11-04 04:35:00,"IIOT_7","Actuator","MQTT",169,3110,0.063,34.1,89,82.5,96,2,72,1070,2.61,60.6,0,"Normal",0
2025-11-04 04:40:00,"IIOT_8","Actuator","MQTT",90,2738,0.03,25.5,62.3,73.3,140,3,-79,-372,2.44,71.4,0,"Normal",0
2025-11-04 04:45:00,"IIOT_4","Controller","Modbus",67,1824,0.041,24.6,87.4,47.9,112,9,-23,-914,3.55,69.2,0,"Spoofing",1
2025-11-04 04:50:00,"IIOT_7","Actuator","MQTT",153,2544,0.006,24.4,70.6,54.8,112,2,86,720,2.89,84.4,0,"MITM",1
2025-11-04 04:55:00,"IIOT_7","Controller","MQTT",145,1150,0.027,23.8,39.9,52.6,102,5,-8,-1394,1.68,112.4,0,"Normal",0
2025-11-04 05:00:00,"IIOT_8","Sensor","HTTP",86,2957,0.055,28.1,42.4,53.1,114,2,-59,1807,1.51,116,0,"MITM",1
2025-11-04 05:05:00,"IIOT_6","Sensor","MQTT",154,2311,0.073,33.1,77.1,59.6,127,5,68,-646,2.33,113.4,0,"Normal",0
2025-11-04 05:10:00,"IIOT_8","Sensor","MQTT",89,2558,0.087,35.4,57,78.8,29,9,-65,247,1.61,96.8,0,"Normal",0
2025-11-04 05:15:00,"IIOT_8","Sensor","MQTT",139,2088,0.007,36.9,60.5,75.6,179,5,50,-470,1.64,110.2,1,"Normal",0
2025-11-04 05:20:00,"IIOT_10","Actuator","Modbus",91,2190,0.061,37,31.9,83.2,69,2,-48,102,0.86,103.6,0,"Normal",0
2025-11-04 05:25:00,"IIOT_9","Sensor","MQTT",21,2108,0.025,26.5,26.3,75.1,103,10,-70,-82,0.99,101.4,0,"Normal",0
2025-11-04 05:30:00,"IIOT_5","Actuator","MQTT",116,2917,0.091,23.6,70.4,44.1,61,6,95,809,2.98,88.2,0,"Normal",0
2025-11-04 05:35:00,"IIOT_6","Actuator","HTTP",76,2745,0.02,32.4,55.8,65.7,136,3,-40,-172,1.72,109.6,0,"DoS",1
2025-11-04 05:40:00,"IIOT_9","Sensor","HTTP",81,2433,0.086,27.1,48.5,56.1,61,8,5,-312,1.79,86,0,"DoS",1
2025-11-04 05:45:00,"IIOT_4","Sensor","MQTT",130,322,0.094,35.3,47.6,58.3,109,3,49,-2111,1.35,94,0,"Normal",0
2025-11-04 05:50:00,"IIOT_4","Sensor","MQTT",117,1459,0.015,29.3,73.1,51.8,119,2,-13,1137,2.49,97.2,0,"Normal",0
2025-11-04 05:55:00,"IIOT_10","Controller","HTTP",97,1880,0.032,27.2,45.5,47,79,7,-20,421,1.67,100.8,0,"DoS",1
2025-11-04 06:00:00,"IIOT_8","Actuator","MQTT",51,2840,0.06,40.1,80.3,42.7,87,8,-46,960,2,91,0,"Normal",0
2025-11-04 06:05:00,"IIOT_7","Actuator","MQTT",144,2339,0.089,25.8,29.4,59.7,137,4,93,-501,1.14,106.2,0,"DoS",1
2025-11-04 06:10:00,"IIOT_9","Actuator","HTTP",131,428,0.034,30.2,29.2,81.7,32,6,-13,-1911,0.97,90.8,0,"Spoofing",1
2025-11-04 06:15:00,"IIOT_2","Actuator","MQTT",105,2761,0.077,24.1,41.7,73.5,141,4,-26,2333,1.73,95.2,0,"Normal",0
2025-11-04 06:20:00,"IIOT_7","Sensor","Modbus",156,1836,0.014,29.6,25.2,46.2,123,3,51,-925,0.85,104,0,"Normal",0
2025-11-04 06:25:00,"IIOT_5","Actuator","HTTP",121,880,0.059,35.4,40.2,65.6,65,6,-35,-956,1.14,99.6,0,"Normal",0
2025-11-04 06:30:00,"IIOT_3","Actuator","MQTT",101,2452,0.027,31.4,22,52.2,114,5,-20,1572,0.7,95,0,"Normal",0
2025-11-04 06:35:00,"IIOT_6","Sensor","Modbus",155,1608,0.044,27.5,33.1,34.2,140,4,54,-844,1.2,116.6,0,"Normal",0
2025-11-04 06:40:00,"IIOT_4","Actuator","Modbus",156,2752,0.027,25.3,71.7,64,91,7,1,1144,2.83,106.6,0,"Normal",0
2025-11-04 06:45:00,"IIOT_3","Sensor","HTTP",140,2448,0.076,36.5,68.7,38.3,155,3,-16,-304,1.88,113,1,"MITM",1
2025-11-04 06:50:00,"IIOT_10","Actuator","HTTP",111,2223,0.081,33.3,51.6,44.9,107,8,-29,-225,1.55,121.4,0,"DoS",1
2025-11-04 06:55:00,"IIOT_3","Sensor","Modbus",129,1834,0.087,28.7,82.1,35.5,66,4,18,-389,2.86,111.8,0,"Normal",0
2025-11-04 07:00:00,"IIOT_8","Actuator","MQTT",102,2831,0.076,26.2,43.3,59.5,133,10,-27,997,1.65,110.4,0,"Normal",0
2025-11-04 07:05:00,"IIOT_9","Sensor","HTTP",136,2218,0.049,35.2,72.2,71.2,119,6,34,-613,2.05,116,0,"Normal",0
2025-11-04 07:10:00,"IIOT_8","Sensor","HTTP",104,1620,0.009,33,89.1,33,13,7,-32,-598,2.7,87.6,0,"MITM",1
2025-11-04 07:15:00,"IIOT_2","Actuator","HTTP",86,1430,0.006,18.2,41.5,75.8,143,8,-18,-190,2.28,94.8,0,"Spoofing",1
2025-11-04 07:20:00,"IIOT_6","Actuator","HTTP",47,580,0.018,34.2,28.4,61.3,87,8,-39,-850,0.83,99,0,"Normal",0
2025-11-04 07:25:00,"IIOT_4","Sensor","Modbus",152,2201,0.011,29.7,82,34.9,117,4,105,1621,2.76,95.8,0,"Normal",0
2025-11-04 07:30:00,"IIOT_5","Controller","HTTP",123,1900,0.009,29.1,46.8,77.1,103,6,-29,-301,1.61,92.6,0,"Data Injection",1
2025-11-04 07:35:00,"IIOT_2","Sensor","Modbus",110,764,0.066,29.6,50.2,63.5,54,3,-13,-1136,1.7,100.8,0,"DoS",1
2025-11-04 07:40:00,"IIOT_10","Actuator","Modbus",122,1915,0.018,33.2,40,53.1,46,7,12,1151,1.2,81.4,0,"MITM",1
2025-11-04 07:45:00,"IIOT_9","Controller","Modbus",70,2794,0.002,35.6,70.5,75.4,101,9,-52,879,1.98,84.2,0,"Normal",0
2025-11-04 07:50:00,"IIOT_2","Sensor","Modbus",177,1544,0.096,28.4,72,34.2,59,8,107,-1250,2.54,72.6,0,"DoS",1
2025-11-04 07:55:00,"IIOT_6","Sensor","MQTT",145,581,0.017,25.2,32.8,54,114,8,-32,-963,1.3,74.8,0,"Normal",0
2025-11-04 08:00:00,"IIOT_7","Sensor","MQTT",140,3142,0.073,36.8,68.1,69.6,93,3,-5,2561,1.85,82.6,0,"Normal",0
2025-11-04 08:05:00,"IIOT_1","Sensor","Modbus",153,2770,0.065,36.2,46.3,64.6,112,4,13,-372,1.28,95.8,0,"Normal",0
2025-11-04 08:10:00,"IIOT_7","Sensor","Modbus",205,3245,0.063,31.2,50,44.8,76,6,52,475,1.6,90.8,0,"Normal",0
2025-11-04 08:15:00,"IIOT_2","Controller","Modbus",120,3261,0.038,27.2,55.1,63.6,168,6,-85,16,2.03,112.6,1,"Normal",0
2025-11-04 08:20:00,"IIOT_7","Controller","Modbus",87,1473,0.076,27.2,71.9,65.9,94,1,-33,-1788,2.64,108.6,0,"Normal",0
2025-11-04 08:25:00,"IIOT_5","Sensor","Modbus",159,3536,0.066,34.9,44.1,85,113,7,72,2063,1.26,112.6,0,"Normal",0
2025-11-04 08:30:00,"IIOT_5","Sensor","Modbus",131,1495,0.026,28.6,42.2,74.3,112,2,-28,-2041,1.48,112.6,0,"Normal",0
2025-11-04 08:35:00,"IIOT_5","Sensor","HTTP",162,2089,0.047,39.6,25,46.3,119,6,31,594,0.63,121.2,0,"Normal",0
2025-11-04 08:40:00,"IIOT_2","Controller","Modbus",147,1215,0.02,20.7,59,35.2,53,6,-15,-874,2.85,98.2,0,"Normal",0
2025-11-04 08:45:00,"IIOT_8","Actuator","MQTT",186,1467,0.078,32.2,62.8,65.7,98,9,39,252,1.95,99,0,"Normal",0
2025-11-04 08:50:00,"IIOT_3","Controller","Modbus",97,2511,0.099,30,66.3,63.1,83,2,-89,1044,2.21,93,0,"Normal",0
2025-11-04 08:55:00,"IIOT_6","Actuator","MQTT",56,2755,0.024,25.1,69.7,72.6,102,2,-41,244,2.78,91,0,"Normal",0
2025-11-04 09:00:00,"IIOT_7","Sensor","Modbus",80,2164,0.049,32.4,48.6,35.8,35,8,24,-591,1.5,74.2,0,"DoS",1
2025-11-04 09:05:00,"IIOT_8","Actuator","MQTT",70,2675,0.004,35.5,28.5,69.9,82,7,-10,511,0.8,80,0,"MITM",1
2025-11-04 09:10:00,"IIOT_8","Actuator","MQTT",85,1686,0.085,24.5,55.3,73.5,163,8,15,-989,2.26,93,1,"MITM",1
2025-11-04 09:15:00,"IIOT_9","Controller","MQTT",97,2865,0.088,38,60.9,75.1,124,7,12,1179,1.6,101.2,0,"MITM",1
2025-11-04 09:20:00,"IIOT_1","Sensor","Modbus",89,1929,0.03,23.5,59.4,62.5,91,8,-8,-936,2.53,99,0,"Normal",0
2025-11-04 09:25:00,"IIOT_4","Controller","Modbus",108,1692,0.015,33.5,21.6,67.5,97,4,19,-237,0.64,111.4,0,"MITM",1
2025-11-04 09:30:00,"IIOT_5","Actuator","Modbus",87,3494,0.053,21,89,74.1,114,7,-21,1802,4.24,117.8,0,"DoS",1
2025-11-04 09:35:00,"IIOT_6","Controller","HTTP",107,1570,0.08,26.2,40.4,71.5,121,4,20,-1924,1.54,109.4,0,"Normal",0
2025-11-04 09:40:00,"IIOT_1","Sensor","MQTT",126,1318,0.086,20.5,64.2,30.9,177,8,19,-252,3.13,120,1,"Normal",0
2025-11-04 09:45:00,"IIOT_8","Sensor","MQTT",103,2843,0.054,25.6,51.9,74.7,101,8,-23,1525,2.03,122,0,"Normal",0
2025-11-04 09:50:00,"IIOT_1","Controller","MQTT",151,2725,0.004,26.5,79.8,35.1,92,2,48,-118,3.01,121,0,"Data Injection",1
2025-11-04 09:55:00,"IIOT_8","Sensor","MQTT",136,3596,0.025,29.5,63.2,38.8,106,9,-15,871,2.14,119.4,0,"Normal",0
2025-11-04 10:00:00,"IIOT_5","Sensor","HTTP",196,1115,0.034,23.7,35.6,74.5,157,8,60,-2481,1.5,126.6,1,"Normal",0
2025-11-04 10:05:00,"IIOT_9","Sensor","MQTT",162,2200,0.084,28.3,51.2,43.4,123,10,-34,1085,1.81,115.8,0,"DoS",1
2025-11-04 10:10:00,"IIOT_5","Sensor","MQTT",153,2595,0.057,35.2,86.7,65.3,47,6,-9,395,2.46,105,0,"DoS",1
2025-11-04 10:15:00,"IIOT_9","Sensor","MQTT",120,824,0.08,23.5,53.6,75.4,138,9,-33,-1771,2.28,114.2,0,"DoS",1
2025-11-04 10:20:00,"IIOT_7","Sensor","MQTT",136,2442,0.06,36.9,75.5,41.4,96,2,16,1618,2.05,112.2,0,"DoS",1
2025-11-04 10:25:00,"IIOT_5","Actuator","HTTP",94,1714,0.078,35.6,57.2,72.5,58,10,-42,-728,1.61,92.4,0,"Normal",0
2025-11-04 10:30:00,"IIOT_2","Sensor","Modbus",119,2864,0.072,19.5,36.5,79.6,147,3,25,1150,1.87,97.2,0,"Normal",0
2025-11-04 10:35:00,"IIOT_7","Actuator","Modbus",110,2928,0.098,35.8,67.1,49.7,99,8,-9,64,1.87,107.6,0,"DoS",1
2025-11-04 10:40:00,"IIOT_1","Controller","Modbus",97,3190,0.044,21.9,60.3,55.1,69,9,-13,262,2.75,93.8,0,"Normal",0
2025-11-04 10:45:00,"IIOT_6","Sensor","Modbus",129,342,0.018,19.6,57.2,51.2,107,5,32,-2848,2.92,96,0,"Normal",0
2025-11-04 10:50:00,"IIOT_4","Sensor","HTTP",141,1578,0.01,34.1,71.3,48.9,127,1,12,1236,2.09,109.8,0,"Normal",0
2025-11-04 10:55:00,"IIOT_4","Sensor","HTTP",113,1272,0.096,28,63.4,39.7,93,8,-28,-306,2.26,99,0,"Normal",0
2025-11-04 11:00:00,"IIOT_4","Sensor","MQTT",161,1765,0.095,25.6,69.7,55.3,42,1,48,493,2.72,87.6,0,"Normal",0
2025-11-04 11:05:00,"IIOT_8","Controller","Modbus",191,1779,0.051,26.1,44.9,72.6,107,2,30,14,1.72,95.2,0,"DoS",1
2025-11-04 11:10:00,"IIOT_9","Sensor","HTTP",109,1784,0.083,19.5,22.4,44.8,116,6,-82,5,1.15,97,0,"Normal",0
2025-11-04 11:15:00,"IIOT_4","Actuator","Modbus",128,1930,0.008,35.3,87.8,55.2,23,9,19,146,2.49,76.2,0,"Normal",0
2025-11-04 11:20:00,"IIOT_1","Sensor","Modbus",140,1549,0.021,31.8,51,80.8,170,9,12,-381,1.6,91.6,1,"Spoofing",1
2025-11-04 11:25:00,"IIOT_6","Controller","HTTP",90,1465,0.039,27.1,72.2,78.3,113,5,-50,-84,2.66,105.8,0,"Normal",0
2025-11-04 11:30:00,"IIOT_7","Actuator","MQTT",111,1472,0.042,32.6,80.5,73.7,108,10,21,7,2.47,106,0,"DoS",1
2025-11-04 11:35:00,"IIOT_7","Actuator","MQTT",124,1662,0.056,35.1,86,40.4,130,9,13,190,2.45,108.8,0,"DoS",1
2025-11-04 11:40:00,"IIOT_9","Actuator","MQTT",62,1184,0.084,35.7,55.6,36.3,149,9,-62,-478,1.56,134,0,"Normal",0
2025-11-04 11:45:00,"IIOT_9","Sensor","Modbus",132,1070,0.037,29.3,63.6,46.1,124,10,70,-114,2.17,124.8,0,"Normal",0
2025-11-04 11:50:00,"IIOT_5","Sensor","MQTT",145,1609,0.002,28.3,54.2,34.7,124,10,13,539,1.92,127,0,"Data Injection",1
2025-11-04 11:55:00,"IIOT_5","Sensor","MQTT",169,3083,0.017,37.3,36.8,46.9,139,7,24,1474,0.99,133.2,0,"Normal",0
2025-11-04 12:00:00,"IIOT_8","Sensor","MQTT",107,2449,0.064,27,39.9,71.6,84,5,-62,-634,1.48,124,0,"Normal",0
2025-11-04 12:05:00,"IIOT_3","Actuator","Modbus",126,1075,0.053,19.9,66.5,82.5,111,5,19,-1374,3.34,116.4,0,"Normal",0
2025-11-04 12:10:00,"IIOT_2","Sensor","Modbus",129,2236,0.024,35.4,86.3,83.6,145,5,3,1161,2.44,120.6,0,"Normal",0
2025-11-04 12:15:00,"IIOT_10","Sensor","MQTT",178,2129,0.071,21.7,85.6,49.7,115,2,49,-107,3.94,118.8,0,"Normal",0
2025-11-04 12:20:00,"IIOT_2","Sensor","HTTP",53,1730,0.017,29,68.7,67.8,55,1,-125,-399,2.37,102,0,"MITM",1
2025-11-04 12:25:00,"IIOT_6","Sensor","Modbus",194,997,0.047,31.8,68.4,57.1,16,2,141,-733,2.15,88.4,0,"Data Injection",1
2025-11-04 12:30:00,"IIOT_3","Controller","HTTP",137,1633,0.067,24.5,52.8,44.6,149,3,-57,636,2.16,96,0,"Normal",0
2025-11-04 12:35:00,"IIOT_4","Actuator","MQTT",83,1904,0.046,33.8,70.2,52.2,154,3,-54,271,2.08,97.8,1,"MITM",1
2025-11-04 12:40:00,"IIOT_10","Actuator","HTTP",98,810,0.055,30.3,58.6,80.5,62,6,15,-1094,1.93,87.2,0,"DoS",1
2025-11-04 12:45:00,"IIOT_7","Sensor","Modbus",8,3165,0.006,30.6,81.6,55.9,146,6,-90,2355,2.67,105.4,0,"Data Injection",1
2025-11-04 12:50:00,"IIOT_4","Actuator","Modbus",94,1691,0.006,31.6,87.2,74,112,9,86,-1474,2.76,124.6,0,"Normal",0
2025-11-04 12:55:00,"IIOT_10","Sensor","Modbus",105,2114,0.063,29.5,51.2,57,143,5,11,423,1.74,123.4,0,"Normal",0
2025-11-04 13:00:00,"IIOT_7","Actuator","MQTT",102,3281,0.054,26.6,72.4,77.8,103,4,-3,1167,2.72,113.2,0,"Spoofing",1
2025-11-04 13:05:00,"IIOT_10","Sensor","Modbus",120,1818,0.017,30.5,51.6,47.9,112,3,18,-1463,1.69,123.2,0,"Normal",0
2025-11-04 13:10:00,"IIOT_7","Sensor","Modbus",166,1667,0.064,32.8,64.4,63.2,168,8,46,-151,1.96,127.6,1,"MITM",1
2025-11-04 13:15:00,"IIOT_1","Actuator","MQTT",136,1296,0.079,24.6,23.3,49.5,103,3,-30,-371,0.95,125.8,0,"Normal",0
2025-11-04 13:20:00,"IIOT_10","Actuator","Modbus",145,2371,0.036,30.9,36.8,63.9,115,5,9,1075,1.19,120.2,0,"MITM",1
2025-11-04 13:25:00,"IIOT_2","Actuator","Modbus",214,2762,0.092,33.4,67.3,66.1,102,2,69,391,2.01,120,0,"Normal",0
2025-11-04 13:30:00,"IIOT_4","Sensor","MQTT",144,1662,0.085,24.3,87.2,82.2,116,3,-70,-1100,3.59,120.8,0,"DoS",1
2025-11-04 13:35:00,"IIOT_7","Actuator","Modbus",152,1009,0.097,29.7,84.6,50.2,99,1,8,-653,2.85,107,0,"Normal",0
2025-11-04 13:40:00,"IIOT_3","Sensor","Modbus",97,1948,0.008,32.5,76.6,84,159,4,-55,939,2.36,118.2,1,"MITM",1
2025-11-04 13:45:00,"IIOT_9","Actuator","Modbus",158,3068,0.014,38.6,39.4,56.2,120,6,61,1120,1.02,119.2,0,"Data Injection",1
2025-11-04 13:50:00,"IIOT_5","Controller","MQTT",135,1782,0.033,33.3,49.9,58,66,5,-23,-1286,1.5,112,0,"Normal",0
2025-11-04 13:55:00,"IIOT_10","Sensor","HTTP",133,1529,0.071,31.7,31.8,65.3,104,6,-2,-253,1,109.6,0,"MITM",1
2025-11-04 14:00:00,"IIOT_7","Sensor","Modbus",83,1336,0.03,33.8,64.6,70.5,83,6,-50,-193,1.91,106.4,0,"Normal",0
2025-11-04 14:05:00,"IIOT_6","Sensor","Modbus",169,1972,0.068,30,85.8,55.7,55,9,86,636,2.86,85.6,0,"Normal",0
2025-11-04 14:10:00,"IIOT_9","Sensor","Modbus",74,565,0.02,34.7,43.2,48.4,99,6,-95,-1407,1.24,81.4,0,"Normal",0
2025-11-04 14:15:00,"IIOT_10","Actuator","Modbus",41,1769,0.086,32.1,87.1,35.8,191,4,-33,1204,2.71,106.4,1,"DoS",1
2025-11-04 14:20:00,"IIOT_7","Sensor","MQTT",116,705,0.087,41.5,34.3,78.1,178,4,75,-1064,0.83,121.2,1,"Normal",0
2025-11-04 14:25:00,"IIOT_7","Controller","Modbus",94,2037,0.043,22.8,46.7,71.3,153,7,-22,1332,2.05,135.2,1,"Normal",0
2025-11-04 14:30:00,"IIOT_9","Actuator","MQTT",171,3510,0.034,23.9,41.5,64.9,110,3,77,1473,1.74,146.2,0,"Normal",0
2025-11-04 14:35:00,"IIOT_2","Sensor","Modbus",77,1278,0.098,29.1,63.3,69.1,61,8,-94,-2232,2.18,138.6,0,"Normal",0
2025-11-04 14:40:00,"IIOT_1","Sensor","HTTP",112,2049,0.048,29.3,69.1,75.4,121,3,35,771,2.36,124.6,0,"Normal",0
2025-11-04 14:45:00,"IIOT_4","Sensor","HTTP",157,2268,0.035,34,83.1,65.9,89,10,45,219,2.44,106.8,0,"Normal",0
2025-11-04 14:50:00,"IIOT_3","Sensor","Modbus",146,1278,0.096,26.2,61.3,61.4,7,5,-11,-990,2.34,77.6,0,"Data Injection",1
2025-11-04 14:55:00,"IIOT_9","Actuator","Modbus",126,1116,0.047,28.2,78.5,50.7,121,4,-20,-162,2.78,79.8,0,"Normal",0
2025-11-04 15:00:00,"IIOT_9","Controller","Modbus",69,2157,0.07,26.7,52.9,53.2,99,9,-57,1041,1.98,87.4,0,"Normal",0
2025-11-04 15:05:00,"IIOT_10","Actuator","Modbus",141,2105,0.063,32.2,28.2,43.1,106,3,72,-52,0.88,84.4,0,"DoS",1
2025-11-04 15:10:00,"IIOT_8","Controller","HTTP",78,496,0.089,31.1,72.6,70.2,97,4,-63,-1609,2.33,86,0,"MITM",1
2025-11-04 15:15:00,"IIOT_8","Controller","MQTT",143,2120,0.021,34.6,29.9,38.6,27,9,65,1624,0.86,90,0,"MITM",1
2025-11-04 15:20:00,"IIOT_1","Controller","HTTP",111,2940,0.091,32,33.6,63,39,4,-32,820,1.05,73.6,0,"Normal",0
2025-11-04 15:25:00,"IIOT_3","Controller","HTTP",88,2128,0.059,28.9,26.3,76.6,144,5,-23,-812,0.91,82.6,0,"Data Injection",1
2025-11-04 15:30:00,"IIOT_6","Sensor","MQTT",147,1357,0.007,26,81.3,34.7,40,6,59,-771,3.13,69.4,0,"Data Injection",1
2025-11-04 15:35:00,"IIOT_4","Sensor","MQTT",116,1928,0.024,18.2,80.4,71.2,113,6,-31,571,4.42,72.6,0,"Normal",0
2025-11-04 15:40:00,"IIOT_5","Controller","HTTP",85,1858,0.047,38.2,32.4,64.8,142,4,-31,-70,0.85,95.6,0,"Normal",0
2025-11-04 15:45:00,"IIOT_3","Sensor","Modbus",149,2529,0.024,29.4,70.8,40.8,102,5,64,671,2.41,108.2,0,"MITM",1
2025-11-04 15:50:00,"IIOT_10","Sensor","MQTT",78,3084,0.026,25.6,37.3,49.6,93,1,-71,555,1.46,98,0,"DoS",1
2025-11-04 15:55:00,"IIOT_2","Sensor","Modbus",93,1249,0.006,35.7,85,59.1,133,2,15,-1835,2.38,116.6,0,"MITM",1
2025-11-04 16:00:00,"IIOT_7","Sensor","Modbus",154,804,0.039,36.2,21.2,67,43,1,61,-445,0.59,102.6,0,"MITM",1
2025-11-04 16:05:00,"IIOT_4","Sensor","Modbus",179,2320,0.013,26.9,80.2,52,88,6,25,1516,2.98,91.8,0,"Normal",0
2025-11-04 16:10:00,"IIOT_2","Actuator","MQTT",122,1891,0.017,26.2,76.3,47.8,152,8,-57,-429,2.91,101.8,1,"Normal",0
2025-11-04 16:15:00,"IIOT_1","Sensor","MQTT",93,2080,0.055,34.4,23.7,44.8,157,4,-29,189,0.69,114.6,1,"MITM",1
2025-11-04 16:20:00,"IIOT_9","Sensor","HTTP",141,1039,0.063,31.9,33.1,84.4,157,6,48,-1041,1.04,119.4,1,"Normal",0
2025-11-04 16:25:00,"IIOT_2","Actuator","Modbus",80,2527,0.004,35.7,22.1,48.1,76,9,-61,1488,0.62,126,0,"Normal",0
2025-11-04 16:30:00,"IIOT_1","Actuator","Modbus",63,1993,0.027,29.2,62,56,99,4,-17,-534,2.12,128.2,0,"Normal",0
2025-11-04 16:35:00,"IIOT_1","Sensor","HTTP",142,2246,0.085,25.8,59.4,69.4,104,1,79,253,2.3,118.6,0,"Normal",0
2025-11-04 16:40:00,"IIOT_2","Sensor","MQTT",134,2501,0.087,23.5,86.9,84.2,116,6,-8,255,3.7,110.4,0,"Normal",0
2025-11-04 16:45:00,"IIOT_1","Controller","MQTT",92,2375,0.013,40.5,21.5,32,68,2,-42,-126,0.53,92.6,0,"Normal",0
2025-11-04 16:50:00,"IIOT_3","Sensor","Modbus",158,1568,0.094,26.4,81.9,66.6,120,8,66,-807,3.1,101.4,0,"Data Injection",1
2025-11-04 16:55:00,"IIOT_6","Actuator","Modbus",166,1311,0.003,31.6,58.1,52.5,80,2,8,-257,1.84,97.6,0,"Normal",0
2025-11-04 17:00:00,"IIOT_2","Controller","Modbus",99,1964,0.068,35,69.9,39.5,161,7,-67,653,2,109,1,"Data Injection",1
2025-11-04 17:05:00,"IIOT_5","Sensor","MQTT",126,2860,0.016,26.9,22.3,62.2,149,2,27,896,0.83,115.6,0,"Normal",0
2025-11-04 17:10:00,"IIOT_5","Sensor","HTTP",125,2792,0.096,38.4,80.3,48.5,83,2,-1,-68,2.09,118.6,0,"Normal",0
2025-11-04 17:15:00,"IIOT_8","Actuator","MQTT",153,2934,0.086,24.6,67,79.6,117,6,28,142,2.72,118,0,"MITM",1
2025-11-04 17:20:00,"IIOT_10","Sensor","Modbus",57,2200,0.086,32.3,73.6,75,119,5,-96,-734,2.28,125.8,0,"Normal",0
2025-11-04 17:25:00,"IIOT_10","Actuator","MQTT",205,1535,0.093,30.5,21.9,80.6,102,8,148,-665,0.72,114,0,"Normal",0
2025-11-04 17:30:00,"IIOT_4","Actuator","Modbus",172,523,0.095,27.9,43.7,41.7,57,4,-33,-1012,1.57,95.6,0,"Normal",0
2025-11-04 17:35:00,"IIOT_2","Sensor","MQTT",149,1515,0.024,28.7,65,68.2,65,5,-23,992,2.26,92,0,"Normal",0
2025-11-04 17:40:00,"IIOT_4","Sensor","Modbus",149,1526,0.025,32.7,29.4,41.6,116,4,0,11,0.9,91.8,0,"Normal",0
2025-11-04 17:45:00,"IIOT_2","Actuator","HTTP",124,3100,0.064,23.4,79.9,80.6,62,5,-25,1574,3.41,80.4,0,"DoS",1
2025-11-04 17:50:00,"IIOT_9","Sensor","MQTT",116,2109,0.055,27.5,86.8,67.4,21,10,-8,-991,3.16,64.2,0,"Normal",0
2025-11-04 17:55:00,"IIOT_2","Controller","MQTT",125,1546,0.086,28.6,69.7,44.3,180,8,9,-563,2.44,88.8,1,"Normal",0
2025-11-04 18:00:00,"IIOT_7","Sensor","HTTP",130,2830,0.028,27,84.2,39,76,3,5,1284,3.12,91,0,"Normal",0
2025-11-04 18:05:00,"IIOT_3","Actuator","Modbus",214,850,0.011,34,71.3,33.5,105,10,84,-1980,2.1,88.8,0,"Data Injection",1
2025-11-04 18:10:00,"IIOT_8","Controller","MQTT",143,1915,0.051,35,57.3,31.9,146,3,-71,1065,1.64,105.6,0,"DoS",1
2025-11-04 18:15:00,"IIOT_7","Actuator","Modbus",124,3360,0.093,29,29.9,75.8,153,8,-19,1445,1.03,132,1,"MITM",1
2025-11-04 18:20:00,"IIOT_8","Actuator","MQTT",65,2344,0.029,18.9,46.7,37.4,107,3,-59,-1016,2.47,117.4,0,"Normal",0
2025-11-04 18:25:00,"IIOT_5","Sensor","MQTT",117,3197,0.094,28.7,67.6,41.4,65,1,52,853,2.36,115.2,0,"Normal",0
2025-11-04 18:30:00,"IIOT_2","Sensor","HTTP",111,3442,0.016,24,77.3,40.5,29,4,-6,245,3.22,100,0,"Normal",0
2025-11-04 18:35:00,"IIOT_1","Actuator","HTTP",137,1325,0.065,34.6,48.1,73.9,18,3,26,-2117,1.39,74.4,0,"Normal",0
2025-11-04 18:40:00,"IIOT_4","Controller","HTTP",77,2684,0.008,20.9,64.1,68.4,220,9,-60,1359,3.07,87.8,1,"Normal",0
2025-11-04 18:45:00,"IIOT_4","Sensor","MQTT",102,2545,0.069,31.9,46.8,68.8,64,3,25,-139,1.47,79.2,0,"DoS",1
2025-11-04 18:50:00,"IIOT_8","Actuator","MQTT",140,2341,0.071,29.5,62.3,49.8,134,3,38,-204,2.11,93,0,"Normal",0
2025-11-04 18:55:00,"IIOT_8","Actuator","Modbus",147,1485,0.09,30.5,43.8,59.2,106,3,7,-856,1.44,108.4,0,"Normal",0
2025-11-04 19:00:00,"IIOT_5","Sensor","Modbus",29,1839,0.019,25.1,78,63.6,98,1,-118,354,3.11,124.4,0,"DoS",1
2025-11-04 19:05:00,"IIOT_5","Sensor","HTTP",137,2306,0.032,26.7,81,40.2,100,10,108,467,3.03,100.4,0,"Normal",0
2025-11-04 19:10:00,"IIOT_9","Sensor","HTTP",145,1396,0.011,22.9,55.7,66.6,164,8,8,-910,2.43,120.4,1,"Normal",0
2025-11-04 19:15:00,"IIOT_6","Sensor","Modbus",128,1908,0.017,31.3,62.5,44.5,148,9,-17,512,2,123.2,0,"DoS",1
2025-11-04 19:20:00,"IIOT_8","Actuator","Modbus",116,2489,0.022,34.6,74.4,44.8,122,7,-12,581,2.15,126.4,0,"Normal",0
2025-11-04 19:25:00,"IIOT_7","Sensor","Modbus",97,3579,0.048,28.8,78.6,74.2,113,2,-19,1090,2.73,129.4,0,"Normal",0
2025-11-04 19:30:00,"IIOT_6","Actuator","HTTP",73,1730,0.019,28.6,26.2,60.7,56,8,-24,-1849,0.92,120.6,0,"Normal",0
2025-11-04 19:35:00,"IIOT_10","Actuator","HTTP",171,1808,0.017,36,32.5,44.8,73,4,98,78,0.9,102.4,0,"Normal",0
2025-11-04 19:40:00,"IIOT_1","Controller","MQTT",144,2427,0.089,22,25,62.4,84,5,-27,619,1.14,89.6,0,"Normal",0
2025-11-04 19:45:00,"IIOT_10","Sensor","MQTT",155,1797,0.027,26.5,77.5,39.9,82,3,11,-630,2.92,81.6,0,"DoS",1
2025-11-04 19:50:00,"IIOT_4","Sensor","Modbus",162,1818,0.074,31.4,21.3,47.7,181,5,7,21,0.68,95.2,1,"MITM",1
2025-11-04 19:55:00,"IIOT_4","Sensor","HTTP",145,3218,0.017,27.8,47.4,83.1,116,10,-17,1400,1.71,107.2,0,"Normal",0
2025-11-04 20:00:00,"IIOT_2","Actuator","Modbus",67,2939,0.004,37.2,65.2,50.3,108,3,-78,-279,1.75,114.2,0,"Normal",0
2025-11-04 20:05:00,"IIOT_8","Actuator","MQTT",125,2047,0.082,35,54.6,53.8,114,10,58,-892,1.56,120.2,0,"Data Injection",1
2025-11-04 20:10:00,"IIOT_8","Sensor","MQTT",151,2071,0.061,26.5,53.2,48.7,95,6,26,24,2.01,122.8,0,"Data Injection",1
2025-11-04 20:15:00,"IIOT_7","Controller","HTTP",111,1186,0.021,31,44,64,43,1,-40,-885,1.42,95.2,0,"Normal",0
2025-11-04 20:20:00,"IIOT_6","Sensor","HTTP",165,1827,0.026,26.5,45.9,51.2,125,2,54,641,1.73,97,0,"Normal",0
2025-11-04 20:25:00,"IIOT_2","Controller","HTTP",97,2347,0.061,38,26.2,39,98,1,-68,520,0.69,95,0,"MITM",1
2025-11-04 20:30:00,"IIOT_8","Actuator","MQTT",127,376,0.04,29.6,53,80,88,9,30,-1971,1.79,89.8,0,"MITM",1
2025-11-04 20:35:00,"IIOT_2","Sensor","HTTP",155,3338,0.012,32.4,52.7,80.9,112,10,28,2962,1.63,93.2,0,"Normal",0
2025-11-04 20:40:00,"IIOT_8","Sensor","Modbus",193,2527,0.042,41,78.8,78.2,122,1,38,-811,1.92,109,0,"Normal",0
2025-11-04 20:45:00,"IIOT_4","Sensor","Modbus",48,2057,0.011,26.7,56,67.5,18,8,-145,-470,2.1,87.6,0,"DoS",1
2025-11-04 20:50:00,"IIOT_3","Actuator","MQTT",119,3121,0.089,34,75.4,61.3,143,6,71,1064,2.22,96.6,0,"Normal",0
2025-11-04 20:55:00,"IIOT_7","Actuator","Modbus",115,1692,0.014,30.3,60.5,42.6,190,2,-4,-1429,2,117,1,"DoS",1
2025-11-04 21:00:00,"IIOT_10","Sensor","MQTT",150,2459,0.061,24.9,30.4,72.5,119,7,35,767,1.22,118.4,0,"DoS",1
2025-11-04 21:05:00,"IIOT_5","Sensor","Modbus",190,2547,0.042,32.6,77.2,43.8,157,6,40,88,2.37,125.4,1,"Normal",0
2025-11-04 21:10:00,"IIOT_9","Sensor","Modbus",91,1874,0.03,27.6,66.3,73,99,9,-99,-673,2.4,141.6,0,"Normal",0
2025-11-04 21:15:00,"IIOT_1","Controller","Modbus",91,1993,0.064,36.9,69.3,36.6,65,4,0,119,1.88,126,0,"DoS",1
2025-11-04 21:20:00,"IIOT_2","Actuator","MQTT",123,2518,0.1,28.7,77.5,58.6,136,1,32,525,2.7,115.2,0,"Normal",0
2025-11-04 21:25:00,"IIOT_3","Actuator","HTTP",92,1018,0.032,30.8,87.7,78.8,111,5,-31,-1500,2.85,113.6,0,"Normal",0
2025-11-04 21:30:00,"IIOT_7","Controller","Modbus",140,1524,0.039,24.5,32.8,79.2,53,9,48,506,1.34,92.8,0,"Normal",0
2025-11-04 21:35:00,"IIOT_5","Actuator","MQTT",78,1611,0.075,28.4,73.8,56.8,125,1,-62,87,2.6,98,0,"Normal",0
2025-11-04 21:40:00,"IIOT_5","Controller","HTTP",163,2884,0.035,28.4,55.6,82.1,65,3,85,1273,1.96,98,0,"Normal",0
2025-11-04 21:45:00,"IIOT_8","Actuator","HTTP",157,1636,0.061,33.4,24.5,65.9,106,5,-6,-1248,0.73,92,0,"Normal",0
2025-11-04 21:50:00,"IIOT_10","Controller","Modbus",101,2856,0.037,36.9,87.4,47.3,90,9,-56,1220,2.37,87.8,0,"MITM",1
2025-11-04 21:55:00,"IIOT_6","Sensor","HTTP",97,668,0.063,34.5,31.6,78.5,92,7,-4,-2188,0.92,95.6,0,"Normal",0
2025-11-04 22:00:00,"IIOT_10","Actuator","Modbus",117,2890,0.057,34.4,61.2,83.2,69,3,20,2222,1.78,84.4,0,"Normal",0
2025-11-04 22:05:00,"IIOT_8","Actuator","Modbus",175,1783,0.024,38.6,47.5,71.9,84,5,58,-1107,1.23,88.2,0,"Normal",0
2025-11-04 22:10:00,"IIOT_10","Sensor","Modbus",85,1938,0.056,39,56.2,74.1,64,2,-90,155,1.44,79.8,0,"Normal",0
2025-11-04 22:15:00,"IIOT_3","Sensor","MQTT",108,1990,0.057,38.1,87.6,62.2,114,9,23,52,2.3,84.6,0,"Normal",0
2025-11-04 22:20:00,"IIOT_3","Sensor","HTTP",57,2122,0.096,29.1,89.5,56.1,73,5,-51,132,3.08,80.8,0,"Spoofing",1
2025-11-04 22:25:00,"IIOT_6","Sensor","HTTP",114,2786,0.039,30.8,38.8,66,61,4,57,664,1.26,79.2,0,"Normal",0
2025-11-04 22:30:00,"IIOT_7","Actuator","Modbus",104,3061,0.013,34.1,29.4,84.3,36,3,-10,275,0.86,69.6,0,"DoS",1
2025-11-04 22:35:00,"IIOT_2","Controller","MQTT",117,1284,0.09,27.7,88.9,62.9,171,7,13,-1777,3.21,91,1,"Data Injection",1
2025-11-04 22:40:00,"IIOT_4","Sensor","MQTT",101,956,0.047,28.4,67.4,33.5,75,5,-16,-328,2.37,83.2,0,"MITM",1
2025-11-04 22:45:00,"IIOT_8","Sensor","Modbus",107,2015,0.053,24.5,88.9,43.6,69,8,6,1059,3.63,82.4,0,"Normal",0
2025-11-04 22:50:00,"IIOT_4","Actuator","HTTP",153,2586,0.078,24.9,24.1,34.2,81,9,46,571,0.97,86.4,0,"Normal",0
2025-11-04 22:55:00,"IIOT_4","Sensor","Modbus",56,1462,0.069,26.8,60.5,48.7,78,6,-97,-1124,2.26,94.8,0,"Normal",0
2025-11-04 23:00:00,"IIOT_6","Sensor","Modbus",69,2011,0.018,38.7,81.7,55.8,121,6,13,549,2.11,84.8,0,"MITM",1
2025-11-04 23:05:00,"IIOT_5","Sensor","HTTP",114,3098,0.02,28.7,29,57.5,148,2,45,1087,1.01,99.4,0,"MITM",1
2025-11-04 23:10:00,"IIOT_5","Sensor","MQTT",81,1519,0.046,26.7,25.5,42,47,7,-33,-1579,0.96,95,0,"Normal",0
2025-11-04 23:15:00,"IIOT_9","Actuator","HTTP",126,2485,0.07,24.7,75.4,48.9,132,10,45,966,3.05,105.2,0,"DoS",1
2025-11-04 23:20:00,"IIOT_9","Controller","MQTT",152,1624,0.049,24,47.2,57.2,96,4,26,-861,1.97,108.8,0,"Normal",0
2025-11-04 23:25:00,"IIOT_7","Sensor","MQTT",75,1639,0.021,40.4,49.7,69.9,106,4,-77,15,1.23,105.8,0,"Data Injection",1
2025-11-04 23:30:00,"IIOT_2","Controller","Modbus",105,1346,0.074,37.3,31.1,62.4,48,5,30,-293,0.83,85.8,0,"Normal",0
2025-11-04 23:35:00,"IIOT_4","Sensor","MQTT",161,1244,0.093,28.5,60.9,52.5,152,10,56,-102,2.14,106.8,1,"DoS",1
2025-11-04 23:40:00,"IIOT_9","Controller","MQTT",106,2567,0.008,28.2,55.6,64.9,131,6,-55,1323,1.97,106.6,0,"Normal",0
2025-11-04 23:45:00,"IIOT_10","Actuator","MQTT",66,97,0.017,28.5,37.3,45.9,93,5,-40,-2470,1.31,106,0,"Spoofing",1
2025-11-04 23:50:00,"IIOT_6","Sensor","Modbus",44,1311,0.013,32.3,53.1,34.6,97,1,-22,1214,1.64,104.2,0,"Data Injection",1
2025-11-04 23:55:00,"IIOT_4","Sensor","Modbus",136,1699,0.016,26.7,41.6,41.4,51,5,92,388,1.56,104.8,0,"Data Injection",1
2025-11-05,"IIOT_7","Controller","HTTP",69,1211,0.081,28.6,23.4,60.5,88,8,-67,-488,0.82,92,0,"Normal",0
2025-11-05 00:05:00,"IIOT_7","Controller","HTTP",84,1243,0.074,35.2,25.1,44.7,69,2,15,32,0.71,79.6,0,"Normal",0
2025-11-05 00:10:00,"IIOT_5","Sensor","HTTP",105,2116,0.08,32.5,40.7,39.6,134,3,21,873,1.25,87.8,0,"Data Injection",1
2025-11-05 00:15:00,"IIOT_4","Sensor","Modbus",129,3348,0.007,39.1,79.7,44.2,168,8,24,1232,2.04,102,1,"Normal",0
2025-11-05 00:20:00,"IIOT_2","Actuator","HTTP",135,759,0.066,30.7,54.4,52.8,82,2,6,-2589,1.77,108.2,0,"MITM",1
2025-11-05 00:25:00,"IIOT_6","Actuator","MQTT",131,2244,0.037,30.1,45.9,63.9,122,4,-4,1485,1.52,115,0,"Normal",0
2025-11-05 00:30:00,"IIOT_9","Sensor","Modbus",146,1932,0.051,32.3,39.2,62.6,85,9,15,-312,1.21,118.2,0,"DoS",1
2025-11-05 00:35:00,"IIOT_6","Controller","MQTT",146,2297,0.073,28.9,22.1,35.5,59,6,0,365,0.76,103.2,0,"MITM",1
2025-11-05 00:40:00,"IIOT_8","Sensor","Modbus",65,2286,0.047,39,49.3,44.4,190,1,-81,-11,1.26,107.6,1,"Normal",0
2025-11-05 00:45:00,"IIOT_9","Sensor","MQTT",102,799,0.052,38.2,52.4,66.8,173,7,37,-1487,1.37,125.8,1,"MITM",1
2025-11-05 00:50:00,"IIOT_4","Actuator","MQTT",215,1139,0.034,24.9,74.5,83.3,41,2,113,340,2.99,109.6,0,"Spoofing",1
2025-11-05 00:55:00,"IIOT_4","Controller","MQTT",63,1859,0.067,32.6,34.9,81.6,173,9,-152,720,1.07,127.2,1,"Normal",0
2025-11-05 01:00:00,"IIOT_5","Sensor","MQTT",158,163,0.08,28.2,24.5,46.7,73,9,95,-1696,0.87,130,0,"Normal",0
2025-11-05 01:05:00,"IIOT_8","Sensor","MQTT",112,2095,0.075,23.1,88.6,31.7,145,6,-46,1932,3.84,121,0,"Normal",0
2025-11-05 01:10:00,"IIOT_3","Sensor","MQTT",117,1483,0.089,27.6,59.8,70.2,76,6,5,-612,2.17,101.6,0,"Normal",0
2025-11-05 01:15:00,"IIOT_4","Actuator","Modbus",53,2267,0.075,20.1,71.7,55.3,131,1,-64,784,3.57,119.6,0,"DoS",1
2025-11-05 01:20:00,"IIOT_1","Sensor","Modbus",122,1511,0.039,24.6,70.3,76.6,49,5,69,-756,2.86,94.8,0,"Data Injection",1
2025-11-05 01:25:00,"IIOT_9","Sensor","Modbus",99,1954,0.071,40.1,28.9,69.8,128,8,-23,443,0.72,105.8,0,"Normal",0
2025-11-05 01:30:00,"IIOT_10","Actuator","MQTT",133,2380,0.086,17.5,29.4,61.4,90,2,34,426,1.68,94.8,0,"Normal",0
2025-11-05 01:35:00,"IIOT_1","Sensor","MQTT",187,1234,0.099,26.5,20.2,47.2,61,1,54,-1146,0.76,91.8,0,"Data Injection",1
2025-11-05 01:40:00,"IIOT_5","Actuator","HTTP",182,2923,0.005,33.2,27.3,65.8,143,8,-5,1689,0.82,94.2,0,"DoS",1
2025-11-05 01:45:00,"IIOT_5","Sensor","Modbus",123,2418,0.076,28.7,63.8,65.3,114,8,-59,-505,2.22,107.2,0,"Data Injection",1
2025-11-05 01:50:00,"IIOT_10","Controller","Modbus",130,2660,0.033,30,55.8,51.5,104,1,7,242,1.86,102.4,0,"Normal",0
2025-11-05 01:55:00,"IIOT_10","Controller","MQTT",148,2447,0.04,23.7,64.7,53.4,53,8,18,-213,2.73,95,0,"DoS",1
2025-11-05 02:00:00,"IIOT_7","Controller","HTTP",41,3426,0.004,20.4,70.6,66.3,112,6,-107,979,3.46,105.2,0,"Data Injection",1
2025-11-05 02:05:00,"IIOT_7","Actuator","MQTT",109,1959,0.091,27.2,45.2,77.4,5,4,68,-1467,1.66,77.6,0,"Normal",0
2025-11-05 02:10:00,"IIOT_5","Sensor","Modbus",81,1632,0.027,35.4,60,48.9,137,3,-28,-327,1.69,82.2,0,"MITM",1
2025-11-05 02:15:00,"IIOT_3","Sensor","Modbus",65,1550,0.04,28.9,68.6,40.7,139,6,-16,-82,2.37,89.2,0,"DoS",1
2025-11-05 02:20:00,"IIOT_5","Actuator","Modbus",109,1305,0.072,35.5,55,75.1,16,6,44,-245,1.55,81.8,0,"Normal",0
2025-11-05 02:25:00,"IIOT_2","Actuator","HTTP",117,1857,0.013,27.7,26.5,38,61,2,8,552,0.96,71.6,0,"Data Injection",1
2025-11-05 02:30:00,"IIOT_2","Actuator","Modbus",154,1791,0.013,27.9,43.7,63.6,77,2,37,-66,1.57,86,0,"Normal",0
2025-11-05 02:35:00,"IIOT_3","Actuator","Modbus",77,2125,0.045,26.9,55.7,70.9,71,6,-77,334,2.07,72.8,0,"Normal",0
2025-11-05 02:40:00,"IIOT_5","Actuator","Modbus",147,2312,0.036,28.8,28.1,76.9,63,3,70,187,0.98,57.6,0,"Normal",0
2025-11-05 02:45:00,"IIOT_8","Controller","MQTT",116,3241,0.026,26.7,29.1,68.6,134,7,-31,929,1.09,81.2,0,"Normal",0
2025-11-05 02:50:00,"IIOT_3","Actuator","MQTT",97,2113,0.018,23.9,40.7,79.9,89,8,-19,-1128,1.7,86.8,0,"Normal",0
2025-11-05 02:55:00,"IIOT_7","Sensor","HTTP",135,570,0.038,34.2,30.2,43.6,83,10,38,-1543,0.88,88,0,"DoS",1
2025-11-05 03:00:00,"IIOT_9","Controller","HTTP",60,1490,0.075,18.9,56.3,50.6,153,4,-75,920,2.98,104.4,1,"Spoofing",1
2025-11-05 03:05:00,"IIOT_2","Controller","HTTP",151,2845,0.064,33.1,33.9,36.8,79,2,91,1355,1.02,107.6,0,"DoS",1
2025-11-05 03:10:00,"IIOT_10","Actuator","MQTT",99,1681,0.07,38.5,81.4,37.5,82,7,-52,-1164,2.11,97.2,0,"Normal",0
2025-11-05 03:15:00,"IIOT_5","Sensor","HTTP",122,1414,0.087,33.1,87.7,73.6,147,2,23,-267,2.65,108.8,0,"MITM",1
2025-11-05 03:20:00,"IIOT_4","Actuator","MQTT",155,2587,0.036,35.7,50.6,61.7,187,2,33,1173,1.42,129.6,1,"Normal",0
2025-11-05 03:25:00,"IIOT_10","Actuator","HTTP",179,2192,0.083,31.5,25.4,65,81,1,24,-395,0.81,115.2,0,"Normal",0
2025-11-05 03:30:00,"IIOT_3","Sensor","MQTT",107,2977,0.077,25.5,75.2,80,171,5,-72,785,2.95,133.6,1,"Normal",0
2025-11-05 03:35:00,"IIOT_9","Controller","MQTT",132,2625,0.036,36.5,43.1,35.2,40,10,25,-352,1.18,125.2,0,"Normal",0
2025-11-05 03:40:00,"IIOT_2","Sensor","HTTP",161,1004,0.086,35.1,47.7,61.8,93,5,29,-1621,1.36,114.4,0,"Normal",0
2025-11-05 03:45:00,"IIOT_5","Sensor","Modbus",136,2459,0.021,34.5,24.8,84.1,93,6,-25,1455,0.72,95.6,0,"MITM",1
2025-11-05 03:50:00,"IIOT_9","Actuator","Modbus",113,3278,0.075,31.7,39.6,45.8,44,7,-23,819,1.25,88.2,0,"Data Injection",1
2025-11-05 03:55:00,"IIOT_2","Actuator","HTTP",136,4013,0.035,35.9,56,60.3,47,3,23,735,1.56,63.4,0,"Data Injection",1
2025-11-05 04:00:00,"IIOT_2","Actuator","MQTT",144,2637,0.085,31.4,57.8,36.5,-20,3,8,-1376,1.84,51.4,0,"Normal",0
2025-11-05 04:05:00,"IIOT_5","Actuator","Modbus",191,3542,0.027,29.3,46.3,57.5,43,1,47,905,1.58,41.4,0,"Normal",0
2025-11-05 04:10:00,"IIOT_6","Sensor","Modbus",126,1934,0.095,36,55.7,72.4,141,2,-65,-1608,1.55,51,0,"Normal",0
2025-11-05 04:15:00,"IIOT_10","Sensor","MQTT",134,1568,0.055,21.9,66.2,62.2,123,9,8,-366,3.02,66.8,0,"Normal",0
2025-11-05 04:20:00,"IIOT_6","Sensor","Modbus",79,1886,0.099,33.7,83,60.3,146,1,-55,318,2.46,86.6,0,"Normal",0
2025-11-05 04:25:00,"IIOT_3","Controller","MQTT",86,1323,0.049,34.5,33.9,74.2,131,9,7,-563,0.98,116.8,0,"Normal",0
2025-11-05 04:30:00,"IIOT_9","Sensor","MQTT",124,1208,0.01,27.6,55.5,30.6,118,4,38,-115,2.01,131.8,0,"Normal",0
2025-11-05 04:35:00,"IIOT_5","Sensor","MQTT",123,1221,0.023,23.9,34.4,38.8,33,5,-1,13,1.44,110.2,0,"Spoofing",1
2025-11-05 04:40:00,"IIOT_10","Actuator","Modbus",137,2293,0.066,24.4,44.1,62.7,36,6,14,1072,1.81,92.8,0,"Normal",0
2025-11-05 04:45:00,"IIOT_9","Sensor","MQTT",109,1536,0.001,35.3,42.5,57.9,102,5,-28,-757,1.2,84,0,"DoS",1
2025-11-05 04:50:00,"IIOT_9","Sensor","Modbus",133,1847,0.061,32.5,61.3,79,57,5,24,311,1.89,69.2,0,"Normal",0
2025-11-05 04:55:00,"IIOT_7","Sensor","MQTT",191,1964,0.056,31.1,67.8,35,90,9,58,117,2.18,63.6,0,"MITM",1
2025-11-05 05:00:00,"IIOT_10","Sensor","MQTT",178,2544,0.004,31.4,26.3,49.9,48,3,-13,580,0.84,66.6,0,"Normal",0
2025-11-05 05:05:00,"IIOT_6","Controller","MQTT",82,922,0.041,22.6,58.9,42.8,133,1,-96,-1622,2.61,86,0,"MITM",1
2025-11-05 05:10:00,"IIOT_2","Actuator","Modbus",119,2712,0.005,30.8,55.5,34.7,78,9,37,1790,1.8,81.2,0,"Normal",0
2025-11-05 05:15:00,"IIOT_5","Sensor","Modbus",50,1879,0.007,34.9,26.3,41.4,56,9,-69,-833,0.75,81,0,"Normal",0
2025-11-05 05:20:00,"IIOT_2","Actuator","MQTT",126,2891,0.099,35.9,30.9,73.6,124,4,76,1012,0.86,87.8,0,"Spoofing",1
2025-11-05 05:25:00,"IIOT_2","Actuator","Modbus",141,741,0.004,27.8,25.6,41.3,116,2,15,-2150,0.92,101.4,0,"DoS",1
2025-11-05 05:30:00,"IIOT_7","Actuator","Modbus",175,2511,0.032,24.7,65.4,32.3,133,5,34,1770,2.65,101.4,0,"Normal",0
2025-11-05 05:35:00,"IIOT_7","Actuator","MQTT",68,2477,0.04,35.9,22.6,58.8,100,3,-107,-34,0.63,105.8,0,"Normal",0
2025-11-05 05:40:00,"IIOT_10","Actuator","Modbus",151,2649,0.012,24.3,83.5,73,73,7,83,172,3.44,109.2,0,"Normal",0
2025-11-05 05:45:00,"IIOT_5","Sensor","MQTT",197,2974,0.093,33,72.9,81.2,153,1,46,325,2.21,115,1,"MITM",1
2025-11-05 05:50:00,"IIOT_2","Controller","MQTT",153,1918,0.006,20.4,77.9,33.7,110,10,-44,-1056,3.82,113.8,0,"Normal",0
2025-11-05 05:55:00,"IIOT_3","Actuator","MQTT",102,3207,0.092,40,21.4,32.6,161,6,-51,1289,0.53,119.4,1,"Normal",0
2025-11-05 06:00:00,"IIOT_5","Sensor","Modbus",57,1611,0.065,28.7,40.1,83.4,121,5,-45,-1596,1.4,123.6,0,"Normal",0
2025-11-05 06:05:00,"IIOT_8","Actuator","HTTP",97,3372,0.024,26.1,73.6,53.6,92,8,40,1761,2.82,127.4,0,"DoS",1
2025-11-05 06:10:00,"IIOT_3","Sensor","MQTT",137,1772,0.09,28.1,64.7,62.2,95,2,40,-1600,2.3,115.8,0,"Normal",0
2025-11-05 06:15:00,"IIOT_5","Actuator","HTTP",85,1753,0.036,33.1,45.8,83.5,124,2,-52,-19,1.38,118.6,0,"Normal",0
2025-11-05 06:20:00,"IIOT_1","Sensor","MQTT",163,1803,0.068,26.7,38.8,45.1,89,10,78,50,1.45,104.2,0,"DoS",1
2025-11-05 06:25:00,"IIOT_6","Sensor","Modbus",13,2292,0.064,41.3,63.9,67,-8,4,-150,489,1.55,78.4,0,"Data Injection",1
2025-11-05 06:30:00,"IIOT_10","Sensor","HTTP",162,2049,0.035,34.1,60.7,77.1,36,7,149,-243,1.78,67.2,0,"Spoofing",1
2025-11-05 06:35:00,"IIOT_5","Controller","HTTP",130,1883,0.086,27,22.5,84.1,125,2,-32,-166,0.83,73.2,0,"Normal",0
2025-11-05 06:40:00,"IIOT_9","Controller","HTTP",25,2004,0.072,33.1,24.3,42.3,114,10,-105,121,0.73,71.2,0,"DoS",1
2025-11-05 06:45:00,"IIOT_2","Controller","Modbus",144,2320,0.055,27.5,84.9,76.8,38,2,119,316,3.09,61,0,"Normal",0
2025-11-05 06:50:00,"IIOT_10","Sensor","Modbus",104,2295,0.049,26.2,47.7,55.8,74,7,-40,-25,1.82,77.4,0,"Normal",0
2025-11-05 06:55:00,"IIOT_2","Controller","HTTP",157,1341,0.083,25.3,88.3,42.2,94,8,53,-954,3.49,89,0,"DoS",1
2025-11-05 07:00:00,"IIOT_7","Sensor","MQTT",123,3290,0.01,32.7,28.4,47,85,5,-34,1949,0.87,81,0,"Data Injection",1
2025-11-05 07:05:00,"IIOT_1","Controller","HTTP",190,1241,0.045,27.2,42.9,60.1,54,8,67,-2049,1.58,69,0,"Data Injection",1
2025-11-05 07:10:00,"IIOT_10","Sensor","Modbus",124,1807,0.04,24.4,30.8,83.5,137,8,-66,566,1.26,88.8,0,"Normal",0
2025-11-05 07:15:00,"IIOT_3","Sensor","Modbus",103,2313,0.046,23.8,85.1,41.7,100,7,-21,506,3.58,94,0,"Normal",0
2025-11-05 07:20:00,"IIOT_3","Actuator","MQTT",103,2769,0.07,31.5,26.3,36.1,52,6,0,456,0.83,85.6,0,"Normal",0
2025-11-05 07:25:00,"IIOT_6","Actuator","Modbus",144,3260,0.071,28.8,52.8,38.4,110,3,41,491,1.83,90.6,0,"DoS",1
2025-11-05 07:30:00,"IIOT_6","Sensor","Modbus",113,2869,0.012,32.3,58.8,60.8,187,2,-31,-391,1.82,117.2,1,"Spoofing",1
2025-11-05 07:35:00,"IIOT_1","Sensor","HTTP",189,3047,0.039,28.6,30.7,73.6,89,7,76,178,1.07,107.6,0,"Normal",0
2025-11-05 07:40:00,"IIOT_5","Controller","HTTP",90,2124,0.054,38.1,69.4,50,117,9,-99,-923,1.82,111,0,"Normal",0
2025-11-05 07:45:00,"IIOT_8","Sensor","MQTT",169,311,0.019,40.5,49.1,78.5,155,6,79,-1813,1.21,131.6,1,"Normal",0
2025-11-05 07:50:00,"IIOT_4","Sensor","Modbus",125,2446,0.026,35.8,71.4,49.1,121,1,-44,2135,1.99,133.8,0,"MITM",1
2025-11-05 07:55:00,"IIOT_3","Sensor","Modbus",144,1234,0.062,33.3,82.7,35,113,3,19,-1212,2.48,119,0,"MITM",1
2025-11-05 08:00:00,"IIOT_8","Controller","Modbus",150,2501,0.026,27.2,52.9,63.1,128,2,6,1267,1.94,126.8,0,"Data Injection",1
2025-11-05 08:05:00,"IIOT_7","Sensor","Modbus",144,2855,0.044,31.6,46.6,30.8,134,4,-6,354,1.47,130.2,0,"Normal",0
2025-11-05 08:10:00,"IIOT_8","Controller","Modbus",227,2484,0.095,37,85.7,47,86,1,83,-371,2.32,116.4,0,"Data Injection",1
2025-11-05 08:15:00,"IIOT_6","Sensor","HTTP",53,3726,0.028,31.3,82.4,30.4,96,4,-174,1242,2.63,111.4,0,"Normal",0
2025-11-05 08:20:00,"IIOT_9","Actuator","Modbus",96,1695,0.014,27.1,72.1,56,85,10,43,-2031,2.66,105.8,0,"Normal",0
2025-11-05 08:25:00,"IIOT_7","Actuator","HTTP",44,2055,0.064,33.7,21.7,53.2,53,8,-52,360,0.64,90.8,0,"Normal",0
2025-11-05 08:30:00,"IIOT_10","Actuator","HTTP",114,955,0.076,32.7,67,31.1,77,4,70,-1100,2.05,79.4,0,"MITM",1
2025-11-05 08:35:00,"IIOT_2","Actuator","MQTT",143,2106,0.07,31.8,63.5,57.5,67,1,29,1151,2,75.6,0,"Data Injection",1
2025-11-05 08:40:00,"IIOT_3","Actuator","Modbus",125,1697,0.076,35.7,31.9,38.6,81,1,-18,-409,0.89,72.6,0,"Data Injection",1
2025-11-05 08:45:00,"IIOT_1","Controller","Modbus",50,2815,0.03,38.5,87.7,62.2,140,10,-75,1118,2.28,83.6,0,"Normal",0
2025-11-05 08:50:00,"IIOT_6","Controller","Modbus",163,1900,0.017,16.9,70.6,51.9,72,4,113,-915,4.18,87.4,0,"Normal",0
2025-11-05 08:55:00,"IIOT_5","Sensor","HTTP",84,1350,0.005,32.7,70.2,59.6,131,5,-79,-550,2.15,98.2,0,"MITM",1
2025-11-05 09:00:00,"IIOT_3","Actuator","Modbus",154,2073,0.058,28.2,66.2,67.2,104,3,70,723,2.35,105.6,0,"Normal",0
2025-11-05 09:05:00,"IIOT_6","Controller","MQTT",96,798,0.059,32.8,66.8,51.6,145,4,-58,-1275,2.04,118.4,0,"Normal",0
2025-11-05 09:10:00,"IIOT_4","Sensor","MQTT",100,2142,0.1,30.8,78.6,75.4,119,10,4,1344,2.55,114.2,0,"DoS",1
2025-11-05 09:15:00,"IIOT_10","Controller","MQTT",94,2722,0.038,29.1,78,75.3,124,6,-6,580,2.68,124.6,0,"Normal",0
2025-11-05 09:20:00,"IIOT_2","Sensor","MQTT",124,1099,0.05,28.3,88.2,50.2,97,8,30,-1623,3.12,117.8,0,"Spoofing",1
2025-11-05 09:25:00,"IIOT_9","Actuator","MQTT",120,2108,0.085,29.3,58.3,51.1,79,4,-4,1009,1.99,112.8,0,"Spoofing",1
2025-11-05 09:30:00,"IIOT_8","Sensor","HTTP",91,2665,0.041,31,89.5,39.9,113,5,-29,557,2.89,106.4,0,"Normal",0
2025-11-05 09:35:00,"IIOT_8","Sensor","MQTT",97,1534,0.067,28.5,23,56.7,149,1,6,-1131,0.81,112.4,0,"Normal",0
2025-11-05 09:40:00,"IIOT_7","Actuator","Modbus",137,2644,0.055,31.5,33.4,73.1,119,5,40,1110,1.06,111.4,0,"Normal",0
2025-11-05 09:45:00,"IIOT_3","Controller","HTTP",133,602,0.021,26.6,47.4,58.3,79,7,-4,-2042,1.78,107.8,0,"DoS",1
2025-11-05 09:50:00,"IIOT_2","Sensor","HTTP",69,1910,0.031,29.1,38.4,35.7,70,4,-64,1308,1.32,106,0,"Normal",0
2025-11-05 09:55:00,"IIOT_1","Sensor","MQTT",94,2436,0.081,27.7,80.7,70.7,179,6,25,526,2.91,119.2,1,"Normal",0
2025-11-05 10:00:00,"IIOT_1","Sensor","Modbus",41,650,0.068,25.1,79.9,49.9,154,2,-53,-1786,3.18,120.2,1,"Normal",0
2025-11-05 10:05:00,"IIOT_4","Controller","HTTP",117,830,0.004,24.7,72.8,75.1,94,1,76,180,2.95,115.2,0,"Normal",0
2025-11-05 10:10:00,"IIOT_1","Sensor","Modbus",116,2651,0.014,23.3,45,63.1,115,6,-1,1821,1.93,122.4,0,"MITM",1
2025-11-05 10:15:00,"IIOT_1","Controller","MQTT",177,1642,0.043,31.9,29.6,43.2,170,8,61,-1009,0.93,142.4,1,"Normal",0
2025-11-05 10:20:00,"IIOT_10","Sensor","Modbus",105,3313,0.017,23.4,88.6,44.8,91,1,-72,1671,3.79,124.8,0,"DoS",1
2025-11-05 10:25:00,"IIOT_8","Sensor","HTTP",104,2595,0.04,39,42.1,55.7,105,4,-1,-718,1.08,115,0,"MITM",1
2025-11-05 10:30:00,"IIOT_1","Sensor","Modbus",168,421,0.04,29.9,65.2,37.8,138,1,64,-2174,2.18,123.8,0,"Spoofing",1
2025-11-05 10:35:00,"IIOT_2","Actuator","Modbus",197,1125,0.006,27.6,68.6,66,36,3,29,704,2.49,108,0,"MITM",1
2025-11-05 10:40:00,"IIOT_6","Actuator","HTTP",102,2314,0.015,36.3,68.1,78.2,104,6,-95,1189,1.88,94.8,0,"Normal",0
2025-11-05 10:45:00,"IIOT_3","Sensor","MQTT",109,2031,0.047,30.9,24.3,53,73,9,7,-283,0.79,91.2,0,"Data Injection",1
2025-11-05 10:50:00,"IIOT_1","Actuator","MQTT",62,2107,0.036,44.2,29.9,47.4,131,10,-47,76,0.68,96.4,0,"DoS",1
2025-11-05 10:55:00,"IIOT_10","Sensor","HTTP",8,2573,0.08,39.6,26.2,54.6,68,2,-54,466,0.66,82.4,0,"Normal",0
2025-11-05 11:00:00,"IIOT_4","Controller","MQTT",49,1736,0,27.9,70.8,58.8,137,5,41,-837,2.54,102.6,0,"Normal",0
2025-11-05 11:05:00,"IIOT_8","Sensor","MQTT",44,2009,0.019,28.2,47,52.8,95,2,-5,273,1.67,100.8,0,"Normal",0
2025-11-05 11:10:00,"IIOT_4","Actuator","HTTP",177,1447,0.011,23.1,78.4,37.7,46,3,133,-562,3.39,95.4,0,"Data Injection",1
2025-11-05 11:15:00,"IIOT_10","Controller","MQTT",107,1953,0.065,33.2,54.3,49.7,151,5,-70,506,1.64,99.4,1,"Normal",0
2025-11-05 11:20:00,"IIOT_8","Controller","Modbus",154,2171,0.07,36.2,57.7,41.9,103,3,47,218,1.59,106.4,0,"Normal",0
2025-11-05 11:25:00,"IIOT_9","Sensor","MQTT",56,2598,0.093,30.1,63.2,45.5,107,5,-98,427,2.1,100.4,0,"Data Injection",1
2025-11-05 11:30:00,"IIOT_7","Sensor","Modbus",188,1640,0.038,35.9,57.1,68,94,4,132,-958,1.59,100.2,0,"Data Injection",1
2025-11-05 11:35:00,"IIOT_1","Sensor","HTTP",125,2001,0.004,38.3,59.4,37.8,97,1,-63,361,1.55,110.4,0,"Data Injection",1
2025-11-05 11:40:00,"IIOT_5","Sensor","HTTP",9,452,0.015,36.4,51.7,37.9,90,3,-116,-1549,1.42,98.2,0,"Normal",0
2025-11-05 11:45:00,"IIOT_4","Actuator","HTTP",80,2663,0.013,27.9,21.9,36.1,38,8,71,2211,0.78,85.2,0,"Data Injection",1
2025-11-05 11:50:00,"IIOT_1","Actuator","MQTT",140,2222,0.027,21.3,26.5,35.5,62,4,60,-441,1.24,76.2,0,"Normal",0
2025-11-05 11:55:00,"IIOT_5","Actuator","Modbus",36,1585,0.047,20.1,73.8,40.8,133,10,-104,-637,3.67,84,0,"Data Injection",1
2025-11-05 12:00:00,"IIOT_8","Sensor","Modbus",103,1827,0.003,24.4,24,53.2,124,6,67,242,0.98,89.4,0,"MITM",1
2025-11-05 12:05:00,"IIOT_6","Sensor","MQTT",174,1868,0.079,36.8,55.9,40.5,95,3,71,41,1.52,90.4,0,"Normal",0
2025-11-05 12:10:00,"IIOT_2","Sensor","MQTT",106,2807,0.041,36,52.1,57.7,160,7,-68,939,1.45,114.8,1,"DoS",1
2025-11-05 12:15:00,"IIOT_5","Actuator","HTTP",104,1898,0.027,19.8,63.8,59.2,83,8,-2,-909,3.22,119,0,"Normal",0
2025-11-05 12:20:00,"IIOT_4","Sensor","MQTT",78,2145,0.034,24.5,48.6,31.5,125,7,-26,247,1.98,117.4,0,"Normal",0
2025-11-05 12:25:00,"IIOT_7","Actuator","Modbus",150,3123,0.043,34.7,25.9,64.9,108,7,72,978,0.75,114.2,0,"Normal",0
2025-11-05 12:30:00,"IIOT_8","Actuator","HTTP",83,2686,0.072,29.2,29.2,58,102,2,-67,-437,1,115.6,0,"Data Injection",1
2025-11-05 12:35:00,"IIOT_6","Sensor","MQTT",191,1846,0.063,21.9,88.6,58.2,63,1,108,-840,4.05,96.2,0,"Normal",0
2025-11-05 12:40:00,"IIOT_4","Controller","Modbus",135,1702,0.1,33.3,57.6,64.2,54,7,-56,-144,1.73,90.4,0,"Normal",0
2025-11-05 12:45:00,"IIOT_10","Controller","MQTT",116,3501,0.02,28,43.3,82.2,53,3,-19,1799,1.55,76,0,"MITM",1
2025-11-05 12:50:00,"IIOT_5","Sensor","MQTT",139,578,0.036,38.8,20.2,67.8,130,6,23,-2923,0.52,80.4,0,"Normal",0
2025-11-05 12:55:00,"IIOT_3","Actuator","HTTP",121,609,0.046,31.5,73.7,57.2,120,7,-18,31,2.34,84,0,"Normal",0
2025-11-05 13:00:00,"IIOT_9","Controller","MQTT",172,1930,0.052,26.7,45.2,32.7,83,10,51,1321,1.69,88,0,"Normal",0
2025-11-05 13:05:00,"IIOT_7","Controller","Modbus",136,1685,0.083,24.5,43.2,74.7,64,8,-36,-245,1.76,90,0,"Data Injection",1
2025-11-05 13:10:00,"IIOT_3","Actuator","Modbus",234,1400,0.061,34.6,69.1,81.9,95,7,98,-285,2,98.4,0,"Data Injection",1
2025-11-05 13:15:00,"IIOT_4","Sensor","MQTT",182,1661,0.016,35.8,26.9,83.7,44,9,-52,261,0.75,81.2,0,"Normal",0
2025-11-05 13:20:00,"IIOT_2","Controller","MQTT",87,872,0.001,27.3,66,57.6,-1,8,-95,-789,2.42,57,0,"Normal",0
2025-11-05 13:25:00,"IIOT_3","Sensor","Modbus",117,3178,0.072,33.6,25.2,73.8,70,10,30,2306,0.75,54.4,0,"Spoofing",1
2025-11-05 13:30:00,"IIOT_2","Sensor","HTTP",50,1943,0.042,36.2,59.3,77.2,163,9,-67,-1235,1.64,74.2,1,"Normal",0
2025-11-05 13:35:00,"IIOT_2","Actuator","Modbus",55,956,0.087,34.9,59.1,45.5,169,1,5,-987,1.69,89,1,"MITM",1
2025-11-05 13:40:00,"IIOT_3","Sensor","Modbus",91,2597,0.086,28.2,22.2,60.2,53,6,36,1641,0.79,90.8,0,"Normal",0
2025-11-05 13:45:00,"IIOT_8","Controller","MQTT",119,2079,0.064,30.6,76.5,68.9,45,2,28,-518,2.5,100,0,"Normal",0
2025-11-05 13:50:00,"IIOT_9","Controller","Modbus",132,3071,0.029,28.1,36.1,70.6,74,2,13,992,1.28,100.8,0,"Normal",0
2025-11-05 13:55:00,"IIOT_1","Controller","Modbus",208,2002,0.012,30.6,26.8,49.6,80,7,76,-1069,0.88,84.2,0,"Spoofing",1
2025-11-05 14:00:00,"IIOT_1","Actuator","Modbus",104,1486,0.04,34.1,50,60.8,104,8,-104,-516,1.47,71.2,0,"Data Injection",1
2025-11-05 14:05:00,"IIOT_7","Controller","HTTP",93,1844,0.081,31.4,52.1,69.6,89,7,-11,358,1.66,78.4,0,"Normal",0
2025-11-05 14:10:00,"IIOT_1","Sensor","HTTP",134,1752,0.093,33.6,24,32.1,16,5,41,-92,0.71,72.6,0,"Normal",0
2025-11-05 14:15:00,"IIOT_5","Sensor","MQTT",176,1373,0.078,35.3,29.1,35.9,110,4,42,-379,0.82,79.8,0,"DoS",1
2025-11-05 14:20:00,"IIOT_8","Sensor","MQTT",96,2410,0.092,33.8,56.9,46.1,130,10,-80,1037,1.68,89.8,0,"Normal",0
2025-11-05 14:25:00,"IIOT_10","Sensor","MQTT",95,1088,0.093,23.3,77.2,57.9,183,8,-1,-1322,3.31,105.6,1,"Normal",0
2025-11-05 14:30:00,"IIOT_8","Actuator","MQTT",47,1659,0.078,30.3,57.3,35.6,82,4,-48,571,1.89,104.2,0,"DoS",1
2025-11-05 14:35:00,"IIOT_10","Controller","Modbus",83,703,0.026,26.4,67.5,61.7,73,4,36,-956,2.56,115.6,0,"DoS",1
2025-11-05 14:40:00,"IIOT_1","Actuator","HTTP",129,3802,0.069,40.4,72,64.6,96,2,46,3099,1.78,112.8,0,"DoS",1
2025-11-05 14:45:00,"IIOT_10","Sensor","MQTT",177,2406,0.012,24.3,43.6,58.7,92,6,48,-1396,1.79,105.2,0,"DoS",1
2025-11-05 14:50:00,"IIOT_7","Sensor","Modbus",193,2135,0.058,31.2,64,51.9,53,2,16,-271,2.05,79.2,0,"Normal",0
2025-11-05 14:55:00,"IIOT_2","Sensor","MQTT",111,2595,0.091,31.9,87.8,59,61,9,-82,460,2.75,75,0,"Normal",0
2025-11-05 15:00:00,"IIOT_6","Sensor","Modbus",22,2670,0.073,23.8,42,64.8,105,7,-89,75,1.76,81.4,0,"Spoofing",1
2025-11-05 15:05:00,"IIOT_9","Sensor","Modbus",125,1243,0.018,30.5,24.1,52.9,111,9,103,-1427,0.79,84.4,0,"Normal",0
2025-11-05 15:10:00,"IIOT_3","Controller","MQTT",163,2419,0.04,27.4,22.3,74.9,80,2,38,1176,0.81,82,0,"Normal",0
2025-11-05 15:15:00,"IIOT_5","Sensor","Modbus",121,1976,0.009,41.2,56.3,75.8,132,6,-42,-443,1.37,97.8,0,"Spoofing",1
2025-11-05 15:20:00,"IIOT_1","Actuator","MQTT",89,2123,0.029,20.6,69.2,75.9,129,2,-32,147,3.36,111.4,0,"DoS",1
2025-11-05 15:25:00,"IIOT_1","Sensor","MQTT",155,940,0.085,21.3,85.2,72.7,105,1,66,-1183,4,111.4,0,"Normal",0
2025-11-05 15:30:00,"IIOT_5","Actuator","HTTP",117,2259,0.015,16.9,58.4,57.6,77,9,-38,1319,3.46,104.6,0,"Spoofing",1
2025-11-05 15:35:00,"IIOT_7","Sensor","HTTP",141,1804,0.027,34.8,72.8,70.4,120,3,24,-455,2.09,112.6,0,"Spoofing",1
2025-11-05 15:40:00,"IIOT_3","Controller","MQTT",66,3233,0.003,36.9,42.8,64.5,87,7,-75,1429,1.16,103.6,0,"Normal",0
2025-11-05 15:45:00,"IIOT_9","Actuator","MQTT",182,1584,0.093,29,38.5,71.9,72,10,116,-1649,1.33,92.2,0,"Normal",0
2025-11-05 15:50:00,"IIOT_1","Sensor","Modbus",76,2495,0.066,28.5,71.9,78.2,74,9,-106,911,2.52,86,0,"Normal",0
2025-11-05 15:55:00,"IIOT_6","Sensor","HTTP",141,2146,0.096,28.8,44,76.6,140,5,65,-349,1.53,98.6,0,"Normal",0
2025-11-05 16:00:00,"IIOT_2","Sensor","MQTT",167,526,0.007,38.6,58.9,38.6,124,2,26,-1620,1.53,99.4,0,"MITM",1
2025-11-05 16:05:00,"IIOT_5","Sensor","Modbus",109,2473,0.068,37,64.5,61.9,139,10,-58,1947,1.74,109.8,0,"Normal",0
2025-11-05 16:10:00,"IIOT_4","Sensor","Modbus",107,2283,0.068,35.2,69.7,31.6,34,5,-2,-190,1.98,102.2,0,"Normal",0
2025-11-05 16:15:00,"IIOT_6","Controller","Modbus",163,1389,0.022,20.3,84.8,61,98,2,56,-894,4.18,107,0,"Normal",0
2025-11-05 16:20:00,"IIOT_3","Sensor","MQTT",107,1349,0.065,40.6,34.1,65.5,68,2,-56,-40,0.84,92.6,0,"Data Injection",1
2025-11-05 16:25:00,"IIOT_9","Sensor","MQTT",122,573,0.065,31.7,88.1,46.1,95,9,15,-776,2.78,86.8,0,"Normal",0
2025-11-05 16:30:00,"IIOT_4","Actuator","Modbus",101,1618,0.061,28.9,59.4,33.6,82,9,-21,1045,2.06,75.4,0,"Normal",0
2025-11-05 16:35:00,"IIOT_2","Actuator","Modbus",89,1616,0.008,27,65.9,81.9,63,6,-12,-2,2.44,81.2,0,"Normal",0
2025-11-05 16:40:00,"IIOT_2","Actuator","Modbus",115,1416,0.081,22.9,69.1,66.9,91,3,26,-200,3.02,79.8,0,"Normal",0
2025-11-05 16:45:00,"IIOT_8","Sensor","Modbus",100,1083,0.094,34.8,52.2,83.8,42,2,-15,-333,1.5,74.6,0,"Normal",0
2025-11-05 16:50:00,"IIOT_10","Controller","Modbus",134,1593,0.012,29.7,73.1,57.4,34,10,34,510,2.46,62.4,0,"Normal",0
2025-11-05 16:55:00,"IIOT_1","Sensor","Modbus",89,975,0.054,16.8,37.6,78,27,9,-45,-618,2.24,51.4,0,"Normal",0
2025-11-05 17:00:00,"IIOT_5","Sensor","HTTP",115,1038,0.086,36.2,62.3,39.4,177,8,26,63,1.72,74.2,1,"Data Injection",1
2025-11-05 17:05:00,"IIOT_2","Actuator","MQTT",106,1013,0.032,34.4,86,60.3,96,2,-9,-25,2.5,75.2,0,"Data Injection",1
2025-11-05 17:10:00,"IIOT_1","Actuator","Modbus",144,2150,0.057,26.1,81.7,50.4,102,7,38,1137,3.13,87.2,0,"Normal",0
2025-11-05 17:15:00,"IIOT_3","Controller","MQTT",111,1952,0.069,23.7,43,58,161,5,-33,-198,1.81,112.6,1,"DoS",1
2025-11-05 17:20:00,"IIOT_8","Sensor","MQTT",131,1037,0.039,31,85.7,78.2,112,2,20,-915,2.76,129.6,0,"Data Injection",1
2025-11-05 17:25:00,"IIOT_6","Actuator","Modbus",208,1145,0.033,22,52.4,69.3,104,1,77,108,2.38,115,0,"Normal",0
2025-11-05 17:30:00,"IIOT_9","Sensor","Modbus",105,744,0.091,29,36.1,68.1,55,4,-103,-401,1.24,106.8,0,"Normal",0
2025-11-05 17:35:00,"IIOT_5","Sensor","MQTT",139,2064,0.08,22.3,38.2,61.2,125,7,34,1320,1.71,111.4,0,"Normal",0
2025-11-05 17:40:00,"IIOT_4","Actuator","MQTT",216,1307,0.062,29.4,57.4,35.6,117,4,77,-757,1.95,102.6,0,"MITM",1
2025-11-05 17:45:00,"IIOT_7","Actuator","Modbus",98,2834,0.001,23.7,23.7,63.7,110,4,-118,1527,1,102.2,0,"Normal",0
2025-11-05 17:50:00,"IIOT_4","Sensor","Modbus",117,2968,0.086,32.5,70.8,70,96,6,19,134,2.18,100.6,0,"Normal",0
2025-11-05 17:55:00,"IIOT_7","Sensor","HTTP",101,1788,0.02,33.7,80.1,73.2,110,2,-16,-1180,2.38,111.6,0,"Normal",0
2025-11-05 18:00:00,"IIOT_7","Actuator","MQTT",85,1965,0.054,43,53.5,33.8,-11,2,-16,177,1.24,84.4,0,"Spoofing",1
2025-11-05 18:05:00,"IIOT_6","Actuator","Modbus",149,879,0.076,31.2,53,76.4,164,5,64,-1086,1.7,93.8,1,"Normal",0
2025-11-05 18:10:00,"IIOT_4","Sensor","Modbus",70,2961,0.085,28.9,30.8,69.4,125,3,-79,2082,1.07,96.8,0,"Normal",0
2025-11-05 18:15:00,"IIOT_1","Sensor","MQTT",85,2135,0,27.5,36.6,74.2,32,9,15,-826,1.33,84,0,"MITM",1
2025-11-05 18:20:00,"IIOT_10","Sensor","MQTT",131,2342,0.016,27.3,68.6,67.7,101,8,46,207,2.51,82.2,0,"Normal",0
2025-11-05 18:25:00,"IIOT_2","Sensor","HTTP",77,1709,0.001,32.4,50,37.5,61,6,-54,-633,1.54,96.6,0,"Normal",0
2025-11-05 18:30:00,"IIOT_10","Actuator","HTTP",98,1927,0.034,32.6,73.1,46.7,103,5,21,218,2.24,84.4,0,"Data Injection",1
2025-11-05 18:35:00,"IIOT_10","Actuator","MQTT",60,1480,0.042,27.5,31.7,71.2,79,1,-38,-447,1.15,75.2,0,"Normal",0
2025-11-05 18:40:00,"IIOT_2","Actuator","MQTT",113,1048,0.04,28.8,86.9,76.9,106,5,53,-432,3.02,90,0,"Data Injection",1
2025-11-05 18:45:00,"IIOT_8","Sensor","MQTT",137,1302,0.054,36.1,84.9,31.2,89,10,24,254,2.35,87.6,0,"Normal",0
2025-11-05 18:50:00,"IIOT_8","Sensor","HTTP",77,1629,0.054,33.6,32.3,57.1,100,2,-60,327,0.96,95.4,0,"MITM",1
2025-11-05 18:55:00,"IIOT_9","Sensor","Modbus",146,1834,0.065,31.8,89.8,55.9,130,3,69,205,2.82,100.8,0,"Normal",0
2025-11-05 19:00:00,"IIOT_5","Sensor","MQTT",140,1288,0.061,23.3,55.5,61.1,73,3,-6,-546,2.38,99.6,0,"MITM",1
2025-11-05 19:05:00,"IIOT_2","Sensor","MQTT",91,1318,0.048,35.7,25,30.6,42,3,-49,30,0.7,86.8,0,"Normal",0
2025-11-05 19:10:00,"IIOT_6","Actuator","HTTP",97,1936,0.047,27,79.8,69.6,115,7,6,618,2.96,92,0,"Normal",0
2025-11-05 19:15:00,"IIOT_4","Sensor","MQTT",90,3148,0.087,34.4,56.5,70.3,128,5,-7,1212,1.64,97.6,0,"DoS",1
2025-11-05 19:20:00,"IIOT_6","Controller","MQTT",154,1109,0.077,27.6,40.2,42.9,99,7,64,-2039,1.46,91.4,0,"Normal",0
2025-11-05 19:25:00,"IIOT_6","Actuator","MQTT",139,2573,0.088,26.4,79.6,60.9,155,10,-15,1464,3.02,107.8,1,"Normal",0
2025-11-05 19:30:00,"IIOT_2","Sensor","Modbus",114,1912,0.052,37.7,31.3,51.3,101,1,-25,-661,0.83,119.6,0,"DoS",1
2025-11-05 19:35:00,"IIOT_1","Actuator","MQTT",98,3050,0.031,27.9,62.9,79,72,2,-16,1138,2.25,111,0,"Normal",0
2025-11-05 19:40:00,"IIOT_4","Sensor","MQTT",115,2112,0.08,33.4,26.6,64,86,10,17,-938,0.8,102.6,0,"Normal",0
2025-11-05 19:45:00,"IIOT_6","Actuator","Modbus",144,1479,0.081,28.6,48.8,30.5,101,8,29,-633,1.71,103,0,"Normal",0
2025-11-05 19:50:00,"IIOT_1","Sensor","Modbus",131,2193,0.031,32.4,79.9,56.2,113,2,-13,714,2.47,94.6,0,"Normal",0
2025-11-05 19:55:00,"IIOT_3","Controller","Modbus",93,686,0.015,35.3,67,60.1,87,8,-38,-1507,1.9,91.8,0,"Data Injection",1
2025-11-05 20:00:00,"IIOT_4","Actuator","HTTP",30,2620,0.054,30.7,66.1,63.8,95,5,-63,1934,2.15,96.4,0,"DoS",1
2025-11-05 20:05:00,"IIOT_9","Sensor","HTTP",106,2345,0.053,24.1,89.1,67.8,85,4,76,-275,3.7,96.2,0,"Spoofing",1
2025-11-05 20:10:00,"IIOT_5","Controller","MQTT",187,3002,0.078,35.7,46,56.7,77,10,81,657,1.29,91.4,0,"Normal",0
2025-11-05 20:15:00,"IIOT_6","Controller","HTTP",115,2286,0.026,28.5,46.9,37.4,150,6,-72,-716,1.65,98.8,0,"Data Injection",1
2025-11-05 20:20:00,"IIOT_8","Sensor","Modbus",157,1195,0.097,33.3,41.3,46.2,138,3,42,-1091,1.24,109,0,"Normal",0
2025-11-05 20:25:00,"IIOT_5","Sensor","MQTT",140,894,0.051,25,60.7,58.5,83,3,-17,-301,2.43,106.6,0,"DoS",1
2025-11-05 20:30:00,"IIOT_3","Sensor","HTTP",136,1145,0.071,25.4,36.7,31.2,106,3,-4,251,1.44,110.8,0,"Data Injection",1
2025-11-05 20:35:00,"IIOT_8","Sensor","MQTT",112,2557,0.015,33,44.5,38.6,108,7,-24,1412,1.35,117,0,"Normal",0
2025-11-05 20:40:00,"IIOT_5","Actuator","MQTT",189,1499,0.008,31.6,67.8,62.7,87,6,77,-1058,2.15,104.4,0,"Normal",0
2025-11-05 20:45:00,"IIOT_6","Sensor","Modbus",107,1867,0.032,27.6,31.9,75,26,9,-82,368,1.16,82,0,"Normal",0
2025-11-05 20:50:00,"IIOT_6","Actuator","MQTT",153,215,0.05,20.8,66.6,72.5,170,9,46,-1652,3.2,99.4,1,"Normal",0
2025-11-05 20:55:00,"IIOT_4","Sensor","Modbus",60,1969,0.009,28.6,62.3,78.1,148,8,-93,1754,2.18,107.8,0,"MITM",1
2025-11-05 21:00:00,"IIOT_2","Actuator","Modbus",169,1893,0.024,33,37.9,52.7,79,9,109,-76,1.15,102,0,"Normal",0
2025-11-05 21:05:00,"IIOT_10","Sensor","MQTT",90,1290,0.071,26.7,59.3,65.8,29,4,-79,-603,2.22,90.4,0,"Normal",0
2025-11-05 21:10:00,"IIOT_3","Sensor","MQTT",117,1966,0.001,28.1,89,83,52,8,27,676,3.17,95.6,0,"DoS",1
2025-11-05 21:15:00,"IIOT_1","Controller","HTTP",128,1438,0.07,28.4,59.5,66.4,117,10,11,-528,2.1,85,0,"Normal",0
2025-11-05 21:20:00,"IIOT_2","Sensor","Modbus",144,1505,0.048,35,50,47.2,78,1,16,67,1.43,71,0,"Normal",0
2025-11-05 21:25:00,"IIOT_2","Sensor","Modbus",61,2209,0.07,30.7,50.3,61.3,84,3,-83,704,1.64,72,0,"MITM",1
2025-11-05 21:30:00,"IIOT_4","Sensor","Modbus",133,2260,0.044,38,75.1,65.7,49,3,72,51,1.98,76,0,"Normal",0
2025-11-05 21:35:00,"IIOT_10","Controller","MQTT",104,1154,0.058,29.2,23.9,53.4,110,7,-29,-1106,0.82,87.6,0,"DoS",1
2025-11-05 21:40:00,"IIOT_6","Actuator","HTTP",91,1754,0.026,33.7,62.8,63.1,136,3,-13,600,1.86,91.4,0,"Normal",0
2025-11-05 21:45:00,"IIOT_5","Actuator","MQTT",153,2525,0.015,21.5,71.9,41.9,113,9,62,771,3.34,98.4,0,"Spoofing",1
2025-11-05 21:50:00,"IIOT_10","Actuator","Modbus",136,898,0.014,27.6,60.2,53.3,94,9,-17,-1627,2.18,100.4,0,"Normal",0
2025-11-05 21:55:00,"IIOT_8","Controller","Modbus",155,1175,0.051,31.6,64.1,69.6,99,10,19,277,2.03,110.4,0,"Data Injection",1
2025-11-05 22:00:00,"IIOT_6","Actuator","MQTT",181,2210,0.009,34.4,82.6,66,101,2,26,1035,2.4,108.6,0,"Normal",0
2025-11-05 22:05:00,"IIOT_7","Controller","MQTT",152,2913,0.043,32.6,88.8,43,100,3,-29,703,2.72,101.4,0,"Normal",0
2025-11-05 22:10:00,"IIOT_7","Actuator","Modbus",71,932,0.026,33,36.6,46.4,106,3,-81,-1981,1.11,100,0,"Normal",0
2025-11-05 22:15:00,"IIOT_6","Sensor","Modbus",88,2630,0.019,27.2,32.2,40.8,83,9,17,1698,1.18,97.8,0,"Data Injection",1
2025-11-05 22:20:00,"IIOT_2","Sensor","Modbus",119,907,0.078,29.4,82.9,62.8,113,6,31,-1723,2.82,100.6,0,"Normal",0
2025-11-05 22:25:00,"IIOT_1","Actuator","MQTT",148,2876,0.076,38.2,88.1,64.1,83,5,29,1969,2.31,97,0,"Normal",0
2025-11-05 22:30:00,"IIOT_5","Sensor","MQTT",105,1881,0.031,27.3,47.2,66.7,124,9,-43,-995,1.73,101.8,0,"Normal",0
2025-11-05 22:35:00,"IIOT_1","Sensor","MQTT",142,1494,0.096,20.4,83.5,40.6,139,9,37,-387,4.09,108.4,0,"Normal",0
2025-11-05 22:40:00,"IIOT_3","Controller","MQTT",60,1479,0.056,25.3,44,30.8,71,6,-82,-15,1.74,106,0,"Normal",0
2025-11-05 22:45:00,"IIOT_7","Sensor","MQTT",132,2810,0.026,30.6,28.5,52.8,121,5,72,1331,0.93,107.6,0,"MITM",1
2025-11-05 22:50:00,"IIOT_6","Sensor","Modbus",79,1984,0.011,29,56.8,67.4,111,7,-53,-826,1.96,113.2,0,"DoS",1
2025-11-05 22:55:00,"IIOT_3","Sensor","MQTT",106,3730,0.053,35.9,45.6,84.9,94,3,27,1746,1.27,107.2,0,"Normal",0
2025-11-05 23:00:00,"IIOT_6","Actuator","Modbus",172,1448,0.024,23.8,40.7,49.3,40,5,66,-2282,1.71,87.4,0,"Normal",0
2025-11-05 23:05:00,"IIOT_8","Sensor","MQTT",69,2189,0.032,22.8,61.3,66,91,9,-103,741,2.69,91.4,0,"Normal",0
2025-11-05 23:10:00,"IIOT_4","Sensor","MQTT",80,2333,0.044,28.2,65.6,49.1,142,10,11,144,2.33,95.6,0,"DoS",1
2025-11-05 23:15:00,"IIOT_5","Sensor","HTTP",173,1950,0.009,40.3,43.8,30.5,108,1,93,-383,1.09,95,0,"Normal",0
2025-11-05 23:20:00,"IIOT_2","Controller","MQTT",109,1842,0.012,32.5,56.6,55.5,141,9,-64,-108,1.74,104.4,0,"DoS",1
2025-11-05 23:25:00,"IIOT_1","Sensor","HTTP",46,1936,0.064,28.3,20.1,37.3,175,5,-63,94,0.71,131.4,1,"Normal",0
2025-11-05 23:30:00,"IIOT_9","Sensor","HTTP",111,1883,0.07,29.2,47.9,64.4,75,3,65,-53,1.64,128.2,0,"Normal",0
2025-11-05 23:35:00,"IIOT_9","Actuator","Modbus",103,1859,0.069,36.4,84.5,34.2,78,10,-8,-24,2.32,115.4,0,"Normal",0
2025-11-05 23:40:00,"IIOT_1","Actuator","Modbus",162,2198,0.032,31.6,46.3,62.9,70,3,59,339,1.47,107.8,0,"MITM",1
2025-11-05 23:45:00,"IIOT_8","Sensor","Modbus",110,2446,0.087,28.4,71.4,68.5,124,9,-52,248,2.51,104.4,0,"Normal",0
2025-11-05 23:50:00,"IIOT_8","Actuator","MQTT",185,1632,0.026,22,71.7,33.4,88,7,75,-814,3.26,87,0,"MITM",1
2025-11-05 23:55:00,"IIOT_1","Actuator","HTTP",70,1968,0.099,24.8,51.3,67.9,70,8,-115,336,2.07,86,0,"Normal",0
2025-11-06,"IIOT_9","Actuator","HTTP",158,2315,0.06,19,24.7,73.7,71,7,88,347,1.3,84.6,0,"DoS",1
2025-11-06 00:05:00,"IIOT_7","Sensor","MQTT",58,1569,0.033,31.6,64.5,36.5,70,2,-100,-746,2.04,84.6,0,"Data Injection",1
2025-11-06 00:10:00,"IIOT_5","Sensor","MQTT",101,2077,0.004,25.2,65,48.7,-6,7,43,508,2.58,58.6,0,"Normal",0
2025-11-06 00:15:00,"IIOT_8","Actuator","Modbus",106,2361,0.016,28.5,21.6,65.6,72,10,5,284,0.76,55.4,0,"Data Injection",1
2025-11-06 00:20:00,"IIOT_7","Controller","HTTP",72,1740,0.005,29.1,84.8,60.6,73,10,-34,-621,2.91,56,0,"Data Injection",1
2025-11-06 00:25:00,"IIOT_8","Actuator","MQTT",117,1631,0.021,36.6,57,34.2,43,2,45,-109,1.56,50.4,0,"Normal",0
2025-11-06 00:30:00,"IIOT_9","Sensor","HTTP",105,2057,0.084,32.9,29.4,77.4,82,3,-12,426,0.89,52.8,0,"DoS",1
2025-11-06 00:35:00,"IIOT_1","Sensor","HTTP",179,2397,0.016,25.6,86.4,54.5,83,1,74,340,3.38,70.6,0,"Normal",0
2025-11-06 00:40:00,"IIOT_10","Actuator","MQTT",79,1060,0.083,29.1,89.5,76.2,74,1,-100,-1337,3.08,71,0,"Normal",0
2025-11-06 00:45:00,"IIOT_3","Sensor","Modbus",181,1321,0.087,30.2,70.5,77.8,111,10,102,261,2.33,78.6,0,"Normal",0
2025-11-06 00:50:00,"IIOT_6","Actuator","HTTP",113,3359,0.069,32.5,27.3,58.4,156,4,-68,2038,0.84,101.2,1,"Data Injection",1
2025-11-06 00:55:00,"IIOT_3","Sensor","MQTT",139,2412,0.032,31.2,28.3,75.3,143,6,26,-947,0.91,113.4,0,"DoS",1
2025-11-06 01:00:00,"IIOT_9","Controller","Modbus",185,1206,0.073,30.9,23.8,42.3,76,9,46,-1206,0.77,112,0,"Data Injection",1
2025-11-06 01:05:00,"IIOT_9","Sensor","MQTT",87,3923,0.074,29,31.5,42.3,141,9,-98,2717,1.09,125.4,0,"Data Injection",1
2025-11-06 01:10:00,"IIOT_1","Sensor","MQTT",102,2971,0.091,32.3,45.1,41.8,31,8,15,-952,1.4,109.4,0,"Normal",0
2025-11-06 01:15:00,"IIOT_2","Sensor","MQTT",96,1602,0.043,32.7,44.3,84.6,106,8,-6,-1369,1.35,99.4,0,"Normal",0
2025-11-06 01:20:00,"IIOT_6","Actuator","MQTT",154,1844,0.063,36.6,73.3,31.2,126,7,58,242,2,96,0,"Normal",0
2025-11-06 01:25:00,"IIOT_1","Sensor","HTTP",128,2094,0.058,24.8,30,51.9,105,3,-26,250,1.21,101.8,0,"DoS",1
2025-11-06 01:30:00,"IIOT_8","Actuator","Modbus",89,2678,0.034,34.7,67.4,43.7,55,7,-39,584,1.94,84.6,0,"Normal",0
2025-11-06 01:35:00,"IIOT_2","Controller","MQTT",151,982,0.005,34.2,62.7,65.9,109,8,62,-1696,1.83,100.2,0,"Normal",0
2025-11-06 01:40:00,"IIOT_2","Controller","HTTP",119,2552,0.087,28.1,68.9,42,115,2,-32,1570,2.45,102,0,"Normal",0
2025-11-06 01:45:00,"IIOT_7","Sensor","Modbus",81,659,0.013,26.4,86.2,57.8,182,5,-38,-1893,3.27,113.2,1,"Normal",0
2025-11-06 01:50:00,"IIOT_6","Sensor","Modbus",139,1375,0.001,27,27.7,58.8,66,7,58,716,1.03,105.4,0,"Normal",0
2025-11-06 01:55:00,"IIOT_5","Sensor","MQTT",59,542,0,33.9,44.2,69.3,185,5,-80,-833,1.3,131.4,1,"Normal",0
2025-11-06 02:00:00,"IIOT_7","Sensor","Modbus",145,1813,0.037,21.5,42,63.5,85,2,86,1271,1.95,126.6,0,"Normal",0
2025-11-06 02:05:00,"IIOT_1","Actuator","HTTP",95,981,0.008,28,36.5,68,119,9,-50,-832,1.3,127.4,0,"Normal",0
2025-11-06 02:10:00,"IIOT_10","Controller","HTTP",116,2173,0.007,34.4,38,34.4,78,6,21,1192,1.1,106.6,0,"Normal",0
2025-11-06 02:15:00,"IIOT_9","Controller","MQTT",127,3497,0.043,30.9,80,39.9,194,3,11,1324,2.59,132.2,1,"DoS",1
2025-11-06 02:20:00,"IIOT_7","Sensor","Modbus",206,3225,0.035,37.8,86.6,41.2,108,8,79,-272,2.29,116.8,0,"Normal",0
2025-11-06 02:25:00,"IIOT_1","Sensor","MQTT",65,2262,0.059,29.7,53.4,60.2,72,8,-141,-963,1.8,114.2,0,"Normal",0
2025-11-06 02:30:00,"IIOT_4","Controller","Modbus",14,1243,0.023,28.2,73.9,33.1,40,7,-51,-1019,2.62,98.4,0,"DoS",1
2025-11-06 02:35:00,"IIOT_2","Actuator","HTTP",205,1806,0.097,25.4,63.5,82.4,115,3,191,563,2.5,105.8,0,"Normal",0
2025-11-06 02:40:00,"IIOT_3","Sensor","MQTT",90,2228,0.012,29.7,73.4,53.2,137,3,-115,422,2.47,94.4,0,"Normal",0
2025-11-06 02:45:00,"IIOT_2","Controller","MQTT",162,1837,0.005,35.1,69.5,59,147,9,72,-391,1.98,102.2,0,"DoS",1
2025-11-06 02:50:00,"IIOT_1","Sensor","Modbus",132,1240,0.01,32.7,77.5,48.9,26,3,-30,-597,2.37,93,0,"MITM",1
2025-11-06 02:55:00,"IIOT_9","Actuator","MQTT",147,1578,0.034,21.3,57.4,72.5,51,3,15,338,2.69,95.2,0,"Normal",0
2025-11-06 03:00:00,"IIOT_4","Actuator","HTTP",95,1326,0.038,28.8,42.7,34.2,118,3,-52,-252,1.48,95.8,0,"DoS",1
2025-11-06 03:05:00,"IIOT_2","Sensor","Modbus",115,2128,0.028,33.7,88.1,62.4,80,10,20,802,2.61,84.4,0,"Normal",0
2025-11-06 03:10:00,"IIOT_8","Sensor","Modbus",156,1765,0.007,24.8,80.5,52.6,77,4,41,-363,3.25,70.4,0,"Normal",0
2025-11-06 03:15:00,"IIOT_2","Actuator","MQTT",80,2795,0.079,26.1,36.6,58.9,116,6,-76,1030,1.4,88.4,0,"Spoofing",1
2025-11-06 03:20:00,"IIOT_9","Controller","Modbus",58,2514,0.067,34.9,52.7,51.5,77,8,-22,-281,1.51,93.6,0,"Normal",0
2025-11-06 03:25:00,"IIOT_1","Actuator","Modbus",62,1670,0.04,28,72.2,30.8,124,3,4,-844,2.58,94.8,0,"Normal",0
2025-11-06 03:30:00,"IIOT_4","Sensor","Modbus",134,464,0.033,35.4,84.9,72.2,149,1,72,-1206,2.4,108.6,0,"DoS",1
2025-11-06 03:35:00,"IIOT_2","Sensor","MQTT",62,3071,0.055,49.4,66.4,60.8,40,3,-72,2607,1.34,101.2,0,"Normal",0
2025-11-06 03:40:00,"IIOT_8","Controller","Modbus",130,2974,0.083,30.6,28.6,72.5,88,9,68,-97,0.93,95.6,0,"DoS",1
2025-11-06 03:45:00,"IIOT_4","Actuator","Modbus",179,1430,0.047,29.9,31.9,38.8,128,6,49,-1544,1.07,105.8,0,"Normal",0
2025-11-06 03:50:00,"IIOT_7","Sensor","Modbus",88,2628,0.039,40.3,77.5,53.6,106,8,-91,1198,1.92,102.2,0,"Normal",0
2025-11-06 03:55:00,"IIOT_8","Sensor","Modbus",191,2950,0.057,24.4,70.9,62.9,137,8,103,322,2.91,99.8,0,"DoS",1
2025-11-06 04:00:00,"IIOT_1","Actuator","Modbus",64,2027,0.019,25.8,79.7,45.8,69,10,-127,-923,3.09,105.6,0,"Spoofing",1
2025-11-06 04:05:00,"IIOT_6","Controller","Modbus",112,1079,0.01,27.2,84.4,60.5,76,1,48,-948,3.1,103.2,0,"Normal",0
2025-11-06 04:10:00,"IIOT_10","Controller","MQTT",241,1058,0.007,24.1,36,36.6,147,7,129,-21,1.49,107,0,"Normal",0
2025-11-06 04:15:00,"IIOT_9","Sensor","MQTT",202,1163,0.075,26.1,26.4,59.7,152,8,-39,105,1.01,116.2,1,"Normal",0
2025-11-06 04:20:00,"IIOT_7","Sensor","HTTP",108,2156,0.06,28.9,21.2,62.4,151,6,-94,993,0.73,119,1,"Data Injection",1
2025-11-06 04:25:00,"IIOT_2","Controller","HTTP",160,1929,0.09,35.3,88.8,68.2,109,6,52,-227,2.52,127,0,"Normal",0
2025-11-06 04:30:00,"IIOT_5","Actuator","HTTP",109,2354,0.001,32.5,74.8,47.4,101,8,-51,425,2.3,132,0,"Spoofing",1
2025-11-06 04:35:00,"IIOT_1","Actuator","MQTT",142,1321,0.051,36.2,27.8,42.3,124,6,33,-1033,0.77,127.4,0,"Normal",0
2025-11-06 04:40:00,"IIOT_6","Sensor","MQTT",49,2039,0.008,18.5,64.6,42.3,104,6,-93,718,3.49,117.8,0,"Normal",0
2025-11-06 04:45:00,"IIOT_6","Actuator","HTTP",92,2186,0.07,26.8,64.9,56,86,7,43,147,2.42,104.8,0,"Normal",0
2025-11-06 04:50:00,"IIOT_10","Sensor","MQTT",46,2623,0.019,29.7,72.4,76.7,154,9,-46,437,2.44,113.8,1,"Normal",0
2025-11-06 04:55:00,"IIOT_9","Actuator","HTTP",161,1872,0.006,32.7,59.4,66.1,142,8,115,-751,1.82,122,0,"Normal",0
2025-11-06 05:00:00,"IIOT_9","Actuator","Modbus",155,2302,0.003,28.5,49.3,77.3,74,4,-6,430,1.73,112,0,"Normal",0
2025-11-06 05:05:00,"IIOT_8","Sensor","Modbus",94,1594,0.095,23.9,41.3,60,57,3,-61,-708,1.73,102.6,0,"DoS",1
2025-11-06 05:10:00,"IIOT_4","Actuator","HTTP",191,1755,0.085,35.6,62.7,80.1,80,3,97,161,1.76,101.4,0,"Spoofing",1
2025-11-06 05:15:00,"IIOT_6","Sensor","MQTT",32,1247,0.07,33.7,43.2,78.1,121,5,-159,-508,1.28,94.8,0,"Normal",0
2025-11-06 05:20:00,"IIOT_8","Sensor","HTTP",128,886,0.071,35.6,23.6,64,76,3,96,-361,0.66,81.6,0,"Normal",0
2025-11-06 05:25:00,"IIOT_7","Sensor","Modbus",83,1993,0.098,33.2,73.4,47.2,12,8,-45,1107,2.21,69.2,0,"MITM",1
2025-11-06 05:30:00,"IIOT_10","Sensor","Modbus",165,1582,0.033,21.4,34.6,48.8,109,4,82,-411,1.62,79.6,0,"Normal",0
2025-11-06 05:35:00,"IIOT_2","Controller","MQTT",207,2742,0.05,36.3,48.6,59,91,8,42,1160,1.34,81.8,0,"Normal",0
2025-11-06 05:40:00,"IIOT_1","Sensor","MQTT",140,800,0.097,28.2,84.2,42.2,107,7,-67,-1942,2.99,79,0,"Data Injection",1
2025-11-06 05:45:00,"IIOT_7","Actuator","Modbus",202,2565,0.096,24.9,42.2,45.7,157,8,62,1765,1.69,95.2,1,"Normal",0
2025-11-06 05:50:00,"IIOT_10","Sensor","Modbus",82,1835,0.031,24.1,65,54.9,97,7,-120,-730,2.7,112.2,0,"DoS",1
2025-11-06 05:55:00,"IIOT_10","Sensor","Modbus",51,2810,0.045,29.8,67,34.1,92,4,-31,975,2.25,108.8,0,"Normal",0
2025-11-06 06:00:00,"IIOT_7","Controller","Modbus",180,2329,0.044,35.3,83.1,79.3,116,3,129,-481,2.35,113.8,0,"Normal",0
2025-11-06 06:05:00,"IIOT_2","Actuator","Modbus",83,2905,0.058,25.5,61.3,43.5,63,2,-97,576,2.4,105,0,"MITM",1
2025-11-06 06:10:00,"IIOT_5","Actuator","MQTT",181,2178,0.051,25.1,55.1,37.2,68,5,98,-727,2.2,87.2,0,"Normal",0
2025-11-06 06:15:00,"IIOT_1","Controller","HTTP",108,2028,0.058,20.2,84.5,30.6,98,7,-73,-150,4.18,87.4,0,"Data Injection",1
2025-11-06 06:20:00,"IIOT_5","Controller","Modbus",112,1563,0.064,32.5,68.1,55.5,125,10,4,-465,2.1,94,0,"MITM",1
2025-11-06 06:25:00,"IIOT_10","Sensor","Modbus",45,3192,0.02,32.7,51.6,39.1,29,6,-67,1629,1.58,76.6,0,"Normal",0
2025-11-06 06:30:00,"IIOT_7","Controller","MQTT",163,2104,0.083,28.7,63,77.6,134,5,118,-1088,2.2,90.8,0,"Normal",0
2025-11-06 06:35:00,"IIOT_7","Sensor","Modbus",197,2639,0.064,26.4,76.5,72.9,109,1,34,535,2.9,99,0,"Normal",0
2025-11-06 06:40:00,"IIOT_4","Actuator","Modbus",119,1589,0.043,29.6,82.9,39.8,148,10,-78,-1050,2.8,109,0,"MITM",1
2025-11-06 06:45:00,"IIOT_7","Actuator","Modbus",147,1555,0.083,26.4,69.4,33.6,157,4,28,-34,2.63,115.4,1,"Spoofing",1
2025-11-06 06:50:00,"IIOT_1","Actuator","MQTT",130,2747,0.027,34.4,84.7,82.9,71,7,-17,1192,2.46,123.8,0,"DoS",1
2025-11-06 06:55:00,"IIOT_8","Actuator","Modbus",138,1276,0.045,32.1,89.6,40.5,70,10,8,-1471,2.79,111,0,"Data Injection",1
2025-11-06 07:00:00,"IIOT_3","Actuator","Modbus",166,2469,0.069,30.2,41.4,66.3,98,2,28,1193,1.37,108.8,0,"DoS",1
2025-11-06 07:05:00,"IIOT_2","Controller","Modbus",116,1316,0.02,29.6,57,62.7,102,2,-50,-1153,1.93,99.6,0,"Normal",0
2025-11-06 07:10:00,"IIOT_7","Sensor","Modbus",43,2631,0.049,19.7,75.7,74.2,108,6,-73,1315,3.84,89.8,0,"Normal",0
2025-11-06 07:15:00,"IIOT_7","Sensor","Modbus",126,2381,0.042,31.2,35.3,39.2,45,10,83,-250,1.13,84.6,0,"Normal",0
2025-11-06 07:20:00,"IIOT_8","Controller","MQTT",122,1719,0.036,29.5,55.6,64.9,89,7,-4,-662,1.88,88.4,0,"Normal",0
2025-11-06 07:25:00,"IIOT_5","Sensor","Modbus",117,1685,0.098,29.8,40.2,61,97,5,-5,-34,1.35,88.2,0,"Normal",0
2025-11-06 07:30:00,"IIOT_1","Actuator","Modbus",44,1592,0.003,27.6,78.3,48.1,164,7,-73,-93,2.84,100.6,1,"Normal",0
2025-11-06 07:35:00,"IIOT_6","Sensor","MQTT",202,1300,0.001,37.7,44,50.4,163,7,158,-292,1.17,111.6,1,"Normal",0
2025-11-06 07:40:00,"IIOT_4","Sensor","HTTP",114,3110,0.048,27.9,85.7,43.2,164,8,-88,1810,3.07,135.4,1,"Data Injection",1
2025-11-06 07:45:00,"IIOT_10","Sensor","Modbus",87,2645,0.03,33.3,89.8,38.5,102,2,-27,-465,2.7,138,0,"Normal",0
2025-11-06 07:50:00,"IIOT_8","Sensor","Modbus",99,1539,0.015,32.7,77.7,59.9,88,4,12,-1106,2.38,136.2,0,"Normal",0
2025-11-06 07:55:00,"IIOT_7","Sensor","Modbus",117,2456,0.076,25.8,83,51.4,153,3,18,917,3.22,134,1,"Normal",0
2025-11-06 08:00:00,"IIOT_7","Sensor","Modbus",158,1429,0.035,33,58.6,61.8,109,2,41,-1027,1.78,123.2,0,"DoS",1
2025-11-06 08:05:00,"IIOT_2","Actuator","HTTP",185,965,0.01,24,28.2,79,140,6,27,-464,1.18,118.4,0,"Normal",0
2025-11-06 08:10:00,"IIOT_3","Controller","HTTP",104,2624,0.046,33.6,89.5,34.2,89,9,-81,1659,2.66,115.8,0,"Normal",0
2025-11-06 08:15:00,"IIOT_3","Actuator","Modbus",110,2028,0.097,28.7,40.3,60,127,1,6,-596,1.4,123.6,0,"DoS",1
2025-11-06 08:20:00,"IIOT_1","Sensor","Modbus",137,967,0.088,15.6,29.2,35.2,120,2,27,-1061,1.87,117,0,"Spoofing",1
2025-11-06 08:25:00,"IIOT_7","Sensor","Modbus",68,2511,0.013,37.8,38.9,78.2,121,9,-69,1544,1.03,119.4,0,"MITM",1
2025-11-06 08:30:00,"IIOT_5","Actuator","Modbus",145,2385,0.079,31,52.5,50.5,83,8,77,-126,1.69,108,0,"Spoofing",1
2025-11-06 08:35:00,"IIOT_7","Controller","Modbus",118,1975,0.014,31.8,87.4,50.6,77,4,-27,-410,2.75,105.6,0,"MITM",1
2025-11-06 08:40:00,"IIOT_4","Sensor","MQTT",224,939,0.06,29.7,41.1,81.8,75,6,106,-1036,1.38,95.2,0,"Normal",0
2025-11-06 08:45:00,"IIOT_4","Controller","HTTP",81,1626,0.076,20.4,69.8,72.7,107,3,-143,687,3.42,92.6,0,"Data Injection",1
2025-11-06 08:50:00,"IIOT_4","Actuator","HTTP",146,3182,0.066,36.2,53.3,38.5,114,3,65,1556,1.47,91.2,0,"Normal",0
2025-11-06 08:55:00,"IIOT_7","Sensor","MQTT",146,2007,0.091,27.9,74.9,81.6,76,9,0,-1175,2.68,89.8,0,"DoS",1
2025-11-06 09:00:00,"IIOT_5","Controller","Modbus",173,1549,0.051,36.6,84,83.7,132,9,27,-458,2.3,100.8,0,"Normal",0
2025-11-06 09:05:00,"IIOT_10","Controller","MQTT",102,3442,0.015,36.6,68.2,71.4,67,2,-71,1893,1.86,99.2,0,"DoS",1
2025-11-06 09:10:00,"IIOT_9","Sensor","MQTT",142,2549,0.088,35.6,35.5,52.1,95,5,40,-893,1,96.8,0,"Normal",0
2025-11-06 09:15:00,"IIOT_6","Sensor","MQTT",112,1059,0.065,25.6,86.8,74.8,145,5,-30,-1490,3.39,103,0,"DoS",1
2025-11-06 09:20:00,"IIOT_4","Actuator","MQTT",127,2147,0.006,35.4,21.1,66.8,110,7,15,1088,0.6,109.8,0,"Normal",0
2025-11-06 09:25:00,"IIOT_6","Actuator","MQTT",167,784,0.001,24.9,56.5,61.7,32,2,40,-1363,2.27,89.8,0,"Normal",0
2025-11-06 09:30:00,"IIOT_1","Controller","MQTT",85,2542,0.018,31.1,61.8,30.2,113,3,-82,1758,1.99,99,0,"Normal",0
2025-11-06 09:35:00,"IIOT_2","Controller","Modbus",213,1175,0.082,33.8,54.5,79,154,3,128,-1367,1.61,110.8,1,"Normal",0
2025-11-06 09:40:00,"IIOT_1","Sensor","HTTP",103,3134,0.056,26.4,84.7,83.9,111,8,-110,1959,3.21,104,0,"MITM",1
2025-11-06 09:45:00,"IIOT_10","Controller","HTTP",113,2882,0.1,35.6,43.5,41,112,5,10,-252,1.22,104.4,0,"DoS",1
2025-11-06 09:50:00,"IIOT_2","Actuator","HTTP",99,1407,0.088,24.8,31.5,57.7,99,8,-14,-1475,1.27,117.8,0,"DoS",1
2025-11-06 09:55:00,"IIOT_6","Sensor","Modbus",161,1450,0.068,32.7,68.9,65.9,80,4,62,43,2.11,111.2,0,"Normal",0
2025-11-06 10:00:00,"IIOT_9","Actuator","MQTT",198,1872,0.058,27.8,58.3,45.2,111,8,37,422,2.1,102.6,0,"Normal",0
2025-11-06 10:05:00,"IIOT_1","Sensor","Modbus",123,1875,0.002,23.3,64.5,66.1,83,8,-75,3,2.77,97,0,"Normal",0
2025-11-06 10:10:00,"IIOT_8","Sensor","HTTP",111,1862,0.022,37.2,33.8,81,110,5,-12,-13,0.91,96.6,0,"Normal",0
2025-11-06 10:15:00,"IIOT_10","Actuator","Modbus",126,3382,0.061,20.5,78.5,51.8,77,3,15,1520,3.83,92.2,0,"Normal",0
2025-11-06 10:20:00,"IIOT_6","Controller","MQTT",121,1724,0.07,36.6,46.4,36.5,127,2,-5,-1658,1.27,101.6,0,"DoS",1
2025-11-06 10:25:00,"IIOT_1","Sensor","Modbus",137,2771,0.067,23.9,49.3,52.8,64,9,16,1047,2.06,92.2,0,"Normal",0
2025-11-06 10:30:00,"IIOT_1","Actuator","Modbus",97,2867,0.079,36,40.6,60.4,78,3,-40,96,1.13,91.2,0,"Data Injection",1
2025-11-06 10:35:00,"IIOT_8","Controller","MQTT",220,970,0.061,42.9,35.8,67.9,88,2,123,-1897,0.83,86.8,0,"Normal",0
2025-11-06 10:40:00,"IIOT_4","Sensor","MQTT",132,3104,0.029,31.4,63.6,59.1,116,4,-88,2134,2.03,94.6,0,"Normal",0
2025-11-06 10:45:00,"IIOT_5","Controller","Modbus",102,1843,0.042,16.3,29.3,72.5,166,2,-30,-1261,1.8,102.4,1,"Data Injection",1
2025-11-06 10:50:00,"IIOT_4","Sensor","Modbus",141,1051,0.016,29,68.3,42.6,94,4,39,-792,2.36,108.4,0,"Normal",0
2025-11-06 10:55:00,"IIOT_9","Actuator","MQTT",146,389,0.065,37.4,59.2,36.9,27,8,5,-662,1.58,98.2,0,"DoS",1
2025-11-06 11:00:00,"IIOT_1","Sensor","Modbus",176,1209,0.084,27.4,57.1,60.4,56,5,30,820,2.08,91.8,0,"Normal",0
2025-11-06 11:05:00,"IIOT_10","Controller","Modbus",100,2494,0,25,59.8,65.7,133,6,-76,1285,2.39,95.2,0,"Normal",0
2025-11-06 11:10:00,"IIOT_1","Actuator","MQTT",78,1892,0.074,35.3,62.9,66.6,130,9,-22,-602,1.78,88,0,"MITM",1
2025-11-06 11:15:00,"IIOT_10","Sensor","Modbus",133,2791,0.075,24.4,78.3,51.9,106,1,55,899,3.21,90.4,0,"Normal",0
2025-11-06 11:20:00,"IIOT_9","Sensor","Modbus",70,1878,0.06,27.9,85.6,73.7,123,9,-63,-913,3.07,109.6,0,"Normal",0
2025-11-06 11:25:00,"IIOT_1","Controller","MQTT",120,2255,0.022,31.9,68,82.6,95,6,50,377,2.13,117.4,0,"Normal",0
2025-11-06 11:30:00,"IIOT_1","Actuator","MQTT",85,2623,0.043,30,82.1,68.6,123,7,-35,368,2.74,115.4,0,"Normal",0
2025-11-06 11:35:00,"IIOT_1","Controller","Modbus",115,1360,0.051,34.8,89.3,83.1,91,6,30,-1263,2.57,107.6,0,"Data Injection",1
2025-11-06 11:40:00,"IIOT_9","Actuator","HTTP",109,2660,0.099,32.3,38.2,43.6,112,3,-6,1300,1.18,108.8,0,"Spoofing",1
2025-11-06 11:45:00,"IIOT_10","Controller","HTTP",90,1470,0.038,31.2,78.7,47.2,72,5,-19,-1190,2.52,98.6,0,"MITM",1
2025-11-06 11:50:00,"IIOT_1","Actuator","Modbus",116,3684,0.086,21.8,81.1,47.6,142,2,26,2214,3.72,108,0,"Normal",0
2025-11-06 11:55:00,"IIOT_3","Actuator","Modbus",180,1565,0.038,39,36.4,80.1,75,9,64,-2119,0.93,98.4,0,"Normal",0
2025-11-06 12:00:00,"IIOT_8","Sensor","HTTP",169,1526,0.084,31.1,74.1,54.8,55,4,-11,-39,2.38,91.2,0,"MITM",1
2025-11-06 12:05:00,"IIOT_9","Sensor","Modbus",143,1914,0.036,31.6,27.2,65.6,124,2,-26,388,0.86,93.6,0,"DoS",1
2025-11-06 12:10:00,"IIOT_5","Actuator","HTTP",106,2704,0.011,35.5,74.9,64.6,58,8,-37,790,2.11,90.8,0,"Normal",0
2025-11-06 12:15:00,"IIOT_10","Sensor","MQTT",162,1119,0.081,31.1,30,84.4,-41,1,56,-1585,0.96,54.2,0,"DoS",1
2025-11-06 12:20:00,"IIOT_5","Sensor","Modbus",110,1651,0.035,35,37,53.4,90,8,-52,532,1.06,57.2,0,"Normal",0
2025-11-06 12:25:00,"IIOT_2","Sensor","Modbus",149,1870,0.075,32.2,54.8,53.1,64,1,39,219,1.7,59,0,"Normal",0
2025-11-06 12:30:00,"IIOT_6","Sensor","HTTP",105,2239,0.081,15.3,62,67.3,149,2,-44,369,4.05,64,0,"MITM",1
2025-11-06 12:35:00,"IIOT_2","Controller","Modbus",132,1813,0.019,23.9,65.5,47.9,53,4,27,-426,2.74,63,0,"Normal",0
2025-11-06 12:40:00,"IIOT_7","Sensor","Modbus",143,2370,0.063,29.6,50.9,77.4,88,4,11,557,1.72,88.8,0,"Normal",0
2025-11-06 12:45:00,"IIOT_7","Sensor","Modbus",121,1513,0.099,32.7,39.6,70.7,65,9,-22,-857,1.21,83.8,0,"Normal",0
2025-11-06 12:50:00,"IIOT_5","Sensor","HTTP",162,1566,0.043,29.8,39,68.5,104,7,41,53,1.31,91.8,0,"Normal",0
2025-11-06 12:55:00,"IIOT_3","Sensor","MQTT",119,2624,0.08,27.3,86.2,43.2,43,5,-43,1058,3.16,70.6,0,"Spoofing",1
2025-11-06 13:00:00,"IIOT_5","Actuator","MQTT",103,1876,0.064,27.8,36.9,40.9,98,9,-16,-748,1.33,79.6,0,"Normal",0
2025-11-06 13:05:00,"IIOT_1","Actuator","MQTT",57,1268,0.074,39.1,84.8,57.8,93,10,-46,-608,2.17,80.6,0,"Normal",0
2025-11-06 13:10:00,"IIOT_4","Actuator","MQTT",130,2223,0.084,31.1,39.5,34.8,151,7,73,955,1.27,97.8,1,"Normal",0
2025-11-06 13:15:00,"IIOT_4","Sensor","Modbus",81,2734,0.025,24.9,73.7,50.1,120,10,-49,511,2.96,101,0,"Spoofing",1
2025-11-06 13:20:00,"IIOT_6","Sensor","Modbus",236,2836,0.066,28.8,73.5,58.5,107,5,155,102,2.55,113.8,0,"Normal",0
2025-11-06 13:25:00,"IIOT_10","Sensor","HTTP",134,1903,0.066,24.7,32.5,78.7,102,5,-102,-933,1.32,114.6,0,"DoS",1
2025-11-06 13:30:00,"IIOT_10","Sensor","HTTP",86,3009,0.005,33.6,57.4,56,34,2,-48,1106,1.71,102.8,0,"Data Injection",1
2025-11-06 13:35:00,"IIOT_8","Controller","Modbus",140,1334,0.094,27.2,78.3,45.5,92,6,54,-1675,2.88,91,0,"Normal",0
2025-11-06 13:40:00,"IIOT_1","Actuator","MQTT",114,1385,0.043,24.5,66.1,60.9,129,9,-26,51,2.7,92.8,0,"Normal",0
2025-11-06 13:45:00,"IIOT_10","Actuator","MQTT",200,2693,0.096,30.6,34.1,56.6,164,7,86,1308,1.11,104.2,1,"Normal",0
2025-11-06 13:50:00,"IIOT_10","Sensor","HTTP",98,1441,0.043,28.5,84.9,56,95,7,-102,-1252,2.98,102.8,0,"Data Injection",1
2025-11-06 13:55:00,"IIOT_1","Controller","MQTT",132,736,0.04,28.3,84.2,56.1,114,5,34,-705,2.98,118.8,0,"Normal",0
2025-11-06 14:00:00,"IIOT_2","Sensor","HTTP",139,2099,0.091,24.5,63.1,51.3,88,5,7,1363,2.58,118,0,"Normal",0
2025-11-06 14:05:00,"IIOT_3","Sensor","MQTT",148,2477,0.054,33.8,77.9,71.3,86,3,9,378,2.3,109.4,0,"Normal",0
2025-11-06 14:10:00,"IIOT_10","Sensor","HTTP",117,2979,0.018,30.2,27.6,42.6,22,4,-31,502,0.91,81,0,"DoS",1
2025-11-06 14:15:00,"IIOT_6","Controller","Modbus",86,2325,0.005,33.2,51.3,65.1,89,10,-31,-654,1.55,79.8,0,"Normal",0
2025-11-06 14:20:00,"IIOT_5","Sensor","MQTT",103,1743,0.073,36.3,77.2,81.2,74,8,17,-582,2.13,71.8,0,"Normal",0
2025-11-06 14:25:00,"IIOT_9","Actuator","MQTT",99,871,0.096,39.5,43.4,77,51,8,-4,-872,1.1,64.4,0,"DoS",1
2025-11-06 14:30:00,"IIOT_8","Actuator","Modbus",124,1822,0.017,25.2,58.9,70.2,86,9,25,951,2.34,64.4,0,"Normal",0
2025-11-06 14:35:00,"IIOT_9","Controller","MQTT",74,1980,0.093,34.7,89.8,69.7,205,5,-50,158,2.59,101,1,"Normal",0
2025-11-06 14:40:00,"IIOT_2","Actuator","Modbus",72,1698,0.029,13.1,77.8,52.6,102,4,-2,-282,5.94,103.6,0,"Normal",0
2025-11-06 14:45:00,"IIOT_2","Actuator","MQTT",124,2142,0.03,24.9,31.7,41.7,88,10,52,444,1.27,106.4,0,"Normal",0
2025-11-06 14:50:00,"IIOT_5","Sensor","MQTT",103,1968,0.092,40.3,49.1,30.7,56,6,-21,-174,1.22,107.4,0,"MITM",1
2025-11-06 14:55:00,"IIOT_2","Sensor","MQTT",139,2060,0.041,31.2,25.9,84.1,70,7,36,92,0.83,104.2,0,"Normal",0
2025-11-06 15:00:00,"IIOT_6","Actuator","Modbus",118,1416,0.052,26.8,58.2,66,92,9,-21,-644,2.17,81.6,0,"Normal",0
2025-11-06 15:05:00,"IIOT_1","Sensor","Modbus",21,2615,0.031,36.8,68.7,75.7,62,2,-97,1199,1.87,73.6,0,"Normal",0
2025-11-06 15:10:00,"IIOT_2","Sensor","Modbus",113,3136,0.077,26.3,34.6,36.8,107,8,92,521,1.32,77.4,0,"MITM",1
2025-11-06 15:15:00,"IIOT_1","Actuator","MQTT",129,2035,0.035,25.6,28.5,31.6,123,8,16,-1101,1.11,90.8,0,"Normal",0
2025-11-06 15:20:00,"IIOT_3","Controller","Modbus",104,1682,0.078,26.4,46.3,45.8,136,8,-25,-353,1.75,104,0,"Normal",0
2025-11-06 15:25:00,"IIOT_9","Sensor","MQTT",91,2116,0.095,27.6,49.6,42.5,130,4,-13,434,1.8,111.6,0,"MITM",1
2025-11-06 15:30:00,"IIOT_8","Sensor","Modbus",59,2331,0.095,41.4,88.7,72,173,4,-32,215,2.14,133.8,1,"MITM",1
2025-11-06 15:35:00,"IIOT_10","Sensor","MQTT",156,2251,0.071,24.9,21.1,79.7,87,8,97,-80,0.85,129.8,0,"DoS",1
2025-11-06 15:40:00,"IIOT_4","Actuator","MQTT",127,1961,0.094,35.2,42.4,74.7,147,2,-29,-290,1.2,134.6,0,"DoS",1
2025-11-06 15:45:00,"IIOT_6","Actuator","MQTT",74,980,0.002,33.5,25.1,36,132,4,-53,-981,0.75,133.8,0,"MITM",1
2025-11-06 15:50:00,"IIOT_10","Sensor","Modbus",159,1384,0.061,34.4,54.9,62.3,99,6,85,404,1.6,127.6,0,"Normal",0
2025-11-06 15:55:00,"IIOT_2","Actuator","MQTT",123,3422,0.098,25.8,28.8,71.9,145,4,-36,2038,1.12,122,0,"Normal",0
2025-11-06 16:00:00,"IIOT_4","Controller","HTTP",177,2067,0.056,22.5,54.1,81,56,5,54,-1355,2.4,115.8,0,"Normal",0
2025-11-06 16:05:00,"IIOT_2","Sensor","HTTP",175,3097,0.066,30.1,65.2,31.1,111,2,-2,1030,2.17,108.6,0,"Normal",0
2025-11-06 16:10:00,"IIOT_2","Sensor","Modbus",96,604,0.079,29.8,73.4,74.1,103,7,-79,-2493,2.46,102.8,0,"Normal",0
2025-11-06 16:15:00,"IIOT_4","Sensor","MQTT",176,2357,0.081,21.8,37,65.1,91,8,80,1753,1.7,101.2,0,"Normal",0
2025-11-06 16:20:00,"IIOT_5","Controller","Modbus",141,1929,0.062,23.9,61.7,59.5,94,1,-35,-428,2.58,91,0,"MITM",1
2025-11-06 16:25:00,"IIOT_3","Sensor","Modbus",168,1788,0.033,30.9,24.5,81.9,205,9,27,-141,0.79,120.8,1,"Normal",0
2025-11-06 16:30:00,"IIOT_10","Sensor","Modbus",153,2597,0.045,30.6,51.4,46.7,125,4,-15,809,1.68,123.6,0,"MITM",1
2025-11-06 16:35:00,"IIOT_9","Controller","MQTT",127,2035,0.087,35.4,33.1,44.9,123,7,-26,-562,0.94,127.6,0,"Spoofing",1
2025-11-06 16:40:00,"IIOT_6","Actuator","MQTT",176,2209,0.064,30.7,82.7,51.3,78,3,49,174,2.69,125,0,"Normal",0
2025-11-06 16:45:00,"IIOT_1","Actuator","MQTT",95,1571,0.045,33.1,62.1,81.1,145,6,-81,-638,1.88,135.2,0,"Normal",0
2025-11-06 16:50:00,"IIOT_1","Actuator","HTTP",109,1441,0.055,30.1,21.6,30.5,98,6,14,-130,0.72,113.8,0,"Normal",0
2025-11-06 16:55:00,"IIOT_10","Sensor","HTTP",183,837,0.045,28.9,73,58.1,89,3,74,-604,2.53,106.6,0,"Normal",0
2025-11-06 17:00:00,"IIOT_8","Controller","MQTT",124,2247,0.068,31.3,70.1,47.7,72,7,-59,1410,2.24,96.4,0,"Normal",0
2025-11-06 17:05:00,"IIOT_5","Actuator","HTTP",144,1053,0.01,29.7,44.9,37.5,112,9,20,-1194,1.51,103.2,0,"DoS",1
2025-11-06 17:10:00,"IIOT_9","Sensor","MQTT",52,2206,0.046,21.3,84.4,63.4,114,2,-92,1153,3.96,97,0,"Spoofing",1
2025-11-06 17:15:00,"IIOT_9","Sensor","MQTT",68,2427,0.007,29.4,32,72.7,187,7,16,221,1.09,114.8,1,"Normal",0
2025-11-06 17:20:00,"IIOT_2","Actuator","MQTT",113,2104,0.089,30.6,75,67.4,71,5,45,-323,2.45,111.2,0,"Data Injection",1
2025-11-06 17:25:00,"IIOT_2","Sensor","MQTT",179,1315,0.077,23.2,32.7,53,132,3,66,-789,1.41,123.2,0,"Normal",0
2025-11-06 17:30:00,"IIOT_4","Actuator","MQTT",152,1575,0.022,29.5,81.2,39.7,86,4,-27,260,2.75,118,0,"MITM",1
2025-11-06 17:35:00,"IIOT_9","Controller","Modbus",67,2036,0.008,39.5,57.5,77.8,102,2,-85,461,1.46,115.6,0,"Normal",0
2025-11-06 17:40:00,"IIOT_4","Sensor","Modbus",91,2301,0.015,16.6,41.3,82.4,89,7,24,265,2.49,96,0,"Normal",0
2025-11-06 17:45:00,"IIOT_7","Controller","Modbus",76,1756,0.071,38,61.9,52,138,6,-15,-545,1.63,109.4,0,"Normal",0
2025-11-06 17:50:00,"IIOT_6","Sensor","HTTP",194,1045,0.076,22.9,23.8,31.8,66,6,118,-711,1.04,96.2,0,"Normal",0
2025-11-06 17:55:00,"IIOT_9","Sensor","MQTT",116,2538,0.084,37.6,27.5,31.8,155,10,-78,1493,0.73,110,1,"Normal",0
2025-11-06 18:00:00,"IIOT_6","Sensor","MQTT",79,2454,0.037,25.6,65.9,42.8,96,3,-37,-84,2.57,108.8,0,"Normal",0
2025-11-06 18:05:00,"IIOT_9","Controller","MQTT",153,3175,0.098,32.9,33.2,55,-25,2,74,721,1.01,86,0,"Normal",0
2025-11-06 18:10:00,"IIOT_5","Actuator","MQTT",129,2571,0.059,35.5,23.1,43.4,37,9,-24,-604,0.65,65.8,0,"MITM",1
2025-11-06 18:15:00,"IIOT_7","Sensor","MQTT",148,1758,0.084,32.1,39.7,63.9,139,7,19,-813,1.24,80.4,0,"DoS",1
2025-11-06 18:20:00,"IIOT_6","Sensor","MQTT",106,1975,0.005,27.4,49.6,64.4,54,8,-42,217,1.81,60.2,0,"Normal",0
2025-11-06 18:25:00,"IIOT_7","Sensor","MQTT",112,2866,0.081,36.1,74.2,45.9,99,4,6,891,2.06,60.8,0,"Normal",0
2025-11-06 18:30:00,"IIOT_4","Sensor","Modbus",122,2304,0.051,24.8,84.9,84,85,3,10,-562,3.42,82.8,0,"Data Injection",1
2025-11-06 18:35:00,"IIOT_3","Controller","MQTT",112,2714,0.017,34.3,75.8,63,130,2,-10,410,2.21,101.4,0,"MITM",1
2025-11-06 18:40:00,"IIOT_5","Sensor","MQTT",135,2174,0.057,30.4,81.2,40.5,110,5,23,-540,2.67,95.6,0,"Normal",0
2025-11-06 18:45:00,"IIOT_1","Sensor","Modbus",169,1752,0.095,29.3,37.2,43,40,9,34,-422,1.27,92.8,0,"Normal",0
2025-11-06 18:50:00,"IIOT_7","Sensor","MQTT",118,2832,0.027,33.5,45.1,78.6,92,4,-51,1080,1.35,91.4,0,"Normal",0
2025-11-06 18:55:00,"IIOT_2","Sensor","Modbus",107,1670,0.08,25.7,48.9,74.8,110,5,-11,-1162,1.9,96.4,0,"Normal",0
2025-11-06 19:00:00,"IIOT_9","Sensor","Modbus",72,1856,0.076,29.6,44.1,62.4,34,5,-35,186,1.49,77.2,0,"Normal",0
2025-11-06 19:05:00,"IIOT_6","Actuator","Modbus",139,2902,0.067,19.8,70.8,32.9,120,2,67,1046,3.58,79.2,0,"Normal",0
2025-11-06 19:10:00,"IIOT_8","Sensor","HTTP",133,2130,0.027,33.5,28.3,75.7,88,4,-6,-772,0.84,88.8,0,"Normal",0
2025-11-06 19:15:00,"IIOT_7","Actuator","HTTP",106,3880,0.092,32.7,87.8,35.8,145,5,-27,1750,2.69,99.4,0,"Normal",0
2025-11-06 19:20:00,"IIOT_4","Actuator","MQTT",73,1441,0.062,35.9,23.1,73.3,50,1,-33,-2439,0.64,87.4,0,"Normal",0
2025-11-06 19:25:00,"IIOT_2","Controller","MQTT",114,2337,0.018,33.6,39.8,39.1,123,7,41,896,1.18,105.2,0,"Normal",0
2025-11-06 19:30:00,"IIOT_3","Sensor","HTTP",152,2627,0.065,30.1,75.4,81.9,102,7,38,290,2.5,101.6,0,"DoS",1
2025-11-06 19:35:00,"IIOT_7","Actuator","Modbus",37,149,0.07,20,37.9,30.9,69,8,-115,-2478,1.9,97.8,0,"Normal",0
2025-11-06 19:40:00,"IIOT_3","Sensor","Modbus",84,2459,0.089,32.7,38.1,35.3,4,9,47,2310,1.17,69.6,0,"Normal",0
2025-11-06 19:45:00,"IIOT_5","Sensor","Modbus",123,2122,0.073,31.7,63.9,60.3,73,5,39,-337,2.02,74.2,0,"DoS",1
2025-11-06 19:50:00,"IIOT_7","Actuator","Modbus",120,1489,0.002,33.7,42.4,81.3,117,3,-3,-633,1.26,73,0,"Normal",0
2025-11-06 19:55:00,"IIOT_1","Sensor","MQTT",79,2641,0.001,31.5,42.1,65.7,163,9,-41,1152,1.34,85.2,1,"Data Injection",1
2025-11-06 20:00:00,"IIOT_4","Actuator","HTTP",151,2063,0.062,38,77.2,84.9,98,6,72,-578,2.03,91,0,"Normal",0
2025-11-06 20:05:00,"IIOT_10","Actuator","MQTT",164,1616,0.005,31.7,70.2,57.1,87,7,13,-447,2.21,107.6,0,"Normal",0
2025-11-06 20:10:00,"IIOT_8","Sensor","HTTP",157,2724,0.092,28.5,77,58.5,51,6,-7,1108,2.7,103.2,0,"Normal",0
2025-11-06 20:15:00,"IIOT_8","Sensor","Modbus",70,1244,0.006,28,24.8,46.9,96,7,-87,-1480,0.89,99,0,"Normal",0
2025-11-06 20:20:00,"IIOT_5","Actuator","HTTP",165,1738,0.065,27.6,23.5,45.8,53,8,95,494,0.85,77,0,"DoS",1
2025-11-06 20:25:00,"IIOT_10","Controller","MQTT",147,1863,0.034,23.7,74.7,33.8,47,7,-18,125,3.15,66.8,0,"Normal",0
2025-11-06 20:30:00,"IIOT_2","Actuator","HTTP",100,2169,0.073,16.4,46.9,54.7,103,5,-47,306,2.86,70,0,"Normal",0
2025-11-06 20:35:00,"IIOT_10","Sensor","Modbus",158,1429,0.008,34.7,85.2,44.1,100,3,58,-740,2.46,79.8,0,"Spoofing",1
2025-11-06 20:40:00,"IIOT_3","Sensor","MQTT",159,2076,0.057,30.6,40.9,33,63,9,1,647,1.34,73.2,0,"Normal",0
2025-11-06 20:45:00,"IIOT_10","Sensor","Modbus",88,1919,0.024,33.3,34.2,83.9,61,2,-71,-157,1.03,74.8,0,"Spoofing",1
2025-11-06 20:50:00,"IIOT_1","Sensor","Modbus",87,3298,0.009,41.9,59.5,77,31,8,-1,1379,1.42,71.6,0,"Normal",0
2025-11-06 20:55:00,"IIOT_2","Actuator","MQTT",155,2218,0.097,33.9,24.9,82.4,131,4,68,-1080,0.73,77.2,0,"Normal",0
2025-11-06 21:00:00,"IIOT_7","Controller","MQTT",116,2652,0,25.4,64.5,33.7,-39,9,-39,434,2.54,49.4,0,"Normal",0
2025-11-06 21:05:00,"IIOT_6","Sensor","MQTT",65,2887,0.057,33.8,63.5,50.5,105,9,-51,235,1.88,57.8,0,"Normal",0
2025-11-06 21:10:00,"IIOT_9","Sensor","Modbus",189,2113,0.08,31,49.4,83.6,80,8,124,-774,1.59,61.6,0,"Normal",0
2025-11-06 21:15:00,"IIOT_1","Actuator","HTTP",157,2415,0.007,24.3,35.5,46.6,69,7,-32,302,1.46,69.2,0,"Normal",0
2025-11-06 21:20:00,"IIOT_9","Sensor","MQTT",69,1654,0.042,19.9,73.6,56.2,85,4,-88,-761,3.7,60,0,"Normal",0
2025-11-06 21:25:00,"IIOT_4","Controller","Modbus",144,1575,0.099,34.2,43.9,84.3,80,8,75,-79,1.28,83.8,0,"Normal",0
2025-11-06 21:30:00,"IIOT_9","Sensor","MQTT",138,3036,0.019,23.4,80.4,65.2,79,4,-6,1461,3.44,78.6,0,"Normal",0
2025-11-06 21:35:00,"IIOT_9","Sensor","Modbus",129,3425,0.009,27.9,51.6,46.4,246,5,-9,389,1.85,111.8,1,"MITM",1
2025-11-06 21:40:00,"IIOT_9","Controller","MQTT",136,1433,0.008,24.7,72.8,64.1,103,3,7,-1992,2.95,118.6,0,"Normal",0
2025-11-06 21:45:00,"IIOT_6","Actuator","Modbus",123,1435,0.02,26.3,20.6,67.9,47,7,-13,2,0.78,111,0,"Normal",0
2025-11-06 21:50:00,"IIOT_7","Sensor","MQTT",128,2808,0.083,37.6,62.9,53.9,79,6,5,1373,1.67,110.8,0,"Normal",0
2025-11-06 21:55:00,"IIOT_10","Actuator","Modbus",114,2320,0.013,32.3,85.7,38.7,68,8,-14,-488,2.65,108.6,0,"Data Injection",1
2025-11-06 22:00:00,"IIOT_7","Sensor","MQTT",207,2412,0.058,33.3,46.4,84.5,96,9,93,92,1.39,78.6,0,"Data Injection",1
2025-11-06 22:05:00,"IIOT_7","Controller","MQTT",100,1639,0.033,31.3,22.5,68.3,90,2,-107,-773,0.72,76,0,"MITM",1
2025-11-06 22:10:00,"IIOT_10","Sensor","MQTT",111,1846,0.064,34.8,68.2,46.3,85,8,11,207,1.96,83.6,0,"DoS",1
2025-11-06 22:15:00,"IIOT_5","Sensor","HTTP",118,1739,0.021,41.9,80.8,66.7,167,6,7,-107,1.93,101.2,1,"DoS",1
2025-11-06 22:20:00,"IIOT_5","Sensor","Modbus",82,2262,0.021,34.4,55.1,60.1,74,2,-36,523,1.6,102.4,0,"Data Injection",1
2025-11-06 22:25:00,"IIOT_5","Sensor","HTTP",146,1893,0.095,23.6,46.4,47.5,119,10,64,-369,1.97,107,0,"Normal",0
2025-11-06 22:30:00,"IIOT_10","Sensor","Modbus",94,969,0.017,26,80,52.6,43,3,-52,-924,3.08,97.6,0,"Spoofing",1
2025-11-06 22:35:00,"IIOT_8","Sensor","MQTT",110,1509,0.038,29.8,75.5,71.6,31,2,16,540,2.53,86.8,0,"MITM",1
2025-11-06 22:40:00,"IIOT_5","Sensor","Modbus",85,1598,0.091,26.8,36.7,36.6,115,7,-25,89,1.37,76.4,0,"Normal",0
2025-11-06 22:45:00,"IIOT_6","Sensor","MQTT",98,1708,0.083,35.4,43.2,72.9,3,9,13,110,1.22,62.2,0,"DoS",1
2025-11-06 22:50:00,"IIOT_1","Actuator","Modbus",84,2522,0.006,25.3,51.5,43.7,97,8,-14,814,2.04,57.8,0,"MITM",1
2025-11-06 22:55:00,"IIOT_2","Sensor","Modbus",165,2486,0.049,29.3,54.1,48.6,68,3,81,-36,1.85,62.8,0,"MITM",1
2025-11-06 23:00:00,"IIOT_6","Sensor","MQTT",85,1723,0.014,31.9,44.8,55.1,94,4,-80,-763,1.4,75.4,0,"Normal",0
2025-11-06 23:05:00,"IIOT_10","Controller","Modbus",177,1937,0.022,29.9,49.5,80,34,9,92,214,1.66,59.2,0,"Normal",0
2025-11-06 23:10:00,"IIOT_7","Actuator","MQTT",118,1798,0.032,30.8,73.1,65.4,1,4,-59,-139,2.37,58.8,0,"Normal",0
2025-11-06 23:15:00,"IIOT_8","Sensor","HTTP",122,2347,0.033,34.5,76.4,39.4,94,7,4,549,2.21,58.2,0,"Normal",0
2025-11-06 23:20:00,"IIOT_8","Actuator","MQTT",154,2345,0.026,25.3,23.9,46.7,62,3,32,-2,0.94,57,0,"Normal",0
2025-11-06 23:25:00,"IIOT_10","Actuator","Modbus",153,2142,0.034,33,30,37.3,25,7,-1,-203,0.91,43.2,0,"Normal",0
2025-11-06 23:30:00,"IIOT_1","Sensor","MQTT",183,1989,0.04,30.3,46.8,57.6,152,4,30,-153,1.54,66.8,1,"Normal",0
2025-11-06 23:35:00,"IIOT_2","Actuator","MQTT",100,941,0.013,27.8,40.1,30.8,148,5,-83,-1048,1.44,96.2,0,"Normal",0
2025-11-06 23:40:00,"IIOT_3","Sensor","Modbus",120,2451,0.011,36.2,83.7,36.5,3,3,20,1510,2.31,78,0,"DoS",1
2025-11-06 23:45:00,"IIOT_8","Controller","Modbus",176,2441,0.032,37.2,52,73.1,45,6,56,-10,1.4,74.6,0,"Data Injection",1
2025-11-06 23:50:00,"IIOT_8","Sensor","MQTT",140,2542,0.056,24.4,57.4,84.8,98,5,-36,101,2.35,89.2,0,"Normal",0
2025-11-06 23:55:00,"IIOT_6","Sensor","Modbus",89,2813,0.088,34.4,86.3,67.2,143,9,-51,271,2.51,87.4,0,"MITM",1
2025-11-07,"IIOT_8","Sensor","Modbus",94,2730,0.066,34.9,54.1,30.2,77,9,5,-83,1.55,73.2,0,"Normal",0
2025-11-07 00:05:00,"IIOT_7","Sensor","Modbus",117,1988,0.027,31.8,70.8,37.8,129,7,23,-742,2.23,98.4,0,"Normal",0
2025-11-07 00:10:00,"IIOT_9","Sensor","MQTT",139,2884,0.098,38.7,78.4,52.9,57,2,22,896,2.03,100.8,0,"Normal",0
2025-11-07 00:15:00,"IIOT_5","Controller","Modbus",137,3241,0.034,29.6,39.5,50.3,133,8,-2,357,1.33,107.8,0,"Spoofing",1
2025-11-07 00:20:00,"IIOT_6","Controller","Modbus",76,1609,0.004,19.3,60.6,50.3,94,6,-61,-1632,3.14,98,0,"DoS",1
2025-11-07 00:25:00,"IIOT_7","Controller","MQTT",85,1943,0.094,21.8,59.3,30.2,45,1,9,334,2.72,91.6,0,"Spoofing",1
2025-11-07 00:30:00,"IIOT_6","Sensor","Modbus",108,1582,0.08,27.4,24,81.1,129,9,23,-361,0.88,91.6,0,"Normal",0
2025-11-07 00:35:00,"IIOT_6","Controller","MQTT",156,2182,0.05,23.1,71.4,40,142,8,48,600,3.09,108.6,0,"Normal",0
2025-11-07 00:40:00,"IIOT_7","Controller","Modbus",165,2620,0.098,32.3,66,64.5,90,3,9,438,2.04,100,0,"Normal",0
2025-11-07 00:45:00,"IIOT_3","Sensor","MQTT",90,2598,0.082,22.8,39.3,68.9,101,8,-75,-22,1.72,101.4,0,"MITM",1
2025-11-07 00:50:00,"IIOT_7","Controller","Modbus",153,1262,0.05,41.3,85.3,81.1,174,8,63,-1336,2.07,127.2,1,"MITM",1
2025-11-07 00:55:00,"IIOT_8","Actuator","MQTT",88,2463,0.027,32.5,45.5,65.8,72,2,-65,1201,1.4,115.8,0,"MITM",1
2025-11-07 01:00:00,"IIOT_5","Sensor","MQTT",178,2508,0.044,31.3,36.9,58.9,146,7,90,45,1.18,116.6,0,"Normal",0
2025-11-07 01:05:00,"IIOT_7","Sensor","MQTT",23,1587,0.094,31.4,64.8,62.1,109,2,-155,-921,2.06,120.4,0,"Normal",0
2025-11-07 01:10:00,"IIOT_3","Sensor","Modbus",166,2501,0.067,40.3,63.7,83.4,84,3,143,914,1.58,117,0,"Normal",0
2025-11-07 01:15:00,"IIOT_8","Sensor","HTTP",153,1306,0.07,30.2,46.8,49.1,52,9,-13,-1195,1.55,92.6,0,"Data Injection",1
2025-11-07 01:20:00,"IIOT_6","Actuator","Modbus",44,2692,0.079,28.6,74.7,45.9,55,4,-109,1386,2.61,89.2,0,"Normal",0
2025-11-07 01:25:00,"IIOT_5","Actuator","MQTT",60,1641,0.055,32.4,52,43.3,159,5,16,-1051,1.6,91.8,1,"Normal",0
2025-11-07 01:30:00,"IIOT_9","Actuator","Modbus",153,2027,0.028,36.7,46.7,52.5,153,1,93,386,1.27,100.6,1,"Data Injection",1
2025-11-07 01:35:00,"IIOT_7","Controller","MQTT",168,2548,0.051,32.6,47.2,62.5,91,3,15,521,1.45,102,0,"Normal",0
2025-11-07 01:40:00,"IIOT_5","Actuator","MQTT",190,1956,0.081,21.6,31.4,77.3,75,3,22,-592,1.45,106.6,0,"Data Injection",1
2025-11-07 01:45:00,"IIOT_3","Sensor","HTTP",124,1026,0.094,27.6,43.1,43.8,148,4,-66,-930,1.56,125.2,0,"Normal",0
2025-11-07 01:50:00,"IIOT_4","Controller","Modbus",125,1404,0.04,33.6,83,49.9,143,4,1,378,2.47,122,0,"Normal",0
2025-11-07 01:55:00,"IIOT_4","Sensor","Modbus",198,3560,0,22.5,81.1,63.4,91,1,73,2156,3.6,109.6,0,"Normal",0
2025-11-07 02:00:00,"IIOT_10","Controller","HTTP",47,1761,0.027,24.2,75,51.5,9,2,-151,-1799,3.1,93.2,0,"MITM",1
2025-11-07 02:05:00,"IIOT_6","Sensor","Modbus",180,2725,0.093,29.9,40.7,36.6,156,6,133,964,1.36,109.4,1,"Normal",0
2025-11-07 02:10:00,"IIOT_5","Sensor","Modbus",100,2543,0.057,24.6,88.1,77.2,103,4,-80,-182,3.58,100.4,0,"Normal",0
2025-11-07 02:15:00,"IIOT_1","Sensor","HTTP",157,3054,0.054,32.4,59.2,69.8,99,8,57,511,1.83,91.6,0,"DoS",1
2025-11-07 02:20:00,"IIOT_9","Sensor","MQTT",166,2316,0.039,32.6,86.5,76.8,158,7,9,-738,2.65,105,1,"Normal",0
2025-11-07 02:25:00,"IIOT_4","Controller","HTTP",174,1902,0.043,25,80.3,59.6,66,9,8,-414,3.21,116.4,0,"Data Injection",1
2025-11-07 02:30:00,"IIOT_9","Actuator","MQTT",76,2505,0.01,36.6,40.3,55.6,139,2,-98,603,1.1,113,0,"Normal",0
2025-11-07 02:35:00,"IIOT_4","Sensor","MQTT",71,1406,0.065,30.7,53.1,30.2,154,10,-5,-1099,1.73,123.2,1,"Spoofing",1
2025-11-07 02:40:00,"IIOT_8","Controller","Modbus",82,2122,0.03,34.4,23,81.9,92,4,11,716,0.67,121.8,0,"Normal",0
2025-11-07 02:45:00,"IIOT_6","Sensor","HTTP",144,1930,0.014,36.8,50.2,60.5,80,1,62,-192,1.36,106.2,0,"Normal",0
2025-11-07 02:50:00,"IIOT_3","Sensor","MQTT",104,1693,0.047,22.6,68.7,34.6,131,9,-40,-237,3.04,119.2,0,"Normal",0
2025-11-07 02:55:00,"IIOT_5","Controller","Modbus",122,2196,0.002,30.1,42.9,82.6,90,3,18,503,1.43,109.4,0,"Normal",0
2025-11-07 03:00:00,"IIOT_3","Actuator","Modbus",132,3581,0.021,27.4,63.9,35.3,148,4,10,1385,2.33,108.2,0,"Normal",0
2025-11-07 03:05:00,"IIOT_10","Controller","Modbus",19,1269,0.096,30.1,51.2,75.4,8,1,-113,-2312,1.7,91.4,0,"MITM",1
2025-11-07 03:10:00,"IIOT_7","Sensor","MQTT",135,1893,0.08,33.4,79.3,81.5,137,9,116,624,2.37,102.8,0,"DoS",1
2025-11-07 03:15:00,"IIOT_3","Sensor","HTTP",70,2333,0.03,30.3,20.4,50.3,112,9,-65,440,0.67,99,0,"Normal",0
2025-11-07 03:20:00,"IIOT_6","Sensor","HTTP",148,1858,0.081,31.9,35.2,39.9,77,5,78,-475,1.1,96.4,0,"Normal",0
2025-11-07 03:25:00,"IIOT_2","Sensor","Modbus",99,2483,0.019,30.1,46.7,38.2,110,9,-49,625,1.55,88.8,0,"Normal",0
2025-11-07 03:30:00,"IIOT_10","Sensor","HTTP",177,2191,0.035,29.7,86.9,36.8,111,5,78,-292,2.93,109.4,0,"DoS",1
2025-11-07 03:35:00,"IIOT_2","Actuator","Modbus",104,1367,0.016,35.2,45,47.9,72,3,-73,-824,1.28,96.4,0,"Normal",0
2025-11-07 03:40:00,"IIOT_9","Sensor","Modbus",132,3254,0.007,30.5,64.9,36.5,1,10,28,1887,2.13,74.2,0,"Normal",0
2025-11-07 03:45:00,"IIOT_8","Controller","HTTP",145,1867,0.051,43,43.9,50.1,108,2,13,-1387,1.02,80.4,0,"Normal",0
2025-11-07 03:50:00,"IIOT_5","Sensor","Modbus",114,1934,0.044,23.9,42.3,58.4,33,6,-31,67,1.77,65,0,"Normal",0
2025-11-07 03:55:00,"IIOT_9","Sensor","Modbus",51,2327,0.036,36.4,33.8,44.9,114,7,-63,393,0.93,65.6,0,"Data Injection",1
2025-11-07 04:00:00,"IIOT_9","Controller","Modbus",201,1380,0.099,32.9,82,72.8,129,7,150,-947,2.49,77,0,"Normal",0
2025-11-07 04:05:00,"IIOT_2","Sensor","HTTP",76,2059,0.007,25.2,78.2,67.8,-5,2,-125,679,3.1,75.8,0,"Normal",0
2025-11-07 04:10:00,"IIOT_1","Sensor","MQTT",115,2807,0.038,25.8,76.9,75,133,4,39,748,2.98,80.8,0,"Normal",0
2025-11-07 04:15:00,"IIOT_2","Sensor","HTTP",101,2327,0.064,38.3,47.9,32.3,125,4,-14,-480,1.25,99.2,0,"MITM",1
2025-11-07 04:20:00,"IIOT_3","Sensor","MQTT",122,1862,0.075,28.9,58.9,30.9,29,2,21,-465,2.04,82.2,0,"DoS",1
2025-11-07 04:25:00,"IIOT_4","Sensor","HTTP",42,1376,0.032,29.8,58.5,79.4,134,6,-80,-486,1.96,83.2,0,"Normal",0
2025-11-07 04:30:00,"IIOT_2","Sensor","Modbus",82,1766,0.005,34.1,48.1,35.1,155,3,40,390,1.41,115.2,1,"Normal",0
2025-11-07 04:35:00,"IIOT_7","Sensor","MQTT",63,3067,0.08,29.2,44.4,34.3,108,7,-19,1301,1.52,110.2,0,"Spoofing",1
2025-11-07 04:40:00,"IIOT_4","Controller","Modbus",114,1928,0.019,29.8,24.6,72.8,144,9,51,-1139,0.83,114,0,"Data Injection",1
2025-11-07 04:45:00,"IIOT_1","Controller","MQTT",136,2436,0.056,25,56.8,52.7,130,7,22,508,2.27,134.2,0,"Data Injection",1
2025-11-07 04:50:00,"IIOT_10","Controller","HTTP",127,2887,0.047,37.9,21.3,82.8,63,8,-9,451,0.56,120,0,"Spoofing",1
2025-11-07 04:55:00,"IIOT_10","Actuator","MQTT",97,1610,0.022,26.7,87,58,16,4,-30,-1277,3.26,92.2,0,"Normal",0
2025-11-07 05:00:00,"IIOT_7","Actuator","HTTP",135,1227,0.014,31.9,57.9,42.6,42,4,38,-383,1.82,79,0,"Normal",0
2025-11-07 05:05:00,"IIOT_7","Controller","MQTT",107,2207,0.099,29.8,89.7,81.1,101,2,-28,980,3.01,70.4,0,"Spoofing",1
2025-11-07 05:10:00,"IIOT_9","Controller","HTTP",155,1500,0.039,45.4,36.3,65.8,141,5,48,-707,0.8,72.6,0,"Normal",0
2025-11-07 05:15:00,"IIOT_1","Controller","MQTT",127,1788,0.091,27.6,28.2,68.7,110,1,-28,288,1.02,82,0,"Normal",0
2025-11-07 05:20:00,"IIOT_9","Sensor","MQTT",154,2720,0.095,25.5,71.9,37.5,30,6,27,932,2.82,84.8,0,"Normal",0
2025-11-07 05:25:00,"IIOT_9","Actuator","Modbus",190,3079,0.004,24.8,79.6,76.4,119,1,36,359,3.21,100.2,0,"Normal",0
2025-11-07 05:30:00,"IIOT_3","Controller","Modbus",152,1766,0.057,26.1,70.5,45.2,119,5,-38,-1313,2.7,103.8,0,"Normal",0
2025-11-07 05:35:00,"IIOT_8","Actuator","MQTT",88,2269,0.063,31.9,50.2,32.9,96,9,-64,503,1.57,94.8,0,"Normal",0
2025-11-07 05:40:00,"IIOT_10","Controller","MQTT",157,3365,0.088,36.7,55.9,70.7,89,2,69,1096,1.52,90.6,0,"Spoofing",1
2025-11-07 05:45:00,"IIOT_2","Sensor","HTTP",134,2784,0.049,27.9,55.3,33.1,130,3,-23,-581,1.98,110.6,0,"Normal",0
2025-11-07 05:50:00,"IIOT_3","Actuator","Modbus",60,2158,0.009,32.7,40.7,56.1,139,4,-74,-626,1.24,114.6,0,"Normal",0
2025-11-07 05:55:00,"IIOT_6","Actuator","MQTT",97,2221,0.099,35,85,59.1,139,3,37,63,2.43,118.6,0,"Normal",0
2025-11-07 06:00:00,"IIOT_2","Controller","Modbus",122,304,0.053,35.1,69.6,69.7,136,2,25,-1917,1.98,126.6,0,"MITM",1
2025-11-07 06:05:00,"IIOT_7","Actuator","MQTT",72,2099,0.057,19.3,38.3,81.8,139,4,-50,1795,1.98,136.6,0,"DoS",1
2025-11-07 06:10:00,"IIOT_1","Sensor","HTTP",160,975,0.07,29.3,34.9,48.3,98,5,88,-1124,1.19,130.2,0,"Normal",0
2025-11-07 06:15:00,"IIOT_6","Sensor","MQTT",135,1722,0.02,36.9,37.5,51.5,166,6,-25,747,1.02,135.6,1,"Normal",0
2025-11-07 06:20:00,"IIOT_3","Actuator","MQTT",137,3219,0.074,26.6,63,58.5,35,7,2,1497,2.37,114.8,0,"Normal",0
2025-11-07 06:25:00,"IIOT_1","Sensor","Modbus",138,2011,0.033,32,30.7,75.7,145,3,1,-1208,0.96,116.6,0,"MITM",1
2025-11-07 06:30:00,"IIOT_6","Sensor","Modbus",98,1701,0.092,27.1,58.9,44,121,4,-40,-310,2.17,113,0,"Normal",0
2025-11-07 06:35:00,"IIOT_9","Actuator","HTTP",103,1253,0.081,24.6,23.9,48.3,137,10,5,-448,0.97,120.8,0,"MITM",1
2025-11-07 06:40:00,"IIOT_4","Sensor","MQTT",125,2303,0.059,40,22.1,44.5,126,4,22,1050,0.55,112.8,0,"MITM",1
2025-11-07 06:45:00,"IIOT_10","Controller","MQTT",119,2204,0.051,26.5,60.7,70.4,169,7,-6,-99,2.29,139.6,1,"Normal",0
2025-11-07 06:50:00,"IIOT_10","Sensor","HTTP",156,2244,0.036,29.3,52.4,79.9,113,8,37,40,1.79,133.2,0,"Normal",0
2025-11-07 06:55:00,"IIOT_7","Controller","MQTT",194,2084,0.023,34,82.7,66.3,109,4,38,-160,2.43,130.8,0,"MITM",1
2025-11-07 07:00:00,"IIOT_6","Sensor","Modbus",169,2050,0.079,28.6,25.7,63.4,130,8,-25,-34,0.9,129.4,0,"DoS",1
2025-11-07 07:05:00,"IIOT_2","Sensor","MQTT",101,2732,0.007,32.8,51.2,83.6,74,7,-68,682,1.56,119,0,"DoS",1
2025-11-07 07:10:00,"IIOT_5","Actuator","Modbus",115,1971,0.052,26.8,23.7,38.1,86,8,14,-761,0.88,102.4,0,"Normal",0
2025-11-07 07:15:00,"IIOT_5","Actuator","MQTT",75,1191,0.025,29.6,48.9,66.5,81,10,-40,-780,1.65,96,0,"Normal",0
2025-11-07 07:20:00,"IIOT_8","Actuator","MQTT",153,2091,0.045,32,22.8,38.8,75,3,78,900,0.71,89.2,0,"MITM",1
2025-11-07 07:25:00,"IIOT_3","Sensor","MQTT",109,1340,0.086,28.4,30.8,59,114,6,-44,-751,1.08,86,0,"Data Injection",1
2025-11-07 07:30:00,"IIOT_10","Sensor","MQTT",165,2252,0.034,43.9,40.4,50.7,59,5,56,912,0.92,83,0,"Data Injection",1
2025-11-07 07:35:00,"IIOT_6","Actuator","HTTP",178,966,0.01,24.2,26.8,71.1,116,9,13,-1286,1.11,89,0,"DoS",1
2025-11-07 07:40:00,"IIOT_2","Sensor","MQTT",177,2343,0.004,26.7,27.8,51.3,61,5,-1,1377,1.04,85,0,"DoS",1
2025-11-07 07:45:00,"IIOT_4","Sensor","Modbus",120,1532,0.029,29.3,56.5,59.6,122,10,-57,-811,1.93,94.4,0,"Normal",0
2025-11-07 07:50:00,"IIOT_3","Sensor","MQTT",161,2713,0.031,35.6,28.6,45,114,3,41,1181,0.8,94.4,0,"Spoofing",1
2025-11-07 07:55:00,"IIOT_4","Sensor","MQTT",143,2158,0.077,36.6,39.4,47.2,88,2,-18,-555,1.08,100.2,0,"Data Injection",1
2025-11-07 08:00:00,"IIOT_9","Sensor","HTTP",140,1759,0.016,31.9,48.1,57.1,86,7,-3,-399,1.51,94.2,0,"Normal",0
2025-11-07 08:05:00,"IIOT_9","Actuator","HTTP",87,2115,0.054,34.2,30.4,32.8,76,10,-53,356,0.89,97.2,0,"Data Injection",1
2025-11-07 08:10:00,"IIOT_4","Sensor","Modbus",58,2482,0.097,32.9,49.3,57.8,66,7,-29,367,1.5,86,0,"Normal",0
2025-11-07 08:15:00,"IIOT_8","Controller","Modbus",181,1621,0.049,29.3,56.6,54.5,149,10,123,-861,1.93,93,0,"Normal",0
2025-11-07 08:20:00,"IIOT_5","Sensor","HTTP",76,3156,0.056,31.4,35.9,61.9,45,5,-105,1535,1.14,84.4,0,"DoS",1
2025-11-07 08:25:00,"IIOT_9","Sensor","HTTP",160,1124,0.038,27.6,65.3,39.8,103,2,84,-2032,2.37,87.8,0,"DoS",1
2025-11-07 08:30:00,"IIOT_2","Sensor","MQTT",117,2096,0.037,27.1,72.8,48.1,64,10,-43,972,2.69,85.4,0,"Normal",0
2025-11-07 08:35:00,"IIOT_1","Controller","HTTP",141,2183,0.013,25.7,54.7,35.7,112,9,24,87,2.13,94.6,0,"Normal",0
2025-11-07 08:40:00,"IIOT_5","Sensor","Modbus",95,1034,0.018,29.1,34.2,72,78,4,-46,-1149,1.18,80.4,0,"Normal",0
2025-11-07 08:45:00,"IIOT_1","Controller","HTTP",133,2102,0.019,32.9,74.9,61.5,96,2,38,1068,2.28,90.6,0,"Normal",0
2025-11-07 08:50:00,"IIOT_10","Sensor","Modbus",188,2549,0.04,32.9,62.6,32.8,107,8,55,447,1.9,91.4,0,"Spoofing",1
2025-11-07 08:55:00,"IIOT_10","Actuator","Modbus",109,1052,0.035,23.7,64.4,77.7,20,6,-79,-1497,2.72,82.6,0,"Normal",0
2025-11-07 09:00:00,"IIOT_6","Sensor","Modbus",101,1262,0.037,20.6,63.8,53.5,179,3,-8,210,3.1,96,1,"Normal",0
2025-11-07 09:05:00,"IIOT_10","Controller","Modbus",75,1425,0.039,30.3,60.5,61.7,35,3,-26,163,2,87.4,0,"MITM",1
2025-11-07 09:10:00,"IIOT_10","Sensor","MQTT",120,1800,0.069,27.3,71.9,77,100,5,45,375,2.63,88.2,0,"Normal",0
2025-11-07 09:15:00,"IIOT_2","Actuator","MQTT",131,2090,0.084,21,75.5,60.6,127,3,11,290,3.6,92.2,0,"MITM",1
2025-11-07 09:20:00,"IIOT_6","Sensor","HTTP",140,1838,0.038,20,70.2,77.5,80,2,9,-252,3.51,104.2,0,"Normal",0
2025-11-07 09:25:00,"IIOT_9","Controller","MQTT",141,2410,0.06,22.9,84.7,58.1,173,6,1,572,3.7,103,1,"MITM",1
2025-11-07 09:30:00,"IIOT_2","Actuator","MQTT",76,4170,0.015,36.8,42.8,50.7,172,2,-65,1760,1.16,130.4,1,"MITM",1
2025-11-07 09:35:00,"IIOT_6","Controller","MQTT",101,1790,0.029,26.8,35.3,41,108,10,25,-2380,1.32,132,0,"Normal",0
2025-11-07 09:40:00,"IIOT_8","Actuator","Modbus",107,2289,0.006,31.4,89.2,32.8,93,4,6,499,2.84,125.2,0,"Normal",0
2025-11-07 09:45:00,"IIOT_7","Actuator","HTTP",78,1926,0.055,35.7,25.6,42.4,-19,9,-29,-363,0.72,105.4,0,"Normal",0
2025-11-07 09:50:00,"IIOT_7","Sensor","MQTT",148,1521,0.069,23.6,75.6,80.1,103,7,70,-405,3.2,91.4,0,"MITM",1
2025-11-07 09:55:00,"IIOT_8","Sensor","Modbus",134,1077,0.056,23.5,66.3,66.7,91,4,-14,-444,2.82,75.2,0,"DoS",1
2025-11-07 10:00:00,"IIOT_3","Sensor","HTTP",70,1419,0.094,25.9,48.4,54.8,27,5,-64,342,1.87,59,0,"Data Injection",1
2025-11-07 10:05:00,"IIOT_6","Actuator","Modbus",170,2198,0.006,31.4,65.5,54.1,198,2,100,779,2.09,80,1,"MITM",1
2025-11-07 10:10:00,"IIOT_9","Controller","HTTP",160,3023,0.056,28,61.6,69.9,108,6,-10,825,2.2,105.4,0,"MITM",1
2025-11-07 10:15:00,"IIOT_8","Controller","MQTT",17,537,0.037,23.7,31.9,39.8,178,5,-143,-2486,1.35,120.4,1,"Normal",0
2025-11-07 10:20:00,"IIOT_7","Controller","MQTT",93,3678,0.082,32.3,34.7,71.8,33,1,76,3141,1.07,108.8,0,"Normal",0
2025-11-07 10:25:00,"IIOT_9","Actuator","Modbus",67,1360,0.016,29.3,44.6,30.7,33,8,-26,-2318,1.52,110,0,"Normal",0
2025-11-07 10:30:00,"IIOT_8","Sensor","Modbus",203,1908,0.008,34,26.3,74,95,2,136,548,0.77,89.4,0,"Normal",0
2025-11-07 10:35:00,"IIOT_2","Sensor","HTTP",138,2195,0.032,33.6,84.8,69.5,147,10,-65,287,2.52,97.2,0,"Normal",0
2025-11-07 10:40:00,"IIOT_7","Controller","MQTT",111,2931,0.086,29,51.8,47,83,7,-27,736,1.79,78.2,0,"Normal",0
2025-11-07 10:45:00,"IIOT_10","Sensor","MQTT",144,1639,0.016,23,55.6,50,144,4,33,-1292,2.42,100.4,0,"DoS",1
2025-11-07 10:50:00,"IIOT_2","Controller","HTTP",115,3432,0.057,25.7,76.4,66.6,84,9,-29,1793,2.97,110.6,0,"Normal",0
2025-11-07 10:55:00,"IIOT_10","Actuator","HTTP",171,1904,0.064,36.7,90,84.5,112,2,56,-1528,2.45,114,0,"Normal",0
2025-11-07 11:00:00,"IIOT_1","Actuator","Modbus",98,1659,0.096,32.1,47.9,31.4,114,8,-73,-245,1.49,107.4,0,"MITM",1
2025-11-07 11:05:00,"IIOT_8","Sensor","MQTT",118,2233,0.093,27.4,60.5,49.5,91,2,20,574,2.21,109,0,"Normal",0
2025-11-07 11:10:00,"IIOT_1","Controller","Modbus",102,1760,0.006,25.4,74.3,58.8,79,8,-16,-473,2.93,96,0,"Normal",0
2025-11-07 11:15:00,"IIOT_2","Controller","MQTT",152,1165,0.087,29.8,48.9,31.9,104,10,50,-595,1.64,100,0,"Normal",0
2025-11-07 11:20:00,"IIOT_5","Actuator","Modbus",151,2611,0.025,40.2,22,52.3,76,4,-1,1446,0.55,92.8,0,"Spoofing",1
2025-11-07 11:25:00,"IIOT_3","Sensor","MQTT",87,1875,0.07,35.1,59,37.3,174,9,-64,-736,1.68,104.8,1,"DoS",1
2025-11-07 11:30:00,"IIOT_9","Sensor","MQTT",98,1823,0.095,33.5,37.7,40.9,129,4,11,-52,1.13,112.4,0,"MITM",1
2025-11-07 11:35:00,"IIOT_3","Actuator","Modbus",125,1381,0.065,27.6,70.4,49.5,142,3,27,-442,2.55,125,0,"Normal",0
2025-11-07 11:40:00,"IIOT_4","Sensor","Modbus",173,1319,0,30.3,56.4,36.2,154,2,48,-62,1.86,135,1,"Normal",0
2025-11-07 11:45:00,"IIOT_5","Sensor","HTTP",145,1831,0.001,34.2,23.1,55.6,54,6,-28,512,0.68,130.6,0,"DoS",1
2025-11-07 11:50:00,"IIOT_8","Actuator","MQTT",-2,2714,0.079,24.5,55.1,40.4,70,10,-147,883,2.25,109.8,0,"DoS",1
2025-11-07 11:55:00,"IIOT_9","Controller","MQTT",96,1722,0.018,29.1,89.5,83.9,71,3,98,-992,3.08,98.2,0,"Spoofing",1
2025-11-07 12:00:00,"IIOT_3","Sensor","MQTT",118,1626,0.088,28,50,47.9,128,4,22,-96,1.79,95.4,0,"Normal",0
2025-11-07 12:05:00,"IIOT_3","Sensor","HTTP",191,1583,0.099,34.2,71.6,43.1,113,9,73,-43,2.09,87.2,0,"Normal",0
2025-11-07 12:10:00,"IIOT_9","Actuator","MQTT",131,2268,0.04,38.7,71.3,78,118,7,-60,685,1.84,100,0,"MITM",1
2025-11-07 12:15:00,"IIOT_1","Actuator","HTTP",153,1424,0.044,29.3,26.6,56.9,130,6,22,-844,0.91,112,0,"Normal",0
2025-11-07 12:20:00,"IIOT_8","Sensor","MQTT",170,3534,0.018,26.6,59.8,67,144,6,17,2110,2.25,126.6,0,"Normal",0
2025-11-07 12:25:00,"IIOT_5","Sensor","MQTT",82,1519,0.018,34.7,67.8,36.4,130,3,-88,-2015,1.95,127,0,"Normal",0
2025-11-07 12:30:00,"IIOT_10","Sensor","Modbus",207,1251,0.069,32.3,20.8,38.9,21,7,125,-268,0.64,108.6,0,"Normal",0
2025-11-07 12:35:00,"IIOT_4","Actuator","MQTT",41,2665,0.078,33.7,53.7,31.4,126,5,-166,1414,1.59,110.2,0,"DoS",1
2025-11-07 12:40:00,"IIOT_9","Actuator","HTTP",178,1346,0.008,31.6,79.7,68.2,154,3,137,-1319,2.52,115,1,"MITM",1
2025-11-07 12:45:00,"IIOT_5","Actuator","Modbus",95,1083,0.016,22.4,41.7,59.6,52,3,-83,-263,1.86,96.6,0,"Data Injection",1
2025-11-07 12:50:00,"IIOT_10","Actuator","Modbus",111,2854,0.052,35,48.6,63.2,57,4,16,1771,1.39,82,0,"Data Injection",1
2025-11-07 12:55:00,"IIOT_10","Sensor","HTTP",158,1960,0.055,25.8,56.5,71.6,109,9,47,-894,2.19,99.6,0,"Normal",0
2025-11-07 13:00:00,"IIOT_4","Controller","MQTT",102,3031,0.052,36.1,36.2,60.2,147,5,-56,1071,1,103.8,0,"Normal",0
2025-11-07 13:05:00,"IIOT_10","Actuator","MQTT",135,1794,0.013,30.6,70.8,33.6,104,4,33,-1237,2.31,93.8,0,"Normal",0
2025-11-07 13:10:00,"IIOT_9","Sensor","MQTT",84,2264,0.065,31.5,32.8,41.6,133,5,-51,470,1.04,110,0,"Normal",0
2025-11-07 13:15:00,"IIOT_4","Sensor","Modbus",132,1071,0.055,31.1,52.5,46,150,6,48,-1193,1.69,128.6,0,"Data Injection",1
2025-11-07 13:20:00,"IIOT_6","Actuator","Modbus",147,1701,0.041,22.2,34,37,99,1,15,630,1.53,126.6,0,"Data Injection",1
2025-11-07 13:25:00,"IIOT_9","Sensor","HTTP",107,2775,0.093,35.1,65,72.1,37,7,-40,1074,1.85,104.6,0,"MITM",1
2025-11-07 13:30:00,"IIOT_3","Controller","MQTT",113,3339,0.066,26.4,33.4,42.7,132,2,6,564,1.27,110.2,0,"Data Injection",1
2025-11-07 13:35:00,"IIOT_9","Actuator","HTTP",61,1649,0.022,31.8,25.2,65.2,88,10,-52,-1690,0.79,101.2,0,"Normal",0
2025-11-07 13:40:00,"IIOT_9","Actuator","Modbus",118,2278,0.036,32.1,82.5,40.8,105,4,57,629,2.57,92.2,0,"DoS",1
2025-11-07 13:45:00,"IIOT_3","Sensor","HTTP",87,1560,0.092,28.7,85.1,35,112,6,-31,-718,2.97,94.8,0,"Data Injection",1
2025-11-07 13:50:00,"IIOT_7","Actuator","HTTP",130,2853,0.027,28.5,56.6,57.2,201,4,43,1293,1.99,127.6,1,"Normal",0
2025-11-07 13:55:00,"IIOT_7","Sensor","HTTP",122,2420,0.065,32.8,49.8,81.2,134,1,-8,-433,1.52,128,0,"Normal",0
2025-11-07 14:00:00,"IIOT_7","Actuator","Modbus",158,1842,0.005,22.8,47.3,79.8,86,8,36,-578,2.07,127.6,0,"Normal",0
2025-11-07 14:05:00,"IIOT_5","Sensor","MQTT",71,1753,0.015,19.7,69.6,39.4,91,4,-87,-89,3.53,124.8,0,"Normal",0
2025-11-07 14:10:00,"IIOT_9","Sensor","Modbus",137,1786,0.009,32.3,53.5,43.5,170,6,66,33,1.66,136.4,1,"DoS",1
2025-11-07 14:15:00,"IIOT_9","Sensor","HTTP",53,2971,0.071,25.6,52.2,34.9,133,5,-84,1185,2.04,122.8,0,"Spoofing",1
2025-11-07 14:20:00,"IIOT_5","Actuator","Modbus",131,2060,0.07,28.8,59.5,50.7,46,5,78,-911,2.07,105.2,0,"DoS",1
2025-11-07 14:25:00,"IIOT_8","Actuator","MQTT",143,704,0.049,24.7,79.3,81.3,173,8,12,-1356,3.21,122.6,1,"Normal",0
2025-11-07 14:30:00,"IIOT_6","Sensor","Modbus",64,1774,0.068,32.8,73,78.4,38,1,-79,1070,2.23,112,0,"Normal",0
2025-11-07 14:35:00,"IIOT_8","Sensor","HTTP",144,1764,0.033,42.1,89.5,75.6,170,1,80,-10,2.13,112,1,"Normal",0
2025-11-07 14:40:00,"IIOT_1","Actuator","HTTP",158,3087,0.073,21.2,39.3,57.8,80,10,14,1323,1.85,101.4,0,"Normal",0
2025-11-07 14:45:00,"IIOT_7","Controller","MQTT",142,2464,0.074,27.3,61,75,88,6,-16,-623,2.23,109.8,0,"Normal",0
2025-11-07 14:50:00,"IIOT_4","Sensor","Modbus",144,2665,0.06,32.1,27.6,49.3,69,4,2,201,0.86,89,0,"Data Injection",1
2025-11-07 14:55:00,"IIOT_5","Actuator","HTTP",103,3094,0.039,31.3,41.7,56.9,51,7,-41,429,1.33,91.6,0,"Normal",0
2025-11-07 15:00:00,"IIOT_4","Sensor","MQTT",75,1620,0.092,23.4,44.3,46.3,109,2,-28,-1474,1.89,79.4,0,"Normal",0
2025-11-07 15:05:00,"IIOT_4","Actuator","Modbus",87,1911,0.08,29.8,51.7,76.7,103,4,12,291,1.73,84,0,"MITM",1
2025-11-07 15:10:00,"IIOT_5","Sensor","MQTT",172,2292,0.019,32.1,49.7,61,117,9,85,381,1.55,89.8,0,"Normal",0
2025-11-07 15:15:00,"IIOT_3","Sensor","Modbus",129,1787,0.001,35.2,88.2,54.1,90,4,-43,-505,2.51,94,0,"Data Injection",1
2025-11-07 15:20:00,"IIOT_1","Sensor","HTTP",151,2535,0.025,30.9,71.1,82.2,130,8,22,748,2.3,109.8,0,"Normal",0
2025-11-07 15:25:00,"IIOT_4","Sensor","MQTT",128,1731,0.036,29.2,36,51.8,100,1,-23,-804,1.23,108,0,"Normal",0
2025-11-07 15:30:00,"IIOT_9","Sensor","HTTP",138,1705,0.07,21.5,39.7,70,82,7,10,-26,1.85,103.8,0,"Normal",0
2025-11-07 15:35:00,"IIOT_4","Actuator","Modbus",129,3282,0.009,28.2,66,83.3,136,8,-9,1577,2.34,107.6,0,"DoS",1
2025-11-07 15:40:00,"IIOT_1","Actuator","Modbus",146,2282,0.072,31,90,42.5,100,8,17,-1000,2.9,109.6,0,"DoS",1
2025-11-07 15:45:00,"IIOT_9","Actuator","Modbus",151,907,0.021,29.1,65.4,32.6,83,2,5,-1375,2.25,100.2,0,"Normal",0
2025-11-07 15:50:00,"IIOT_5","Actuator","Modbus",105,521,0.01,33.9,47.1,77,77,7,-46,-386,1.39,95.6,0,"DoS",1
2025-11-07 15:55:00,"IIOT_6","Sensor","MQTT",119,2046,0.093,28.4,87.2,36.8,104,2,14,1525,3.07,100,0,"Spoofing",1
2025-11-07 16:00:00,"IIOT_8","Sensor","MQTT",121,2406,0.039,19,83.4,80.6,81,1,2,360,4.39,89,0,"Normal",0
2025-11-07 16:05:00,"IIOT_1","Actuator","MQTT",2,1521,0.1,30.8,45.6,30.7,129,9,-119,-885,1.48,94.8,0,"Normal",0
2025-11-07 16:10:00,"IIOT_2","Sensor","HTTP",188,1051,0.086,25.3,23.8,50.9,97,2,186,-470,0.94,97.6,0,"Data Injection",1
2025-11-07 16:15:00,"IIOT_7","Actuator","HTTP",120,2904,0.025,33,24.3,39.4,167,2,-68,1853,0.74,115.6,1,"MITM",1
2025-11-07 16:20:00,"IIOT_3","Controller","MQTT",144,2090,0.076,28.7,32.3,40.8,140,7,24,-814,1.13,122.8,0,"Normal",0
2025-11-07 16:25:00,"IIOT_3","Actuator","Modbus",114,1992,0.062,25.5,74.2,81.1,181,9,-30,-98,2.91,142.8,1,"Normal",0
2025-11-07 16:30:00,"IIOT_5","Sensor","MQTT",152,2335,0.033,29.2,62.1,80.8,72,6,38,343,2.13,131.4,0,"DoS",1
2025-11-07 16:35:00,"IIOT_10","Actuator","Modbus",70,531,0.07,31.6,60,53,155,3,-82,-1804,1.9,143,1,"Normal",0
2025-11-07 16:40:00,"IIOT_1","Actuator","HTTP",124,2628,0.061,30.6,63.3,52.6,122,8,54,2097,2.07,134,0,"Normal",0
2025-11-07 16:45:00,"IIOT_4","Actuator","HTTP",40,2036,0.039,31.3,89.5,51,79,8,-84,-592,2.86,121.8,0,"DoS",1
2025-11-07 16:50:00,"IIOT_10","Sensor","Modbus",96,1495,0.069,34.4,85.4,43.7,75,4,56,-541,2.48,100.6,0,"Normal",0
2025-11-07 16:55:00,"IIOT_5","Sensor","MQTT",72,1691,0.005,32.7,40.8,43.7,89,3,-24,196,1.25,104,0,"Normal",0
2025-11-07 17:00:00,"IIOT_3","Sensor","MQTT",128,2400,0.036,31.2,70.8,31.4,57,6,56,709,2.27,84.4,0,"Normal",0
2025-11-07 17:05:00,"IIOT_6","Controller","Modbus",169,2760,0.059,25.2,82.7,83.9,42,9,41,360,3.28,68.4,0,"Normal",0
2025-11-07 17:10:00,"IIOT_5","Sensor","Modbus",77,1565,0.018,35.2,49.8,77,78,9,-92,-1195,1.41,68.2,0,"Spoofing",1
2025-11-07 17:15:00,"IIOT_1","Actuator","HTTP",91,1270,0.075,38.6,62.2,56.8,116,7,14,-295,1.61,76.4,0,"Normal",0
2025-11-07 17:20:00,"IIOT_8","Actuator","MQTT",150,594,0.062,21.4,88.1,57.6,213,5,59,-676,4.12,101.2,1,"Normal",0
2025-11-07 17:25:00,"IIOT_8","Actuator","MQTT",69,1824,0.085,22.8,37.1,75.9,157,2,-81,1230,1.63,121.2,1,"Normal",0
2025-11-07 17:30:00,"IIOT_10","Actuator","HTTP",170,1940,0.081,34,52.2,72.7,102,10,101,116,1.54,133.2,0,"MITM",1
2025-11-07 17:35:00,"IIOT_7","Sensor","Modbus",144,2007,0.035,24.7,29.9,53.8,134,2,-26,67,1.21,144.4,0,"Normal",0
2025-11-07 17:40:00,"IIOT_5","Sensor","MQTT",187,2341,0.095,36.4,71.3,48.9,93,8,43,334,1.96,139.8,0,"Spoofing",1
2025-11-07 17:45:00,"IIOT_10","Sensor","Modbus",139,1954,0.097,38.7,24.3,83.3,121,8,-48,-387,0.63,121.4,0,"MITM",1
2025-11-07 17:50:00,"IIOT_5","Sensor","MQTT",163,1673,0.039,27.6,54.1,80.1,120,7,24,-281,1.96,114,0,"DoS",1
2025-11-07 17:55:00,"IIOT_1","Sensor","MQTT",115,2952,0.025,31.7,20.4,82.7,148,8,-48,1279,0.64,123.2,0,"DoS",1
2025-11-07 18:00:00,"IIOT_1","Sensor","MQTT",101,2132,0.068,36.6,83.5,58.4,57,4,-14,-820,2.28,107.8,0,"Normal",0
2025-11-07 18:05:00,"IIOT_10","Sensor","HTTP",146,3745,0.091,29.6,78.9,44.9,113,10,45,1613,2.67,111.8,0,"Normal",0
2025-11-07 18:10:00,"IIOT_10","Controller","MQTT",140,1083,0.076,29.3,54.8,69,90,5,-6,-2662,1.87,105.6,0,"Normal",0
2025-11-07 18:15:00,"IIOT_2","Sensor","MQTT",62,2177,0.014,33.5,64.2,78.8,172,8,-78,1094,1.92,116,1,"Data Injection",1
2025-11-07 18:20:00,"IIOT_8","Sensor","HTTP",64,2296,0.099,33.9,56.6,41.2,93,3,2,119,1.67,105,0,"Normal",0
2025-11-07 18:25:00,"IIOT_3","Actuator","MQTT",39,2806,0.044,29.7,85.3,82.9,152,5,-25,510,2.87,124,1,"DoS",1
2025-11-07 18:30:00,"IIOT_10","Sensor","MQTT",121,1715,0.096,27.8,73.1,71.2,86,5,82,-1091,2.63,118.6,0,"Normal",0
2025-11-07 18:35:00,"IIOT_1","Sensor","Modbus",116,1471,0.016,33.5,84.1,73.1,154,1,-5,-244,2.51,131.4,1,"Normal",0
2025-11-07 18:40:00,"IIOT_1","Sensor","MQTT",146,317,0.052,34.4,90,70,129,2,30,-1154,2.62,122.8,0,"Normal",0
2025-11-07 18:45:00,"IIOT_7","Controller","MQTT",116,650,0.055,28.8,22,66.7,66,8,-30,333,0.76,117.4,0,"Normal",0
2025-11-07 18:50:00,"IIOT_1","Controller","MQTT",135,1579,0.078,24.6,24,37.7,60,2,19,929,0.98,99,0,"Normal",0
2025-11-07 18:55:00,"IIOT_10","Sensor","MQTT",197,2499,0.009,34.4,74.2,83.7,67,8,62,920,2.16,95.2,0,"Normal",0
2025-11-07 19:00:00,"IIOT_9","Controller","Modbus",17,3110,0.021,28.1,68.5,77.7,124,8,-180,611,2.44,89.2,0,"Normal",0
2025-11-07 19:05:00,"IIOT_8","Controller","Modbus",109,2389,0.067,35.8,76.3,74,66,3,92,-721,2.13,76.6,0,"Spoofing",1
2025-11-07 19:10:00,"IIOT_1","Actuator","HTTP",127,1595,0.04,30.9,35.9,50.5,93,6,18,-794,1.16,82,0,"DoS",1
2025-11-07 19:15:00,"IIOT_3","Sensor","HTTP",149,2007,0.005,33.1,89.4,42.7,66,2,22,412,2.7,83.2,0,"Normal",0
2025-11-07 19:20:00,"IIOT_4","Actuator","HTTP",181,1801,0.045,24.4,46.6,65,145,6,32,-206,1.91,98.8,0,"Normal",0
2025-11-07 19:25:00,"IIOT_1","Sensor","MQTT",93,2255,0.023,26.3,35.8,50.7,104,7,-88,454,1.36,94.8,0,"Data Injection",1
2025-11-07 19:30:00,"IIOT_9","Sensor","MQTT",184,1820,0.002,15.6,56.2,55,52,8,91,-435,3.6,92,0,"Normal",0
2025-11-07 19:35:00,"IIOT_1","Sensor","MQTT",130,1074,0.077,33,87.1,38.1,192,9,-54,-746,2.64,111.8,1,"MITM",1
2025-11-07 19:40:00,"IIOT_2","Sensor","Modbus",103,1397,0.046,23.8,71.3,73.1,71,6,-27,323,3,112.8,0,"Data Injection",1
2025-11-07 19:45:00,"IIOT_7","Controller","Modbus",196,1987,0.064,28.1,34.6,30.6,99,6,93,590,1.23,103.6,0,"Normal",0
2025-11-07 19:50:00,"IIOT_8","Controller","MQTT",122,4266,0.013,36.6,29.1,62.6,72,4,-74,2279,0.8,97.2,0,"Data Injection",1
2025-11-07 19:55:00,"IIOT_4","Sensor","Modbus",133,1888,0.033,32.5,40.6,37.6,65,6,11,-2378,1.25,99.8,0,"MITM",1
2025-11-07 20:00:00,"IIOT_6","Controller","MQTT",130,2392,0.018,32.5,82.8,37.3,105,6,-3,504,2.55,82.4,0,"Normal",0
2025-11-07 20:05:00,"IIOT_10","Controller","Modbus",110,2107,0.014,25.3,37.4,74.8,57,2,-20,-285,1.48,79.6,0,"Normal",0
2025-11-07 20:10:00,"IIOT_1","Controller","MQTT",106,2873,0.045,32.5,31.9,77.3,82,10,-4,766,0.98,76.2,0,"Normal",0
2025-11-07 20:15:00,"IIOT_2","Actuator","Modbus",144,1758,0.024,40,34,46.8,65,3,38,-1115,0.85,74.8,0,"Spoofing",1
2025-11-07 20:20:00,"IIOT_6","Sensor","MQTT",133,2268,0.005,25.1,82.3,58.3,140,7,-11,510,3.28,89.8,0,"Normal",0
2025-11-07 20:25:00,"IIOT_2","Actuator","MQTT",100,2464,0.077,19.4,40.5,70.3,127,7,-33,196,2.09,94.2,0,"DoS",1
2025-11-07 20:30:00,"IIOT_10","Controller","MQTT",98,1470,0.066,25.2,31.6,48.7,193,3,-2,-994,1.25,121.4,1,"Normal",0
2025-11-07 20:35:00,"IIOT_6","Sensor","Modbus",100,1666,0.076,37.4,79.2,67.2,122,2,2,196,2.12,129.4,0,"Normal",0
2025-11-07 20:40:00,"IIOT_1","Controller","MQTT",95,1855,0.005,36.5,56.8,57.7,70,5,-5,189,1.56,130.4,0,"Normal",0
2025-11-07 20:45:00,"IIOT_6","Actuator","Modbus",203,1927,0.039,32.9,67.3,70.8,70,8,108,72,2.05,116.4,0,"Normal",0
2025-11-07 20:50:00,"IIOT_3","Actuator","Modbus",176,2079,0.089,31.2,83,45.4,29,3,-27,152,2.66,96.8,0,"Normal",0
2025-11-07 20:55:00,"IIOT_5","Sensor","Modbus",95,1651,0.01,42.7,70.3,79.4,101,7,-81,-428,1.65,78.4,0,"DoS",1
2025-11-07 21:00:00,"IIOT_5","Sensor","MQTT",212,2508,0.009,29.5,58.2,65.5,121,2,117,857,1.97,78.2,0,"Normal",0
2025-11-07 21:05:00,"IIOT_1","Sensor","Modbus",94,2067,0.013,31.7,68.1,48.9,93,6,-118,-441,2.15,82.8,0,"Normal",0
2025-11-07 21:10:00,"IIOT_10","Sensor","Modbus",136,3010,0.008,29.6,67.7,33.9,80,6,42,943,2.29,84.8,0,"Normal",0
2025-11-07 21:15:00,"IIOT_4","Sensor","HTTP",89,2923,0.044,32,59.4,40.1,67,5,-47,-87,1.86,92.4,0,"Normal",0
2025-11-07 21:20:00,"IIOT_9","Controller","Modbus",147,1750,0.017,35.7,87.4,53.6,136,2,58,-1173,2.45,99.4,0,"Data Injection",1
2025-11-07 21:25:00,"IIOT_6","Controller","Modbus",52,62,0.06,31.1,81.5,56.8,60,6,-95,-1688,2.62,87.2,0,"Normal",0
2025-11-07 21:30:00,"IIOT_6","Controller","HTTP",111,2551,0.006,30.1,79.1,36.1,135,1,59,2489,2.63,95.6,0,"MITM",1
2025-11-07 21:35:00,"IIOT_5","Sensor","MQTT",130,1927,0.071,35.5,28.3,78.7,144,4,19,-624,0.8,108.4,0,"Normal",0
2025-11-07 21:40:00,"IIOT_2","Actuator","MQTT",166,3205,0.004,27.6,28.2,59.1,146,5,36,1278,1.02,124.2,0,"Normal",0
2025-11-07 21:45:00,"IIOT_10","Sensor","Modbus",167,2203,0.072,36.5,89.1,49.9,93,9,1,-1002,2.44,115.6,0,"DoS",1
2025-11-07 21:50:00,"IIOT_4","Sensor","MQTT",175,1951,0.057,24.7,31.9,62.5,133,7,8,-252,1.29,130.2,0,"Spoofing",1
2025-11-07 21:55:00,"IIOT_7","Sensor","MQTT",58,1561,0.09,27.8,46.5,66.9,114,6,-117,-390,1.67,126,0,"Normal",0
2025-11-07 22:00:00,"IIOT_1","Actuator","Modbus",99,3895,0.074,31.1,23.8,51,94,3,41,2334,0.77,116,0,"DoS",1
2025-11-07 22:05:00,"IIOT_10","Actuator","HTTP",142,1912,0.077,27.5,23.9,54.4,106,1,43,-1983,0.87,108,0,"Spoofing",1
2025-11-07 22:10:00,"IIOT_2","Sensor","MQTT",94,1401,0.015,34.3,32.7,70.7,95,6,-48,-511,0.95,108.4,0,"Normal",0
2025-11-07 22:15:00,"IIOT_9","Controller","Modbus",66,2282,0.008,32.6,83.5,55.7,71,6,-28,881,2.56,96,0,"Normal",0
2025-11-07 22:20:00,"IIOT_9","Sensor","Modbus",127,2061,0.071,33.5,34.7,69.4,23,8,61,-221,1.04,77.8,0,"MITM",1
2025-11-07 22:25:00,"IIOT_1","Actuator","Modbus",86,2640,0.043,32,83.6,51.4,142,9,-41,579,2.61,87.4,0,"MITM",1
2025-11-07 22:30:00,"IIOT_8","Actuator","MQTT",109,704,0.001,35.4,66.7,72.2,129,7,23,-1936,1.88,92,0,"Normal",0
2025-11-07 22:35:00,"IIOT_1","Controller","Modbus",118,2696,0.017,37.9,29,84.5,122,2,9,1992,0.77,97.4,0,"Normal",0
2025-11-07 22:40:00,"IIOT_1","Controller","MQTT",118,1913,0.028,38.8,38,77.8,98,1,0,-783,0.98,102.8,0,"Data Injection",1
2025-11-07 22:45:00,"IIOT_7","Actuator","Modbus",114,2002,0.021,29.5,67.8,34,104,3,-4,89,2.3,119,0,"Data Injection",1
2025-11-07 22:50:00,"IIOT_6","Sensor","Modbus",118,3084,0.03,33.9,64.1,31.8,84,2,4,1082,1.89,107.4,0,"Normal",0
2025-11-07 22:55:00,"IIOT_6","Sensor","MQTT",36,2165,0.005,38.1,72.5,34.5,106,6,-82,-919,1.9,102.8,0,"Normal",0
2025-11-07 23:00:00,"IIOT_4","Sensor","MQTT",135,2005,0.025,27.4,57.5,75,125,3,99,-160,2.1,103.4,0,"DoS",1
2025-11-07 23:05:00,"IIOT_3","Controller","MQTT",153,2500,0.06,37.4,42.4,53.6,192,8,18,495,1.13,122.2,1,"Spoofing",1
2025-11-07 23:10:00,"IIOT_1","Sensor","MQTT",131,2562,0.039,27.7,65.6,43.8,128,3,-22,62,2.37,127,0,"Normal",0
2025-11-07 23:15:00,"IIOT_8","Controller","Modbus",119,2985,0.021,30.7,78.6,49.1,95,2,-12,423,2.56,129.2,0,"Normal",0
2025-11-07 23:20:00,"IIOT_5","Sensor","MQTT",102,3798,0.046,25.4,74.1,49.5,69,5,-17,813,2.92,121.8,0,"Normal",0
2025-11-07 23:25:00,"IIOT_5","Sensor","MQTT",127,1111,0.076,21.9,73.3,81.3,73,2,25,-2687,3.35,111.4,0,"Normal",0
2025-11-07 23:30:00,"IIOT_9","Sensor","MQTT",187,2530,0.005,26.3,57.8,37.7,134,4,60,1419,2.2,99.8,0,"Normal",0
2025-11-07 23:35:00,"IIOT_9","Controller","MQTT",134,1783,0.064,30.4,83.3,57,56,2,-53,-747,2.74,85.4,0,"DoS",1
2025-11-07 23:40:00,"IIOT_9","Sensor","Modbus",162,1865,0.099,33.4,29.3,60.3,105,8,28,82,0.88,87.4,0,"Normal",0
2025-11-07 23:45:00,"IIOT_10","Sensor","HTTP",118,2162,0.015,33,89.1,48.2,124,10,-44,297,2.7,98.4,0,"DoS",1
2025-11-07 23:50:00,"IIOT_10","Sensor","MQTT",109,3298,0.085,29.6,75.1,59.5,91,7,-9,1136,2.54,102,0,"DoS",1
2025-11-07 23:55:00,"IIOT_8","Actuator","Modbus",1,3765,0.078,41.6,21.6,49.4,75,1,-108,467,0.52,90.2,0,"Normal",0
2025-11-08,"IIOT_8","Sensor","MQTT",87,2862,0.023,37.2,78.5,77,107,1,86,-903,2.11,100.4,0,"Normal",0
2025-11-08 00:05:00,"IIOT_7","Controller","MQTT",137,2206,0.025,29.1,25.8,65,103,9,50,-656,0.89,100,0,"Normal",0
2025-11-08 00:10:00,"IIOT_9","Actuator","MQTT",133,2066,0.097,22,34.6,65.9,60,4,-4,-140,1.57,87.2,0,"DoS",1
2025-11-08 00:15:00,"IIOT_2","Actuator","Modbus",61,2359,0.064,34.2,45.1,71.3,92,3,-72,293,1.32,87.4,0,"Normal",0
2025-11-08 00:20:00,"IIOT_1","Actuator","Modbus",144,1671,0.004,34.2,26.3,76.9,151,9,83,-688,0.77,102.6,1,"Normal",0
2025-11-08 00:25:00,"IIOT_5","Actuator","MQTT",115,2958,0.056,24.9,26.7,77.3,98,7,-29,1287,1.07,100.8,0,"DoS",1
2025-11-08 00:30:00,"IIOT_1","Actuator","Modbus",135,2409,0.08,27.4,82,45.1,97,10,20,-549,2.99,99.6,0,"Normal",0
2025-11-08 00:35:00,"IIOT_6","Sensor","MQTT",89,2873,0.008,31.2,56,59.9,118,1,-46,464,1.79,111.2,0,"MITM",1
2025-11-08 00:40:00,"IIOT_8","Sensor","Modbus",109,1450,0.023,27.5,80,31,139,1,20,-1423,2.91,120.6,0,"Normal",0
2025-11-08 00:45:00,"IIOT_2","Sensor","HTTP",110,2111,0.029,28.7,79.3,65.3,20,8,1,661,2.76,94.4,0,"MITM",1
2025-11-08 00:50:00,"IIOT_7","Actuator","Modbus",99,2324,0.062,19.1,57.4,79.9,148,4,-11,213,3.01,104.4,0,"DoS",1
2025-11-08 00:55:00,"IIOT_10","Sensor","Modbus",186,2099,0.024,36.2,54.8,56.8,86,4,87,-225,1.51,102.2,0,"DoS",1
2025-11-08 01:00:00,"IIOT_5","Sensor","MQTT",96,1092,0.014,32.1,53.4,58.4,16,8,-90,-1007,1.66,81.8,0,"Normal",0
2025-11-08 01:05:00,"IIOT_8","Sensor","Modbus",151,2242,0.025,28.6,45.5,79,103,9,55,1150,1.59,74.6,0,"Normal",0
2025-11-08 01:10:00,"IIOT_10","Sensor","Modbus",86,2560,0.042,22.7,70,61.4,145,2,-65,318,3.08,99.6,0,"Normal",0
2025-11-08 01:15:00,"IIOT_8","Controller","HTTP",163,1378,0.087,35.5,21.2,47.4,125,3,77,-1182,0.6,95,0,"Normal",0
2025-11-08 01:20:00,"IIOT_5","Controller","MQTT",16,1949,0.052,22.7,77.3,75.8,108,9,-147,571,3.41,99.4,0,"Normal",0
2025-11-08 01:25:00,"IIOT_9","Sensor","Modbus",250,1313,0.005,32.3,77.9,70.8,117,4,234,-636,2.41,119.6,0,"Normal",0
2025-11-08 01:30:00,"IIOT_8","Controller","Modbus",47,1564,0.021,21.1,25.9,70.6,102,5,-203,251,1.23,119.4,0,"Normal",0
2025-11-08 01:35:00,"IIOT_8","Sensor","HTTP",62,2528,0.062,30.1,77.6,37.6,129,5,15,964,2.58,116.2,0,"MITM",1
2025-11-08 01:40:00,"IIOT_2","Actuator","Modbus",145,1793,0.034,24.2,31,62.7,-9,3,83,-735,1.28,89.4,0,"Normal",0
2025-11-08 01:45:00,"IIOT_5","Sensor","Modbus",193,3623,0.073,33.4,75.4,39.6,85,5,48,1830,2.26,84.8,0,"DoS",1
2025-11-08 01:50:00,"IIOT_6","Controller","HTTP",118,2149,0.004,29.3,51.1,67.5,104,1,-75,-1474,1.74,82.2,0,"DoS",1
2025-11-08 01:55:00,"IIOT_3","Controller","HTTP",146,1148,0.001,35.8,54.6,49.1,97,5,28,-1001,1.53,81.2,0,"DoS",1
2025-11-08 02:00:00,"IIOT_8","Sensor","Modbus",112,2802,0.018,28.4,52.5,50.2,157,6,-34,1654,1.85,86.8,1,"Data Injection",1
2025-11-08 02:05:00,"IIOT_1","Actuator","HTTP",92,1565,0.078,33.5,49.8,35.7,123,10,-20,-1237,1.49,113.2,0,"Normal",0
2025-11-08 02:10:00,"IIOT_4","Sensor","Modbus",119,2045,0.062,38.8,73.1,68.9,215,2,27,480,1.88,139.2,1,"Normal",0
2025-11-08 02:15:00,"IIOT_7","Sensor","Modbus",163,1428,0.069,36.1,20,52.2,82,7,44,-617,0.55,134.8,0,"MITM",1
2025-11-08 02:20:00,"IIOT_6","Sensor","Modbus",71,2385,0.021,20.6,27.1,54.1,14,4,-92,957,1.32,118.2,0,"Normal",0
2025-11-08 02:25:00,"IIOT_8","Sensor","Modbus",93,2226,0.017,35.7,70.6,40,116,2,22,-159,1.98,110,0,"DoS",1
2025-11-08 02:30:00,"IIOT_1","Actuator","HTTP",89,2251,0.037,30.8,38.9,79.4,132,3,-4,25,1.26,111.8,0,"Spoofing",1
2025-11-08 02:35:00,"IIOT_1","Actuator","HTTP",93,2399,0.041,22.9,68.2,55.3,94,3,4,148,2.98,87.6,0,"MITM",1
2025-11-08 02:40:00,"IIOT_6","Sensor","HTTP",105,3123,0.075,21.2,89.6,44.4,108,6,12,724,4.23,92.8,0,"DoS",1
2025-11-08 02:45:00,"IIOT_3","Sensor","Modbus",43,2325,0.064,33.5,26.2,73.9,26,4,-62,-798,0.78,95.2,0,"Normal",0
2025-11-08 02:50:00,"IIOT_5","Controller","Modbus",145,2099,0.081,25.7,67.3,36.1,100,6,102,-226,2.62,92,0,"Normal",0
2025-11-08 02:55:00,"IIOT_5","Actuator","MQTT",189,2898,0.042,40.5,40.8,63.8,36,2,44,799,1.01,72.8,0,"Data Injection",1
2025-11-08 03:00:00,"IIOT_2","Sensor","Modbus",170,2044,0.068,35.9,61.3,50.9,104,4,-19,-854,1.71,74.8,0,"MITM",1
2025-11-08 03:05:00,"IIOT_4","Sensor","HTTP",164,640,0.084,32.1,69.4,47.7,93,4,-6,-1404,2.16,71.8,0,"Data Injection",1
2025-11-08 03:10:00,"IIOT_10","Actuator","MQTT",175,2092,0.004,18.2,67.5,52.6,180,6,11,1452,3.71,102.6,1,"Normal",0
2025-11-08 03:15:00,"IIOT_5","Sensor","MQTT",158,1794,0.041,29.6,55.3,79.5,90,3,-17,-298,1.87,100.6,0,"Normal",0
2025-11-08 03:20:00,"IIOT_7","Sensor","Modbus",108,1305,0.047,29.9,33.6,60.5,102,8,-50,-489,1.12,113.8,0,"Normal",0
2025-11-08 03:25:00,"IIOT_4","Actuator","MQTT",200,1747,0.072,29.9,22.4,37.7,79,5,92,442,0.75,108.8,0,"Normal",0
2025-11-08 03:30:00,"IIOT_10","Controller","Modbus",144,2400,0.09,23.4,63.3,48.5,116,9,-56,653,2.71,113.4,0,"Normal",0
2025-11-08 03:35:00,"IIOT_5","Actuator","Modbus",189,2811,0.053,26.8,32.7,68.8,85,9,45,411,1.22,94.4,0,"Normal",0
2025-11-08 03:40:00,"IIOT_3","Controller","HTTP",120,2382,0.016,23.9,52.9,57.8,85,7,-69,-429,2.21,93.4,0,"Normal",0
2025-11-08 03:45:00,"IIOT_5","Actuator","MQTT",172,1672,0.031,40.7,70.9,76.2,50,8,52,-710,1.74,83,0,"Normal",0
2025-11-08 03:50:00,"IIOT_8","Actuator","MQTT",120,2390,0.071,36.5,35.6,60.7,72,9,-52,718,0.98,81.6,0,"Data Injection",1
2025-11-08 03:55:00,"IIOT_3","Controller","Modbus",86,2061,0.088,38.9,31.9,50.8,51,6,-34,-329,0.82,68.6,0,"Spoofing",1
2025-11-08 04:00:00,"IIOT_3","Sensor","HTTP",65,983,0.021,32.1,54,36.4,31,4,-21,-1078,1.68,57.8,0,"MITM",1
2025-11-08 04:05:00,"IIOT_5","Sensor","MQTT",80,2182,0.08,40.2,59.4,78,103,8,15,1199,1.48,61.4,0,"Normal",0
2025-11-08 04:10:00,"IIOT_5","Controller","HTTP",160,2788,0.035,24.2,54.8,61.5,71,9,80,606,2.26,65.6,0,"DoS",1
2025-11-08 04:15:00,"IIOT_10","Actuator","Modbus",128,2271,0.079,24.4,75.7,70.1,61,2,-32,-517,3.1,63.4,0,"MITM",1
2025-11-08 04:20:00,"IIOT_5","Sensor","MQTT",100,1164,0.094,30.6,54.7,79.4,126,6,-28,-1107,1.79,78.4,0,"Data Injection",1
2025-11-08 04:25:00,"IIOT_5","Actuator","Modbus",34,1903,0.088,30.4,31,80.3,19,3,-66,739,1.02,76,0,"Normal",0
2025-11-08 04:30:00,"IIOT_4","Actuator","Modbus",136,2295,0.023,31.6,23.4,41.2,80,10,102,392,0.74,71.4,0,"Normal",0
2025-11-08 04:35:00,"IIOT_3","Sensor","Modbus",138,2277,0.083,30.8,80.8,37.3,103,9,2,-18,2.62,77.8,0,"Normal",0
2025-11-08 04:40:00,"IIOT_2","Actuator","MQTT",80,1941,0.026,32.6,74.3,79.4,130,9,-58,-336,2.28,91.6,0,"DoS",1
2025-11-08 04:45:00,"IIOT_4","Sensor","MQTT",109,3303,0.083,24.2,78.5,75.4,83,5,29,1362,3.24,83,0,"MITM",1
2025-11-08 04:50:00,"IIOT_9","Sensor","HTTP",77,1895,0.069,32.7,64.4,52.2,74,3,-32,-1408,1.97,94,0,"Data Injection",1
2025-11-08 04:55:00,"IIOT_9","Actuator","HTTP",61,2163,0.022,25.9,53.4,83,73,9,-16,268,2.06,92.6,0,"Normal",0
2025-11-08 05:00:00,"IIOT_7","Sensor","Modbus",156,1498,0.006,38.4,76.7,31.3,73,9,95,-665,2,86.6,0,"Data Injection",1
2025-11-08 05:05:00,"IIOT_10","Actuator","HTTP",186,2069,0.023,32.4,51.2,67.9,135,10,30,571,1.58,87.6,0,"Normal",0
2025-11-08 05:10:00,"IIOT_9","Controller","Modbus",80,1941,0.053,24.6,71.1,79.9,124,2,-106,-128,2.89,95.8,0,"Normal",0
2025-11-08 05:15:00,"IIOT_9","Actuator","Modbus",113,1670,0.012,23.5,55.5,65.3,98,8,33,-271,2.36,100.6,0,"DoS",1
2025-11-08 05:20:00,"IIOT_6","Actuator","MQTT",169,2043,0.065,36,28.7,75.4,104,9,56,373,0.8,106.8,0,"Normal",0
2025-11-08 05:25:00,"IIOT_6","Actuator","Modbus",117,2423,0.048,34.2,77.6,31.4,120,4,-52,380,2.27,116.2,0,"Normal",0
2025-11-08 05:30:00,"IIOT_10","Controller","Modbus",130,1998,0.086,35.7,76.1,52.8,71,7,13,-425,2.13,103.4,0,"Data Injection",1
2025-11-08 05:35:00,"IIOT_9","Actuator","Modbus",178,2204,0.02,24.5,31.1,30.6,58,5,48,206,1.27,90.2,0,"Data Injection",1
2025-11-08 05:40:00,"IIOT_4","Sensor","MQTT",91,2717,0.037,28.1,25.6,70.1,95,2,-87,513,0.91,89.6,0,"Normal",0
2025-11-08 05:45:00,"IIOT_3","Sensor","Modbus",128,2267,0.039,27.1,33.3,39.8,77,8,37,-450,1.23,84.2,0,"Normal",0
2025-11-08 05:50:00,"IIOT_3","Sensor","MQTT",169,1874,0.069,27.9,29.5,38,127,5,41,-393,1.06,85.6,0,"Normal",0
2025-11-08 05:55:00,"IIOT_2","Sensor","MQTT",121,1802,0.027,30.2,51,50.9,99,9,-48,-72,1.69,91.2,0,"Normal",0
2025-11-08 06:00:00,"IIOT_10","Sensor","HTTP",151,922,0.066,29.3,54.3,55,83,8,30,-880,1.85,96.2,0,"Data Injection",1
2025-11-08 06:05:00,"IIOT_6","Actuator","MQTT",125,2913,0.059,31,54.2,40.6,131,8,-26,1991,1.75,103.4,0,"MITM",1
2025-11-08 06:10:00,"IIOT_6","Actuator","MQTT",99,1638,0.065,29.5,35.3,61.1,68,8,-26,-1275,1.2,101.6,0,"Normal",0
2025-11-08 06:15:00,"IIOT_4","Actuator","MQTT",150,2239,0.069,25,46.4,41.9,72,9,51,601,1.86,90.6,0,"Normal",0
2025-11-08 06:20:00,"IIOT_6","Sensor","MQTT",150,2011,0.037,38.3,28.5,68.3,28,6,0,-228,0.74,76.4,0,"DoS",1
2025-11-08 06:25:00,"IIOT_4","Controller","HTTP",127,2326,0.024,19.8,62.3,34.4,202,4,-23,315,3.15,100.2,1,"Spoofing",1
2025-11-08 06:30:00,"IIOT_10","Sensor","Modbus",96,1991,0.069,32.9,52.3,45.6,111,9,-31,-335,1.59,96.2,0,"Normal",0
2025-11-08 06:35:00,"IIOT_3","Sensor","MQTT",116,2065,0.051,36,55.2,47.6,140,4,20,74,1.53,110.6,0,"Normal",0
2025-11-08 06:40:00,"IIOT_8","Actuator","Modbus",212,960,0.022,30.8,29.3,34.2,135,7,96,-1105,0.95,123.2,0,"Normal",0
2025-11-08 06:45:00,"IIOT_3","Sensor","Modbus",119,2237,0.091,33.8,56.5,38,104,7,-93,1277,1.67,138.4,0,"Normal",0
2025-11-08 06:50:00,"IIOT_1","Sensor","Modbus",77,1487,0.065,38.1,86.8,38.8,109,5,-42,-750,2.28,119.8,0,"Normal",0
2025-11-08 06:55:00,"IIOT_3","Sensor","MQTT",150,3337,0.002,21.8,64.6,54.1,77,5,73,1850,2.96,113,0,"DoS",1
2025-11-08 07:00:00,"IIOT_1","Controller","MQTT",83,1706,0.061,28.3,20.4,42.1,128,6,-67,-1631,0.72,110.6,0,"Spoofing",1
2025-11-08 07:05:00,"IIOT_4","Actuator","Modbus",85,1786,0.084,29.9,26.5,55.8,70,6,2,80,0.89,97.6,0,"DoS",1
2025-11-08 07:10:00,"IIOT_4","Actuator","MQTT",135,2042,0.035,31.4,42.1,53.6,82,6,50,256,1.34,93.2,0,"Normal",0
2025-11-08 07:15:00,"IIOT_2","Actuator","MQTT",197,2486,0.019,26.9,41.7,80.8,93,10,62,444,1.55,90,0,"Normal",0
2025-11-08 07:20:00,"IIOT_6","Sensor","Modbus",119,1444,0.003,24.5,88.1,71.4,92,5,-78,-1042,3.6,93,0,"Normal",0
2025-11-08 07:25:00,"IIOT_10","Actuator","MQTT",124,2332,0.076,28.4,42.1,51.5,111,2,5,888,1.48,89.6,0,"Normal",0
2025-11-08 07:30:00,"IIOT_1","Controller","Modbus",104,2827,0.08,30,36,53.4,110,3,-20,495,1.2,97.6,0,"Normal",0
2025-11-08 07:35:00,"IIOT_4","Actuator","MQTT",191,1425,0.026,34.5,26.8,79.8,188,2,87,-1402,0.78,118.8,1,"Normal",0
2025-11-08 07:40:00,"IIOT_4","Controller","Modbus",159,1248,0.097,29.4,83.7,38.1,116,7,-32,-177,2.85,123.4,0,"Data Injection",1
2025-11-08 07:45:00,"IIOT_8","Actuator","Modbus",199,891,0.032,28,42.6,75.7,181,2,40,-357,1.52,141.2,1,"Normal",0
2025-11-08 07:50:00,"IIOT_6","Controller","MQTT",110,2987,0.046,27.1,39,51.1,115,2,-89,2096,1.44,142,0,"Normal",0
2025-11-08 07:55:00,"IIOT_5","Controller","MQTT",114,1301,0.088,29.7,41.4,47.2,142,5,4,-1686,1.39,148.4,0,"Normal",0
2025-11-08 08:00:00,"IIOT_6","Actuator","Modbus",56,1741,0.055,26.7,23.4,48.4,131,4,-58,440,0.88,137,0,"Normal",0
2025-11-08 08:05:00,"IIOT_2","Controller","HTTP",85,2672,0.027,30.5,57.5,53.7,52,2,29,931,1.89,124.2,0,"Normal",0
2025-11-08 08:10:00,"IIOT_10","Actuator","Modbus",138,1795,0.047,25.5,56.3,56.9,48,5,53,-877,2.21,97.6,0,"MITM",1
2025-11-08 08:15:00,"IIOT_2","Controller","Modbus",146,2562,0.033,43.2,38.4,83.3,86,5,8,767,0.89,91.8,0,"Normal",0
2025-11-08 08:20:00,"IIOT_6","Actuator","Modbus",111,1659,0.093,40.8,76.1,58.7,82,10,-35,-903,1.87,79.8,0,"Normal",0
2025-11-08 08:25:00,"IIOT_8","Actuator","Modbus",159,2314,0.076,29,52.5,59.1,26,8,48,655,1.81,58.8,0,"Spoofing",1
2025-11-08 08:30:00,"IIOT_8","Actuator","Modbus",188,859,0.078,32.5,77.4,78.3,52,6,29,-1455,2.38,58.8,0,"Normal",0
2025-11-08 08:35:00,"IIOT_9","Actuator","MQTT",130,2071,0.06,32.1,55.5,79.1,58,8,-58,1212,1.73,60.8,0,"Normal",0
2025-11-08 08:40:00,"IIOT_5","Controller","MQTT",167,1893,0.048,23.8,73.7,48.8,62,6,37,-178,3.1,56,0,"Normal",0
2025-11-08 08:45:00,"IIOT_1","Sensor","Modbus",104,2336,0.006,28,79.8,79.5,141,4,-63,443,2.85,67.8,0,"Spoofing",1
2025-11-08 08:50:00,"IIOT_5","Sensor","Modbus",34,212,0.05,29.9,23.2,69.9,132,3,-70,-2124,0.78,89,0,"Normal",0
2025-11-08 08:55:00,"IIOT_4","Actuator","HTTP",99,3033,0.009,22.8,35.4,52.7,110,6,65,2821,1.55,100.6,0,"Data Injection",1
2025-11-08 09:00:00,"IIOT_2","Actuator","MQTT",65,1728,0.058,33.4,62.1,66.5,79,4,-34,-1305,1.86,104.8,0,"DoS",1
2025-11-08 09:05:00,"IIOT_5","Sensor","MQTT",111,2504,0.071,30.1,55.6,42.3,127,4,46,776,1.85,117.8,0,"Normal",0
2025-11-08 09:10:00,"IIOT_6","Sensor","HTTP",156,2662,0.011,32.6,57.4,54.3,107,7,45,158,1.76,111,0,"Normal",0
2025-11-08 09:15:00,"IIOT_4","Sensor","MQTT",99,3385,0.042,28.6,71.1,34.4,128,6,-57,723,2.49,110.2,0,"Normal",0
2025-11-08 09:20:00,"IIOT_10","Sensor","Modbus",149,1678,0.029,25.4,51.9,80.5,108,3,50,-1707,2.04,109.8,0,"Spoofing",1
2025-11-08 09:25:00,"IIOT_8","Controller","MQTT",74,2607,0.061,27.3,38.4,66.2,68,10,-75,929,1.41,107.6,0,"Normal",0
2025-11-08 09:30:00,"IIOT_9","Sensor","Modbus",113,2794,0.004,31.1,73.3,42.8,108,7,39,187,2.36,103.8,0,"DoS",1
2025-11-08 09:35:00,"IIOT_3","Sensor","Modbus",128,1729,0.079,39.7,90,40.6,74,2,15,-1065,2.27,97.2,0,"Normal",0
2025-11-08 09:40:00,"IIOT_4","Controller","MQTT",110,180,0.023,31.8,25.2,68.5,106,1,-18,-1549,0.79,92.8,0,"Normal",0
2025-11-08 09:45:00,"IIOT_4","Actuator","Modbus",122,2529,0.031,36.2,40,73.9,93,5,12,2349,1.1,89.8,0,"DoS",1
2025-11-08 09:50:00,"IIOT_9","Actuator","MQTT",108,1812,0.046,19.5,79.9,56.5,155,9,-14,-717,4.1,107.2,1,"DoS",1
2025-11-08 09:55:00,"IIOT_2","Actuator","MQTT",154,1010,0.019,26.8,82,35.3,86,4,46,-802,3.06,102.8,0,"Data Injection",1
2025-11-08 10:00:00,"IIOT_1","Controller","Modbus",115,2442,0.093,30.9,57.3,65.8,110,6,-39,1432,1.85,110,0,"Data Injection",1
2025-11-08 10:05:00,"IIOT_4","Sensor","MQTT",48,1873,0.067,34.2,44.8,37.3,106,4,-67,-569,1.31,110,0,"Normal",0
2025-11-08 10:10:00,"IIOT_5","Sensor","MQTT",108,2052,0.1,31.3,42.4,62.4,131,5,60,179,1.35,117.6,0,"Normal",0
2025-11-08 10:15:00,"IIOT_10","Sensor","HTTP",179,1327,0.008,26.2,56.8,37.1,65,5,71,-725,2.17,99.6,0,"Normal",0
2025-11-08 10:20:00,"IIOT_9","Sensor","Modbus",96,1528,0.079,24.5,23.5,64.7,150,2,-83,201,0.96,112.4,0,"Normal",0
2025-11-08 10:25:00,"IIOT_2","Controller","HTTP",240,2302,0.089,30.2,46,81.9,90,9,144,774,1.52,108.4,0,"Data Injection",1
2025-11-08 10:30:00,"IIOT_9","Actuator","MQTT",99,1398,0.048,32.6,67.6,46.7,49,2,-141,-904,2.07,97,0,"Normal",0
2025-11-08 10:35:00,"IIOT_10","Controller","Modbus",73,3474,0.019,20.8,48.3,79.1,156,2,-26,2076,2.32,102,1,"Spoofing",1
2025-11-08 10:40:00,"IIOT_4","Sensor","MQTT",151,2524,0.089,33.5,26.5,60.2,128,3,78,-950,0.79,114.6,0,"DoS",1
2025-11-08 10:45:00,"IIOT_5","Actuator","MQTT",204,2541,0.052,27.1,23.6,47.3,130,1,53,17,0.87,110.6,0,"Normal",0
2025-11-08 10:50:00,"IIOT_10","Sensor","Modbus",119,1594,0,31.1,59.7,57.7,116,8,-85,-947,1.92,115.8,0,"Normal",0
2025-11-08 10:55:00,"IIOT_2","Sensor","MQTT",107,2957,0.056,36.4,82,45.9,80,2,-12,1363,2.25,122,0,"MITM",1
2025-11-08 11:00:00,"IIOT_4","Controller","Modbus",64,912,0.026,34.2,23.6,47.7,113,8,-43,-2045,0.69,113.4,0,"MITM",1
2025-11-08 11:05:00,"IIOT_2","Sensor","MQTT",156,2009,0.066,35.4,78.8,51,92,3,92,1097,2.23,106.2,0,"Normal",0
2025-11-08 11:10:00,"IIOT_3","Sensor","MQTT",107,1798,0.031,30.5,63.5,82,85,6,-49,-211,2.08,97.2,0,"Normal",0
2025-11-08 11:15:00,"IIOT_2","Sensor","MQTT",87,1584,0.017,31.3,76.3,47.7,164,1,-20,-214,2.44,106.8,1,"Normal",0
2025-11-08 11:20:00,"IIOT_4","Actuator","HTTP",103,1153,0.037,20.1,87.4,51.9,-21,8,16,-431,4.35,86.6,0,"Normal",0
2025-11-08 11:25:00,"IIOT_4","Sensor","MQTT",156,2053,0.019,22.6,30.9,34.9,97,5,53,900,1.37,83.4,0,"MITM",1
2025-11-08 11:30:00,"IIOT_7","Sensor","Modbus",93,2696,0.083,26.8,25,40.7,99,3,-63,643,0.93,84.8,0,"Normal",0
2025-11-08 11:35:00,"IIOT_5","Controller","HTTP",83,1592,0.032,34.4,54.3,42.6,89,3,-10,-1104,1.58,85.6,0,"Normal",0
2025-11-08 11:40:00,"IIOT_5","Controller","Modbus",96,2731,0.027,34.2,30.3,80.7,93,4,13,1139,0.89,71.4,0,"DoS",1
2025-11-08 11:45:00,"IIOT_5","Sensor","Modbus",165,2326,0.02,32.4,74,51.8,117,3,69,-405,2.28,99,0,"Data Injection",1
2025-11-08 11:50:00,"IIOT_10","Actuator","HTTP",118,2387,0.061,39.7,58.5,61.2,173,6,-47,61,1.47,114.2,1,"Normal",0
2025-11-08 11:55:00,"IIOT_4","Actuator","Modbus",134,2537,0.028,26,86.8,47.2,100,4,16,150,3.34,114.4,0,"Spoofing",1
2025-11-08 12:00:00,"IIOT_6","Sensor","Modbus",120,1640,0.089,19.2,71.7,77.8,106,9,-14,-897,3.73,117.8,0,"Normal",0
2025-11-08 12:05:00,"IIOT_3","Controller","Modbus",80,1064,0.003,38.7,78.2,34,42,2,-40,-576,2.02,107.6,0,"DoS",1
2025-11-08 12:10:00,"IIOT_3","Sensor","Modbus",75,1710,0.093,28.3,74.5,44.9,180,2,-5,646,2.63,120.2,1,"Data Injection",1
2025-11-08 12:15:00,"IIOT_9","Sensor","HTTP",160,1086,0.045,28.6,51.3,58.1,74,7,85,-624,1.79,100.4,0,"MITM",1
2025-11-08 12:20:00,"IIOT_6","Actuator","MQTT",125,1084,0.082,33.3,79,32.4,28,7,-35,-2,2.37,86,0,"MITM",1
2025-11-08 12:25:00,"IIOT_10","Sensor","HTTP",119,1703,0.024,33.4,72.2,56.2,66,2,-6,619,2.16,78,0,"Normal",0
2025-11-08 12:30:00,"IIOT_5","Actuator","MQTT",134,569,0.016,24.7,59.3,74.8,34,10,15,-1134,2.4,76.4,0,"Normal",0
2025-11-08 12:35:00,"IIOT_4","Sensor","MQTT",136,2206,0.027,28.7,57.1,50.8,73,7,2,1637,1.99,55,0,"Normal",0
2025-11-08 12:40:00,"IIOT_6","Actuator","MQTT",185,1175,0.082,32.9,67.2,68.2,56,2,49,-1031,2.04,51.4,0,"Normal",0
2025-11-08 12:45:00,"IIOT_10","Controller","Modbus",49,1166,0.02,27.1,42.2,83.3,184,6,-136,-9,1.56,82.6,1,"Normal",0
2025-11-08 12:50:00,"IIOT_7","Actuator","Modbus",148,1800,0.022,26.7,83.9,50.6,114,8,99,634,3.14,92.2,0,"DoS",1
2025-11-08 12:55:00,"IIOT_5","Sensor","Modbus",111,2396,0.084,37.1,58.7,79.4,73,2,-37,596,1.58,100,0,"Normal",0
2025-11-08 13:00:00,"IIOT_5","Actuator","MQTT",94,2974,0.08,29.2,67.9,83.6,98,10,-17,578,2.33,105,0,"Data Injection",1
2025-11-08 13:05:00,"IIOT_8","Sensor","HTTP",110,2276,0.001,33.7,33.1,69,132,10,16,-698,0.98,120.2,0,"Spoofing",1
2025-11-08 13:10:00,"IIOT_6","Controller","Modbus",128,1598,0.074,33.1,88.5,45.6,146,8,18,-678,2.67,112.6,0,"Normal",0
2025-11-08 13:15:00,"IIOT_10","Sensor","MQTT",170,1326,0.05,30.3,43,61.3,127,7,42,-272,1.42,115.2,0,"MITM",1
2025-11-08 13:20:00,"IIOT_1","Controller","MQTT",102,2430,0.035,37.7,20.9,84.4,81,4,-68,1104,0.55,116.8,0,"Normal",0
2025-11-08 13:25:00,"IIOT_9","Sensor","MQTT",126,1186,0.024,32.9,70.5,72.5,97,5,24,-1244,2.14,116.6,0,"DoS",1
2025-11-08 13:30:00,"IIOT_1","Sensor","Modbus",100,3417,0.026,29.8,70.6,60,83,3,-26,2231,2.37,106.8,0,"Normal",0
2025-11-08 13:35:00,"IIOT_7","Actuator","Modbus",122,1665,0.025,31.4,84,40.1,97,9,22,-1752,2.68,97,0,"Normal",0
2025-11-08 13:40:00,"IIOT_5","Sensor","HTTP",106,2810,0.015,34.4,74.4,63.6,77,9,-16,1145,2.16,87,0,"MITM",1
2025-11-08 13:45:00,"IIOT_5","Sensor","Modbus",95,1937,0.097,38.3,30.9,80.5,86,9,-11,-873,0.81,88,0,"Normal",0
2025-11-08 13:50:00,"IIOT_10","Actuator","MQTT",123,3096,0.073,33.5,68.9,72.1,160,10,28,1159,2.06,100.6,1,"Normal",0
2025-11-08 13:55:00,"IIOT_2","Sensor","MQTT",118,1685,0.095,20.7,34.9,72.3,5,2,-5,-1411,1.69,85,0,"Normal",0
2025-11-08 14:00:00,"IIOT_8","Sensor","MQTT",103,1434,0.099,32.2,78.7,54.7,119,6,-15,-251,2.44,89.4,0,"Data Injection",1
2025-11-08 14:05:00,"IIOT_2","Sensor","HTTP",190,1999,0.011,35.5,86.1,61.3,83,1,87,565,2.43,90.6,0,"Normal",0
2025-11-08 14:10:00,"IIOT_4","Sensor","MQTT",49,2892,0.074,28.8,46.6,62.8,157,9,-141,893,1.62,104.8,1,"Normal",0
2025-11-08 14:15:00,"IIOT_5","Controller","MQTT",92,2223,0.015,25.2,21,51,126,9,43,-669,0.83,98,0,"Normal",0
2025-11-08 14:20:00,"IIOT_3","Actuator","MQTT",163,1930,0.026,27.7,61.3,34.2,95,8,71,-293,2.21,116,0,"Normal",0
2025-11-08 14:25:00,"IIOT_10","Sensor","MQTT",119,1594,0.059,34.3,71.9,68.1,128,5,-44,-336,2.1,117.8,0,"Normal",0
2025-11-08 14:30:00,"IIOT_10","Actuator","Modbus",61,1680,0.057,36.4,55.9,79,93,6,-58,86,1.54,119.8,0,"Normal",0
2025-11-08 14:35:00,"IIOT_7","Sensor","MQTT",125,1002,0.056,34.6,56.1,53.1,114,10,64,-678,1.62,111.2,0,"MITM",1
2025-11-08 14:40:00,"IIOT_10","Sensor","MQTT",94,998,0.029,24.5,47.4,71.1,65,1,-31,-4,1.93,99,0,"Spoofing",1
2025-11-08 14:45:00,"IIOT_8","Sensor","Modbus",113,1970,0.028,34.9,70.1,37.2,158,2,19,972,2.01,111.6,1,"Normal",0
2025-11-08 14:50:00,"IIOT_8","Actuator","Modbus",124,1946,0.089,25,82.7,75.1,180,7,11,-24,3.31,122,1,"Normal",0
2025-11-08 14:55:00,"IIOT_10","Sensor","HTTP",54,1588,0.047,22.8,78.8,33.5,101,6,-70,-358,3.46,123.6,0,"Normal",0
2025-11-08 15:00:00,"IIOT_1","Sensor","HTTP",165,2844,0.042,27.7,28.7,44.2,62,7,111,1256,1.04,113.2,0,"Normal",0
2025-11-08 15:05:00,"IIOT_9","Controller","HTTP",95,2168,0.089,31.7,36.4,45.7,145,4,-70,-676,1.15,129.2,0,"Data Injection",1
2025-11-08 15:10:00,"IIOT_1","Sensor","MQTT",220,2693,0.005,34,44.5,75.6,153,1,125,525,1.31,128.2,1,"Normal",0
2025-11-08 15:15:00,"IIOT_4","Sensor","HTTP",122,1810,0.083,32.4,89,51.9,93,7,-98,-883,2.75,110.8,0,"DoS",1
2025-11-08 15:20:00,"IIOT_6","Sensor","MQTT",121,2898,0.061,35,75.2,35.1,106,5,-1,1088,2.15,111.8,0,"Data Injection",1
2025-11-08 15:25:00,"IIOT_2","Sensor","Modbus",88,1734,0.035,25.4,60.8,38,72,7,-33,-1164,2.39,113.8,0,"Data Injection",1
2025-11-08 15:30:00,"IIOT_6","Sensor","MQTT",129,1971,0.04,37,55.3,73.7,133,4,41,237,1.49,111.4,0,"MITM",1
2025-11-08 15:35:00,"IIOT_7","Actuator","Modbus",70,2562,0.007,30.5,84.3,73.9,103,7,-59,591,2.76,101.4,0,"DoS",1
2025-11-08 15:40:00,"IIOT_10","Sensor","HTTP",90,2171,0.083,27.2,23.6,38.3,91,9,20,-391,0.87,101,0,"Normal",0
2025-11-08 15:45:00,"IIOT_2","Actuator","HTTP",99,1816,0.093,26.9,33.1,41.8,76,2,9,-355,1.23,95,0,"MITM",1
2025-11-08 15:50:00,"IIOT_5","Sensor","Modbus",156,621,0.053,28.6,51.6,46.2,143,8,57,-1195,1.8,109.2,0,"Normal",0
2025-11-08 15:55:00,"IIOT_1","Controller","Modbus",143,1666,0.05,27.1,47.8,59.7,89,1,-13,1045,1.76,100.4,0,"Normal",0
2025-11-08 16:00:00,"IIOT_8","Sensor","Modbus",191,3668,0.054,23.8,59.5,30.1,75,8,48,2002,2.5,94.8,0,"DoS",1
2025-11-08 16:05:00,"IIOT_8","Sensor","Modbus",197,2464,0.01,22.3,27.1,32.4,129,7,6,-1204,1.22,102.4,0,"Spoofing",1
2025-11-08 16:10:00,"IIOT_9","Sensor","HTTP",160,1561,0.029,23.8,87.5,39.8,178,3,-37,-903,3.68,122.8,1,"Normal",0
2025-11-08 16:15:00,"IIOT_6","Sensor","MQTT",105,2427,0.056,21.8,63,31.6,155,5,-55,866,2.89,125.2,1,"Normal",0
2025-11-08 16:20:00,"IIOT_6","Controller","MQTT",119,2224,0.057,26,52.5,74.4,50,8,14,-203,2.02,117.4,0,"Normal",0
2025-11-08 16:25:00,"IIOT_7","Controller","MQTT",140,1867,0.015,23.2,49.4,60.5,163,7,21,-357,2.13,135,1,"Data Injection",1
2025-11-08 16:30:00,"IIOT_3","Actuator","Modbus",109,2408,0.055,28.3,52.2,75.7,98,5,-31,541,1.84,128.8,0,"MITM",1
2025-11-08 16:35:00,"IIOT_9","Actuator","MQTT",65,2897,0.058,31,75.6,40.3,155,9,-44,489,2.44,124.2,1,"Normal",0
2025-11-08 16:40:00,"IIOT_2","Actuator","HTTP",105,1683,0.019,36.9,63.3,81.6,123,9,40,-1214,1.72,117.8,0,"Data Injection",1
2025-11-08 16:45:00,"IIOT_8","Sensor","Modbus",119,2370,0.076,37.9,60.1,67.4,97,9,14,687,1.59,127.2,0,"Data Injection",1
2025-11-08 16:50:00,"IIOT_5","Actuator","Modbus",165,3369,0.017,28.1,20.4,64.1,122,5,46,999,0.73,119,0,"Spoofing",1
2025-11-08 16:55:00,"IIOT_2","Actuator","MQTT",141,1353,0.039,18.5,71.4,32.9,44,8,-24,-2016,3.86,108.2,0,"Normal",0
2025-11-08 17:00:00,"IIOT_4","Sensor","MQTT",150,2827,0.023,26.3,59.3,63.1,103,10,9,1474,2.25,97.8,0,"Normal",0
2025-11-08 17:05:00,"IIOT_7","Sensor","Modbus",108,1759,0.047,32.6,48.1,47.3,122,2,-42,-1068,1.48,97.6,0,"Normal",0
2025-11-08 17:10:00,"IIOT_7","Sensor","MQTT",170,2474,0.037,34.7,73.8,30.9,91,5,62,715,2.13,96.4,0,"DoS",1
2025-11-08 17:15:00,"IIOT_5","Sensor","Modbus",200,1756,0.035,27.1,56.5,42.8,69,6,30,-718,2.08,85.8,0,"Data Injection",1
2025-11-08 17:20:00,"IIOT_5","Sensor","Modbus",89,1669,0.055,23.6,71,78.6,142,4,-111,-87,3.01,105.4,0,"MITM",1
2025-11-08 17:25:00,"IIOT_1","Sensor","MQTT",54,2811,0.07,32.4,86.5,47.4,81,9,-35,1142,2.67,101,0,"Normal",0
2025-11-08 17:30:00,"IIOT_7","Actuator","HTTP",71,1437,0.069,30.9,20.6,63.2,66,5,17,-1374,0.67,89.8,0,"Normal",0
2025-11-08 17:35:00,"IIOT_6","Sensor","Modbus",166,2021,0.005,23.7,23.6,35.2,117,7,95,584,1,95,0,"Data Injection",1
2025-11-08 17:40:00,"IIOT_8","Sensor","Modbus",87,2148,0.093,40.3,44.3,48.7,28,2,-79,127,1.1,86.8,0,"DoS",1
2025-11-08 17:45:00,"IIOT_8","Sensor","HTTP",48,2485,0.038,27.9,88,59.9,52,6,-39,337,3.15,68.8,0,"Normal",0
2025-11-08 17:50:00,"IIOT_8","Sensor","MQTT",102,2376,0.085,31.9,87.1,68.2,152,9,54,-109,2.73,83,1,"Data Injection",1
2025-11-08 17:55:00,"IIOT_6","Actuator","MQTT",133,1909,0.092,27.6,83.6,80.3,118,2,31,-467,3.03,93.4,0,"Data Injection",1
2025-11-08 18:00:00,"IIOT_5","Sensor","Modbus",119,2454,0.085,26.2,21.7,75.8,77,2,-14,545,0.83,85.4,0,"MITM",1
2025-11-08 18:05:00,"IIOT_10","Controller","MQTT",75,1924,0.01,26.3,62.4,38,164,6,-44,-530,2.37,112.6,1,"MITM",1
2025-11-08 18:10:00,"IIOT_8","Controller","MQTT",109,2554,0.099,32,37.5,44.5,99,9,34,630,1.17,122,0,"Spoofing",1
2025-11-08 18:15:00,"IIOT_5","Sensor","MQTT",113,1358,0.068,32.7,20.8,42.3,55,6,4,-1196,0.64,102.6,0,"DoS",1
2025-11-08 18:20:00,"IIOT_3","Actuator","MQTT",96,2787,0.059,39.4,79.8,64,143,7,-17,1429,2.03,107.6,0,"DoS",1
2025-11-08 18:25:00,"IIOT_4","Controller","Modbus",143,1305,0.013,37.4,87.3,81.4,92,7,47,-1482,2.33,110.6,0,"MITM",1
2025-11-08 18:30:00,"IIOT_5","Controller","Modbus",173,2910,0.03,30.9,28.6,80.3,113,2,30,1605,0.93,100.4,0,"Normal",0
2025-11-08 18:35:00,"IIOT_9","Actuator","MQTT",159,1248,0.011,31.8,40.7,82.9,75,8,-14,-1662,1.28,95.6,0,"DoS",1
2025-11-08 18:40:00,"IIOT_1","Sensor","Modbus",44,1694,0.06,30.8,47.1,71.6,88,10,-115,446,1.53,102.2,0,"Data Injection",1
2025-11-08 18:45:00,"IIOT_7","Sensor","HTTP",123,2225,0.058,34.5,28.9,70.6,121,10,79,531,0.84,97.8,0,"Normal",0
2025-11-08 18:50:00,"IIOT_4","Actuator","MQTT",159,1348,0.01,36.9,59.5,59.9,109,6,36,-877,1.61,101.2,0,"Normal",0
2025-11-08 18:55:00,"IIOT_4","Sensor","MQTT",88,1375,0.033,31.7,58.5,39.4,63,5,-71,27,1.85,91.2,0,"MITM",1
2025-11-08 19:00:00,"IIOT_8","Controller","MQTT",166,1629,0.01,29.5,59.5,67.5,181,2,78,254,2.02,112.4,1,"Normal",0
2025-11-08 19:05:00,"IIOT_10","Controller","HTTP",119,2451,0.099,36.2,44.1,46.2,104,6,-47,822,1.22,115.6,0,"Normal",0
2025-11-08 19:10:00,"IIOT_9","Actuator","MQTT",91,2507,0.022,27.2,84.8,45,120,6,-28,56,3.12,115.4,0,"MITM",1
2025-11-08 19:15:00,"IIOT_5","Controller","MQTT",172,3037,0.009,24,87.9,50.4,91,8,81,530,3.66,111.8,0,"DoS",1
2025-11-08 19:20:00,"IIOT_7","Sensor","Modbus",166,1765,0.074,30.6,62.6,59.2,163,2,-6,-1272,2.05,131.8,1,"Normal",0
2025-11-08 19:25:00,"IIOT_9","Actuator","HTTP",115,2417,0.093,25.7,31.5,44.7,-2,4,-51,652,1.23,95.2,0,"Normal",0
2025-11-08 19:30:00,"IIOT_5","Sensor","Modbus",122,3317,0.008,27.9,29.9,79.8,104,5,7,900,1.07,95.2,0,"Normal",0
2025-11-08 19:35:00,"IIOT_6","Sensor","MQTT",132,2360,0.048,34.2,46.8,39.2,91,10,10,-957,1.37,89.4,0,"Normal",0
2025-11-08 19:40:00,"IIOT_4","Sensor","Modbus",129,3643,0.028,24.1,53.6,76.1,154,2,-3,1283,2.22,102,1,"Spoofing",1
2025-11-08 19:45:00,"IIOT_3","Sensor","MQTT",144,1692,0.053,27.9,26,82.7,59,3,15,-1951,0.93,81.2,0,"Normal",0
2025-11-08 19:50:00,"IIOT_8","Actuator","MQTT",133,1628,0.032,32.6,45.2,73.9,100,6,-11,-64,1.39,101.6,0,"Normal",0
2025-11-08 19:55:00,"IIOT_3","Sensor","MQTT",31,1775,0.061,41.7,38.9,48.8,134,1,-102,147,0.93,107.6,0,"DoS",1
2025-11-08 20:00:00,"IIOT_4","Sensor","MQTT",113,1354,0.017,35.2,73.2,48.8,61,4,82,-421,2.08,101.6,0,"Normal",0
2025-11-08 20:05:00,"IIOT_7","Actuator","Modbus",94,1086,0.087,28.5,74.5,70.6,69,3,-19,-268,2.61,84.6,0,"Normal",0
2025-11-08 20:10:00,"IIOT_9","Controller","HTTP",192,2271,0.065,29.4,65.7,39.6,21,7,98,1185,2.23,77,0,"Normal",0
2025-11-08 20:15:00,"IIOT_2","Actuator","MQTT",59,2285,0.019,32.8,32.7,35.8,27,3,-133,14,1,62.4,0,"Data Injection",1
2025-11-08 20:20:00,"IIOT_8","Sensor","HTTP",118,2310,0.068,34.8,69.9,65.5,118,2,59,25,2.01,59.2,0,"Normal",0
2025-11-08 20:25:00,"IIOT_1","Controller","Modbus",115,1956,0.087,29.2,83.9,84.7,211,4,-3,-354,2.87,89.2,1,"Data Injection",1
2025-11-08 20:30:00,"IIOT_10","Actuator","Modbus",140,3052,0.045,26.7,31,36.6,50,4,25,1096,1.16,85.4,0,"Normal",0
2025-11-08 20:35:00,"IIOT_10","Controller","Modbus",122,2064,0.038,43.2,27.8,67,63,8,-18,-988,0.64,93.8,0,"Normal",0
2025-11-08 20:40:00,"IIOT_9","Controller","Modbus",107,3027,0.05,29.3,21.8,66.6,89,5,-15,963,0.74,106.2,0,"Normal",0
2025-11-08 20:45:00,"IIOT_8","Controller","Modbus",100,1164,0.018,27.1,81.8,66.6,129,4,-7,-1863,3.02,108.4,0,"DoS",1
2025-11-08 20:50:00,"IIOT_10","Sensor","HTTP",178,2991,0.074,34.7,31.3,51.3,84,8,78,1827,0.9,83,0,"Normal",0
2025-11-08 20:55:00,"IIOT_6","Sensor","Modbus",167,1899,0.095,28.4,34.9,75.7,17,8,-11,-1092,1.23,76.4,0,"Normal",0
2025-11-08 21:00:00,"IIOT_3","Controller","HTTP",143,827,0.047,23.9,84.1,62.5,21,8,-24,-1072,3.52,68,0,"Normal",0
2025-11-08 21:05:00,"IIOT_3","Controller","MQTT",12,3028,0.025,28.5,30,39.7,124,7,-131,2201,1.05,75,0,"Normal",0
2025-11-08 21:10:00,"IIOT_9","Actuator","MQTT",195,2387,0.049,24.6,79.8,60.4,71,8,183,-641,3.24,63.4,0,"DoS",1
2025-11-08 21:15:00,"IIOT_10","Sensor","Modbus",69,1865,0.094,26.8,27.2,56.7,158,10,-126,-522,1.01,78.2,1,"Normal",0
2025-11-08 21:20:00,"IIOT_5","Controller","Modbus",128,2174,0.053,26.2,57.7,76.6,164,9,59,309,2.2,107.6,1,"Normal",0
2025-11-08 21:25:00,"IIOT_10","Actuator","MQTT",122,2627,0.089,42.9,83.6,70.5,46,7,-6,453,1.95,112.6,0,"MITM",1
2025-11-08 21:30:00,"IIOT_4","Controller","Modbus",131,1981,0.093,26,74.5,42.1,43,2,9,-646,2.87,96.4,0,"Normal",0
2025-11-08 21:35:00,"IIOT_5","Controller","Modbus",147,598,0.016,30.9,23.7,45.9,89,4,16,-1383,0.77,100,0,"Normal",0
2025-11-08 21:40:00,"IIOT_5","Sensor","Modbus",115,2284,0.051,24.7,54.6,33.4,137,9,-32,1686,2.21,95.8,0,"Normal",0
2025-11-08 21:45:00,"IIOT_6","Actuator","Modbus",151,2820,0.042,28.7,58.8,30.9,107,8,36,536,2.05,84.4,0,"Normal",0
2025-11-08 21:50:00,"IIOT_4","Sensor","Modbus",120,979,0.018,30.6,39.5,49.3,95,3,-31,-1841,1.29,94.2,0,"Normal",0
2025-11-08 21:55:00,"IIOT_7","Actuator","Modbus",45,2237,0.083,34.8,41,70.3,209,6,-75,1258,1.18,127.4,1,"Normal",0
2025-11-08 22:00:00,"IIOT_4","Sensor","MQTT",148,-201,0.038,27.3,21.3,34,147,6,103,-2438,0.78,139,0,"Normal",0
2025-11-08 22:05:00,"IIOT_7","Sensor","MQTT",45,2866,0.072,33.6,51.9,41.7,70,3,-103,3067,1.54,125.6,0,"Normal",0
2025-11-08 22:10:00,"IIOT_4","Sensor","Modbus",94,2726,0.069,29.7,55.2,42.2,129,6,49,-140,1.86,130,0,"Data Injection",1
2025-11-08 22:15:00,"IIOT_2","Actuator","MQTT",192,1669,0.076,26.3,21.3,68.5,37,4,98,-1057,0.81,118.4,0,"Normal",0
2025-11-08 22:20:00,"IIOT_9","Sensor","Modbus",140,607,0.019,24.7,52.8,40.7,107,6,-52,-1062,2.14,98,0,"DoS",1
2025-11-08 22:25:00,"IIOT_5","Sensor","Modbus",153,2455,0.076,31.5,62.7,68.8,134,9,13,1848,1.99,95.4,0,"Normal",0
2025-11-08 22:30:00,"IIOT_10","Sensor","Modbus",102,1392,0.021,36.3,82,43.7,65,5,-51,-1063,2.26,94.4,0,"Normal",0
2025-11-08 22:35:00,"IIOT_2","Actuator","Modbus",89,2382,0.087,35.7,32.9,44.3,95,6,-13,990,0.92,87.6,0,"Normal",0
2025-11-08 22:40:00,"IIOT_3","Controller","Modbus",80,1814,0.092,28.1,52.8,48.2,45,9,-9,-568,1.88,89.2,0,"Normal",0
2025-11-08 22:45:00,"IIOT_9","Sensor","Modbus",136,2888,0.057,34.5,26.2,65.5,100,9,56,1074,0.76,87.8,0,"DoS",1
2025-11-08 22:50:00,"IIOT_5","Sensor","HTTP",120,3218,0.085,26.5,49.3,49.6,51,7,-16,330,1.86,71.2,0,"MITM",1
2025-11-08 22:55:00,"IIOT_6","Sensor","Modbus",108,1365,0.041,28.7,21.5,69.6,97,4,-12,-1853,0.75,77.6,0,"Normal",0
2025-11-08 23:00:00,"IIOT_1","Controller","HTTP",150,1825,0.005,30.8,52.6,56.5,120,8,42,460,1.71,82.6,0,"Spoofing",1
2025-11-08 23:05:00,"IIOT_7","Sensor","Modbus",40,1090,0.081,31.6,70.6,62.8,136,3,-110,-735,2.23,100.8,0,"Data Injection",1
2025-11-08 23:10:00,"IIOT_7","Sensor","Modbus",106,2768,0.094,26.3,88.5,82.7,105,8,66,1678,3.37,101.8,0,"Normal",0
2025-11-08 23:15:00,"IIOT_8","Sensor","HTTP",139,3179,0.024,31.1,59.1,33.9,114,1,33,411,1.9,114.4,0,"Normal",0
2025-11-08 23:20:00,"IIOT_10","Actuator","Modbus",186,2578,0.002,28.3,53.5,59.7,96,8,47,-601,1.89,114.2,0,"Normal",0
2025-11-08 23:25:00,"IIOT_2","Sensor","Modbus",86,3140,0.032,30.2,59.8,84.6,114,9,-100,562,1.98,113,0,"Normal",0
2025-11-08 23:30:00,"IIOT_2","Sensor","Modbus",71,818,0.037,31.2,21.1,50,57,6,-15,-2322,0.68,97.2,0,"DoS",1
2025-11-08 23:35:00,"IIOT_3","Sensor","Modbus",141,3008,0.064,25.9,82.7,35.3,125,2,70,2190,3.19,101.2,0,"Data Injection",1
2025-11-08 23:40:00,"IIOT_7","Controller","MQTT",108,1072,0.086,32.8,52.1,82,92,4,-33,-1936,1.59,96.8,0,"Normal",0
2025-11-08 23:45:00,"IIOT_1","Sensor","MQTT",107,1593,0.054,30.4,39.9,39.2,37,2,-1,521,1.31,85,0,"Normal",0
2025-11-08 23:50:00,"IIOT_10","Controller","Modbus",56,2240,0.015,38.1,23.4,62.7,133,4,-51,647,0.61,88.8,0,"Normal",0
2025-11-08 23:55:00,"IIOT_7","Controller","Modbus",147,2798,0.023,32.6,43.7,48.4,178,9,91,558,1.34,113,1,"Normal",0
2025-11-09,"IIOT_7","Sensor","MQTT",141,752,0.002,30.3,44.9,65.3,164,7,-6,-2046,1.48,120.8,1,"MITM",1
2025-11-09 00:05:00,"IIOT_7","Controller","HTTP",131,2275,0.031,31,27.7,34.3,107,7,-10,1523,0.89,123.8,0,"DoS",1
2025-11-09 00:10:00,"IIOT_7","Controller","MQTT",99,2644,0.096,22,54.1,76.2,45,8,-32,369,2.46,125.4,0,"Normal",0
2025-11-09 00:15:00,"IIOT_2","Sensor","MQTT",94,2082,0.084,37.2,22.7,32.7,63,2,-5,-562,0.61,111.4,0,"Normal",0
2025-11-09 00:20:00,"IIOT_6","Actuator","HTTP",105,2042,0.084,22.3,62.5,75.9,163,5,11,-40,2.8,108.4,1,"DoS",1
2025-11-09 00:25:00,"IIOT_10","Actuator","HTTP",147,3297,0.083,25.2,48.6,48.4,135,9,42,1255,1.93,102.6,0,"Normal",0
2025-11-09 00:30:00,"IIOT_9","Actuator","Modbus",97,769,0.011,38.8,36.7,30.4,51,7,-50,-2528,0.95,91.4,0,"Data Injection",1
2025-11-09 00:35:00,"IIOT_7","Controller","MQTT",85,892,0.027,32.8,32.6,32.6,91,5,-12,123,0.99,100.6,0,"Normal",0
2025-11-09 00:40:00,"IIOT_9","Sensor","MQTT",121,2553,0.038,26.5,31.4,82.2,98,9,36,1661,1.18,107.6,0,"Data Injection",1
2025-11-09 00:45:00,"IIOT_5","Sensor","MQTT",90,1843,0.083,37.3,43.4,53.3,104,9,-31,-710,1.16,95.8,0,"Normal",0
2025-11-09 00:50:00,"IIOT_1","Sensor","MQTT",66,1063,0.035,28.1,59.2,61.8,135,3,-24,-780,2.11,95.8,0,"MITM",1
2025-11-09 00:55:00,"IIOT_1","Sensor","MQTT",150,2427,0.001,18.9,29.6,53.8,146,7,84,1364,1.57,114.8,0,"Normal",0
2025-11-09 01:00:00,"IIOT_10","Sensor","Modbus",173,2536,0.007,23.8,49,54.9,73,6,23,109,2.06,111.2,0,"Data Injection",1
2025-11-09 01:05:00,"IIOT_1","Actuator","MQTT",139,1640,0.012,34.1,76.5,42.2,58,5,-34,-896,2.24,103.2,0,"MITM",1
2025-11-09 01:10:00,"IIOT_1","Controller","Modbus",116,2027,0.081,33.4,84.5,71.3,106,3,-23,387,2.53,103.6,0,"MITM",1
2025-11-09 01:15:00,"IIOT_3","Actuator","MQTT",135,2869,0.045,31.6,71.7,63.3,63,7,19,842,2.27,89.2,0,"Normal",0
2025-11-09 01:20:00,"IIOT_6","Actuator","HTTP",134,2099,0.09,33.4,35.6,50.5,-4,8,-1,-770,1.07,59.2,0,"MITM",1
2025-11-09 01:25:00,"IIOT_5","Sensor","MQTT",156,2013,0.022,29.7,60.9,67.3,114,10,22,-86,2.05,67.4,0,"Normal",0
2025-11-09 01:30:00,"IIOT_9","Controller","Modbus",149,2636,0.032,33.3,43.5,46.8,77,2,-7,623,1.31,71.2,0,"Normal",0
2025-11-09 01:35:00,"IIOT_10","Actuator","Modbus",45,2125,0.072,31.5,32.7,68.4,68,3,-104,-511,1.04,63.6,0,"Normal",0
2025-11-09 01:40:00,"IIOT_2","Sensor","Modbus",103,175,0.005,27.4,77.8,46.8,126,3,58,-1950,2.84,76.2,0,"DoS",1
2025-11-09 01:45:00,"IIOT_6","Actuator","Modbus",98,1631,0.008,24.1,85.3,45.7,82,3,-5,1456,3.54,93.4,0,"Spoofing",1
2025-11-09 01:50:00,"IIOT_3","Sensor","HTTP",84,2042,0.005,29.7,45.3,51.3,141,3,-14,411,1.53,98.8,0,"Normal",0
2025-11-09 01:55:00,"IIOT_2","Sensor","HTTP",179,2110,0.023,35.9,28.9,35.4,65,1,95,68,0.81,96.4,0,"DoS",1
2025-11-09 02:00:00,"IIOT_5","Controller","Modbus",165,944,0.075,33,30.3,79.1,44,10,-14,-1166,0.92,91.6,0,"MITM",1
2025-11-09 02:05:00,"IIOT_10","Sensor","MQTT",104,2521,0.015,33.9,22,64.8,124,8,-61,1577,0.65,91.2,0,"Normal",0
2025-11-09 02:10:00,"IIOT_5","Sensor","Modbus",115,1151,0.069,22.3,86.9,46.4,49,9,11,-1370,3.9,84.6,0,"Normal",0
2025-11-09 02:15:00,"IIOT_1","Actuator","MQTT",117,2100,0.086,33,77.6,51.2,67,8,2,949,2.35,69.8,0,"Normal",0
2025-11-09 02:20:00,"IIOT_10","Controller","MQTT",68,1522,0.047,33.6,24.8,39.1,68,6,-49,-578,0.74,70.4,0,"Normal",0
2025-11-09 02:25:00,"IIOT_5","Actuator","Modbus",111,1994,0.034,29.7,76.7,47.1,88,4,43,472,2.58,79.2,0,"Normal",0
2025-11-09 02:30:00,"IIOT_2","Actuator","MQTT",142,1513,0.043,26,86,70.3,143,8,31,-481,3.31,83,0,"Normal",0
2025-11-09 02:35:00,"IIOT_6","Controller","HTTP",147,1630,0.04,30.5,31.4,36.7,144,8,5,117,1.03,102,0,"DoS",1
2025-11-09 02:40:00,"IIOT_4","Actuator","MQTT",164,1235,0.02,21.3,64.2,67.7,133,5,17,-395,3.01,115.2,0,"Normal",0
2025-11-09 02:45:00,"IIOT_4","Sensor","MQTT",142,2475,0.065,28.9,72.6,46.5,107,5,-22,1240,2.51,123,0,"DoS",1
2025-11-09 02:50:00,"IIOT_3","Sensor","Modbus",90,1992,0.03,28.3,43.4,59.2,169,7,-52,-483,1.53,139.2,1,"Spoofing",1
2025-11-09 02:55:00,"IIOT_7","Controller","MQTT",129,2753,0.004,31.1,47,37.8,194,4,39,761,1.51,149.4,1,"Normal",0
2025-11-09 03:00:00,"IIOT_8","Actuator","Modbus",106,1534,0.004,23.3,44.5,56.9,41,4,-23,-1219,1.91,128.8,0,"MITM",1
2025-11-09 03:05:00,"IIOT_7","Controller","MQTT",111,940,0.069,25.6,72.6,32.4,97,9,5,-594,2.84,121.6,0,"Normal",0
2025-11-09 03:10:00,"IIOT_3","Sensor","MQTT",134,2411,0.065,30.5,65.1,52.6,155,10,23,1471,2.13,131.2,1,"Normal",0
2025-11-09 03:15:00,"IIOT_2","Controller","Modbus",119,2876,0.022,36.6,73.6,30.7,108,6,-15,465,2.01,119,0,"Normal",0
2025-11-09 03:20:00,"IIOT_1","Actuator","MQTT",59,3478,0.011,24.3,53.7,67.7,106,5,-60,602,2.21,101.4,0,"Data Injection",1
2025-11-09 03:25:00,"IIOT_10","Actuator","HTTP",187,1791,0.079,27.9,81.7,53.3,162,1,128,-1687,2.93,125.6,1,"Normal",0
2025-11-09 03:30:00,"IIOT_8","Sensor","MQTT",123,2364,0.01,37.5,38.5,42.2,67,10,-64,573,1.03,119.6,0,"Normal",0
2025-11-09 03:35:00,"IIOT_6","Sensor","Modbus",123,2669,0.048,25.6,50.7,64.6,121,1,0,305,1.98,112.8,0,"Normal",0
2025-11-09 03:40:00,"IIOT_4","Actuator","HTTP",136,2635,0.099,23.6,37.8,49.8,135,7,13,-34,1.6,118.2,0,"Normal",0
2025-11-09 03:45:00,"IIOT_2","Controller","MQTT",91,2533,0.034,23.5,54.5,62,130,6,-45,-102,2.32,123,0,"Normal",0
2025-11-09 03:50:00,"IIOT_4","Controller","Modbus",156,3518,0.035,24.6,63.2,31.9,138,6,65,985,2.57,118.2,0,"Normal",0
2025-11-09 03:55:00,"IIOT_1","Sensor","HTTP",208,2241,0.092,30.9,49.3,52,134,4,52,-1277,1.6,131.6,0,"Spoofing",1
2025-11-09 04:00:00,"IIOT_8","Actuator","HTTP",115,3003,0.015,35.3,49.3,49.8,75,7,-93,762,1.4,122.4,0,"Normal",0
2025-11-09 04:05:00,"IIOT_7","Sensor","HTTP",172,1611,0.043,36,54.9,56.9,78,8,57,-1392,1.52,111,0,"DoS",1
2025-11-09 04:10:00,"IIOT_9","Sensor","HTTP",157,2155,0.081,32.3,39.5,63.9,133,6,-15,544,1.22,111.6,0,"DoS",1
2025-11-09 04:15:00,"IIOT_1","Sensor","Modbus",110,2658,0.036,32,35.7,59.2,143,8,-47,503,1.12,112.6,0,"Normal",0
2025-11-09 04:20:00,"IIOT_10","Sensor","Modbus",98,1077,0.081,39.1,66.8,58.6,4,3,-12,-1581,1.71,86.6,0,"Normal",0
2025-11-09 04:25:00,"IIOT_8","Controller","Modbus",36,1294,0.053,32.8,78.6,82.9,57,7,-62,217,2.4,83,0,"Normal",0
2025-11-09 04:30:00,"IIOT_10","Controller","MQTT",102,2731,0.063,26.7,78,52.5,36,4,66,1437,2.92,74.6,0,"Normal",0
2025-11-09 04:35:00,"IIOT_4","Sensor","MQTT",95,1836,0.09,29,67.8,78.7,56,4,-7,-895,2.34,59.2,0,"Normal",0
2025-11-09 04:40:00,"IIOT_2","Controller","Modbus",43,2119,0.07,29,23.5,71.5,52,9,-52,283,0.81,41,0,"Normal",0
2025-11-09 04:45:00,"IIOT_3","Sensor","Modbus",140,997,0.016,28.9,22.2,45.8,118,8,97,-1122,0.77,63.8,0,"Normal",0
2025-11-09 04:50:00,"IIOT_1","Sensor","Modbus",101,2772,0.052,22.4,52.1,77.1,147,9,-39,1775,2.33,81.8,0,"MITM",1
2025-11-09 04:55:00,"IIOT_6","Controller","Modbus",154,2467,0.053,34.6,85.1,65.1,117,7,53,-305,2.46,98,0,"DoS",1
2025-11-09 05:00:00,"IIOT_1","Actuator","HTTP",122,2301,0.008,32.1,55,80,111,9,-32,-166,1.71,109,0,"Spoofing",1
2025-11-09 05:05:00,"IIOT_9","Sensor","HTTP",85,1345,0.036,31.4,39.7,74.2,46,4,-37,-956,1.26,107.8,0,"Normal",0
2025-11-09 05:10:00,"IIOT_6","Sensor","Modbus",48,2649,0.069,30.4,52,48,69,3,-37,1304,1.71,98,0,"DoS",1
2025-11-09 05:15:00,"IIOT_5","Controller","HTTP",126,2217,0.078,26.7,50.9,67.1,59,1,78,-432,1.91,80.4,0,"Normal",0
2025-11-09 05:20:00,"IIOT_1","Actuator","Modbus",6,1463,0.041,34,58.3,55.1,135,9,-120,-754,1.71,84,0,"Normal",0
2025-11-09 05:25:00,"IIOT_8","Controller","MQTT",134,2279,0.069,31.2,21.1,66.3,80,9,128,816,0.68,77.8,0,"Data Injection",1
2025-11-09 05:30:00,"IIOT_3","Sensor","MQTT",46,1470,0.056,31.4,72.6,54.7,111,1,-88,-809,2.31,90.8,0,"DoS",1
2025-11-09 05:35:00,"IIOT_9","Controller","HTTP",107,1570,0.025,31.2,56.7,42.1,110,7,61,100,1.82,99,0,"Normal",0
2025-11-09 05:40:00,"IIOT_2","Controller","MQTT",105,1107,0.071,24.8,71.9,52.3,57,6,-2,-463,2.9,98.6,0,"Normal",0
2025-11-09 05:45:00,"IIOT_1","Controller","Modbus",53,3141,0.034,32.6,30.2,69.4,57,8,-52,2034,0.93,83,0,"Normal",0
2025-11-09 05:50:00,"IIOT_6","Actuator","Modbus",124,2105,0.014,24.6,31.2,37.4,168,7,71,-1036,1.27,100.6,1,"Normal",0
2025-11-09 05:55:00,"IIOT_1","Sensor","MQTT",115,2264,0.084,29,61.8,33.2,93,1,-9,159,2.13,97,0,"Normal",0
2025-11-09 06:00:00,"IIOT_7","Sensor","Modbus",124,1876,0.01,25.5,28.4,51.9,93,4,9,-388,1.11,93.6,0,"Normal",0
2025-11-09 06:05:00,"IIOT_6","Sensor","HTTP",76,2364,0.089,31.7,71.4,60.4,115,4,-48,488,2.25,105.2,0,"Normal",0
2025-11-09 06:10:00,"IIOT_3","Actuator","MQTT",167,1572,0.085,35.1,79.1,35.5,102,9,91,-792,2.25,114.2,0,"Normal",0
2025-11-09 06:15:00,"IIOT_6","Sensor","HTTP",178,2976,0.065,37.8,45.3,72.8,104,5,11,1404,1.2,101.4,0,"Data Injection",1
2025-11-09 06:20:00,"IIOT_8","Controller","HTTP",29,2069,0.048,27.7,84.6,56,173,10,-149,-907,3.05,117.4,1,"Normal",0
2025-11-09 06:25:00,"IIOT_3","Sensor","Modbus",80,2718,0.002,36.3,32.4,73.1,-11,4,51,649,0.89,96.6,0,"Normal",0
2025-11-09 06:30:00,"IIOT_10","Actuator","MQTT",86,2092,0.054,32.7,26,30.2,-2,1,6,-626,0.8,73.2,0,"Normal",0
2025-11-09 06:35:00,"IIOT_2","Sensor","Modbus",93,1296,0.058,33.8,88,59.5,93,6,7,-796,2.6,71.4,0,"Normal",0
2025-11-09 06:40:00,"IIOT_3","Controller","MQTT",66,1717,0.017,38,31.4,53.6,158,9,-27,421,0.83,82.2,1,"Normal",0
2025-11-09 06:45:00,"IIOT_3","Sensor","HTTP",211,2290,0.029,38,71.5,39.8,71,10,145,573,1.88,61.8,0,"Normal",0
2025-11-09 06:50:00,"IIOT_4","Sensor","MQTT",63,1697,0.02,30.2,37.2,38.9,97,8,-148,-593,1.23,83.4,0,"Normal",0
2025-11-09 06:55:00,"IIOT_9","Sensor","HTTP",137,792,0.08,29.9,32.7,51.3,111,4,74,-905,1.09,106,0,"Normal",0
2025-11-09 07:00:00,"IIOT_8","Sensor","HTTP",127,2147,0.039,30.5,36.1,39,67,3,-10,1355,1.18,100.8,0,"Normal",0
2025-11-09 07:05:00,"IIOT_6","Sensor","HTTP",80,1857,0.072,24.7,43.5,49.6,1,7,-47,-290,1.76,69.4,0,"Normal",0
2025-11-09 07:10:00,"IIOT_5","Sensor","MQTT",24,2788,0.001,29.1,61.6,37.6,152,4,-56,931,2.12,85.6,1,"Data Injection",1
2025-11-09 07:15:00,"IIOT_10","Sensor","HTTP",165,1543,0.082,25.5,38.1,77.6,63,10,141,-1245,1.49,78.8,0,"Normal",0
2025-11-09 07:20:00,"IIOT_5","Controller","MQTT",72,2226,0.096,31.9,71.6,50.9,128,8,-93,683,2.24,82.2,0,"Normal",0
2025-11-09 07:25:00,"IIOT_9","Sensor","Modbus",142,2095,0.007,30.7,31.4,54.4,110,7,70,-131,1.02,90.8,0,"MITM",1
2025-11-09 07:30:00,"IIOT_2","Controller","MQTT",72,2024,0.079,36.8,50.1,53.6,111,5,-70,-71,1.36,112.8,0,"Data Injection",1
2025-11-09 07:35:00,"IIOT_10","Sensor","HTTP",165,1738,0.072,31,47.1,36.9,138,9,93,-286,1.52,110,0,"Normal",0
2025-11-09 07:40:00,"IIOT_10","Sensor","HTTP",161,2122,0.031,24,85.3,66.2,126,5,-4,384,3.55,122.6,0,"Normal",0
2025-11-09 07:45:00,"IIOT_10","Sensor","Modbus",135,1837,0.093,27.3,56,84.5,125,8,-26,-285,2.05,122,0,"DoS",1
2025-11-09 07:50:00,"IIOT_4","Actuator","MQTT",92,3550,0.064,31.5,43.6,83.9,-32,6,-43,1713,1.38,93.6,0,"MITM",1
2025-11-09 07:55:00,"IIOT_4","Controller","MQTT",141,3108,0.032,28.8,80.3,45.2,120,7,49,-442,2.79,95.4,0,"Normal",0
2025-11-09 08:00:00,"IIOT_2","Actuator","MQTT",82,2577,0.027,38.3,31.3,45.7,74,3,-59,-531,0.82,82.6,0,"Normal",0
2025-11-09 08:05:00,"IIOT_9","Sensor","Modbus",77,2547,0.016,27.3,89.7,84.5,117,10,-5,-30,3.29,80.8,0,"Normal",0
2025-11-09 08:10:00,"IIOT_3","Sensor","HTTP",120,2896,0.087,39.7,85.3,55.5,83,2,43,349,2.15,72.4,0,"DoS",1
2025-11-09 08:15:00,"IIOT_4","Controller","HTTP",120,2526,0.082,34.1,56.2,66.2,138,5,0,-370,1.65,106.4,0,"DoS",1
2025-11-09 08:20:00,"IIOT_9","Sensor","HTTP",137,3186,0.052,28.3,44,67.8,151,4,17,660,1.55,112.6,1,"DoS",1
2025-11-09 08:25:00,"IIOT_10","Actuator","MQTT",149,2659,0.09,31.5,40.3,76.4,114,9,12,-527,1.28,120.6,0,"Normal",0
2025-11-09 08:30:00,"IIOT_9","Controller","MQTT",78,1396,0.095,22.2,63.6,53.8,86,5,-71,-1263,2.86,114.4,0,"Spoofing",1
2025-11-09 08:35:00,"IIOT_4","Controller","Modbus",107,3242,0.082,30.9,46.5,62.9,125,2,29,1846,1.5,122.8,0,"Normal",0
2025-11-09 08:40:00,"IIOT_7","Sensor","HTTP",104,1294,0.073,27.3,59.1,69.8,82,2,-3,-1948,2.16,111.6,0,"MITM",1
2025-11-09 08:45:00,"IIOT_9","Sensor","MQTT",86,2456,0.078,30.7,89.1,52.6,135,9,-18,1162,2.9,108.4,0,"Normal",0
2025-11-09 08:50:00,"IIOT_7","Sensor","Modbus",69,1292,0.004,29.1,47.5,63,89,5,-17,-1164,1.63,103.4,0,"DoS",1
2025-11-09 08:55:00,"IIOT_6","Actuator","Modbus",149,2858,0.088,26.7,86.5,72.1,93,9,80,1566,3.24,104.8,0,"Normal",0
2025-11-09 09:00:00,"IIOT_7","Sensor","Modbus",166,1940,0.093,28.6,37.2,59.3,18,5,17,-918,1.3,83.4,0,"Normal",0
2025-11-09 09:05:00,"IIOT_7","Sensor","Modbus",137,1701,0.086,30.7,36.2,58.2,67,4,-29,-239,1.18,80.4,0,"Normal",0
2025-11-09 09:10:00,"IIOT_8","Sensor","Modbus",89,2442,0.08,36.8,65.5,52.3,156,9,-48,741,1.78,84.6,1,"Normal",0
2025-11-09 09:15:00,"IIOT_1","Actuator","MQTT",188,2406,0.027,28.8,70.6,37.4,124,2,99,-36,2.45,91.6,0,"Normal",0
2025-11-09 09:20:00,"IIOT_10","Sensor","MQTT",137,2094,0.094,28.7,63.9,72,128,4,-51,-312,2.23,98.6,0,"Normal",0
2025-11-09 09:25:00,"IIOT_10","Sensor","MQTT",69,2149,0.061,33.9,70.5,75.7,191,8,-68,55,2.08,133.2,1,"DoS",1
2025-11-09 09:30:00,"IIOT_7","Sensor","MQTT",172,1148,0.075,29,36.1,56.5,129,5,103,-1001,1.24,145.6,0,"DoS",1
2025-11-09 09:35:00,"IIOT_2","Actuator","MQTT",146,1032,0.009,28.3,61.7,70.9,143,6,-26,-116,2.18,143,0,"Spoofing",1
2025-11-09 09:40:00,"IIOT_2","Sensor","MQTT",148,3031,0.044,33.4,42.8,37.5,132,9,2,1999,1.28,144.6,0,"Normal",0
2025-11-09 09:45:00,"IIOT_6","Sensor","Modbus",119,2305,0.028,27.1,81.2,30.7,112,7,-29,-726,3,141.4,0,"DoS",1
2025-11-09 09:50:00,"IIOT_5","Sensor","MQTT",96,3028,0.024,31.2,62.6,58.1,117,7,-23,723,2.01,126.6,0,"Normal",0
2025-11-09 09:55:00,"IIOT_9","Sensor","HTTP",150,1594,0.046,19.2,84.7,54.2,30,1,54,-1434,4.41,106.8,0,"Normal",0
2025-11-09 10:00:00,"IIOT_8","Sensor","Modbus",140,2246,0.013,31,74.1,35.3,110,7,-10,652,2.39,100.2,0,"Normal",0
2025-11-09 10:05:00,"IIOT_4","Sensor","Modbus",140,1433,0.075,24.1,56.7,32.8,75,1,0,-813,2.35,88.8,0,"Normal",0
2025-11-09 10:10:00,"IIOT_4","Controller","MQTT",58,2777,0.017,26.8,38,80.2,94,4,-82,1344,1.42,85.2,0,"Spoofing",1
2025-11-09 10:15:00,"IIOT_5","Actuator","HTTP",204,1497,0.013,30.7,36.4,36.8,147,3,146,-1280,1.19,91.2,0,"Normal",0
2025-11-09 10:20:00,"IIOT_3","Actuator","MQTT",161,2886,0.091,27.8,34.8,79.1,157,3,-43,1389,1.25,116.6,1,"Normal",0
2025-11-09 10:25:00,"IIOT_1","Sensor","MQTT",70,2680,0.017,27.4,69.7,53.3,110,7,-91,-206,2.54,116.6,0,"Normal",0
2025-11-09 10:30:00,"IIOT_10","Sensor","Modbus",82,624,0.015,32.4,30.3,56.6,94,9,12,-2056,0.94,120.4,0,"Normal",0
2025-11-09 10:35:00,"IIOT_5","Actuator","Modbus",166,1619,0.083,31.8,64.3,56.6,141,9,84,995,2.02,129.8,0,"MITM",1
2025-11-09 10:40:00,"IIOT_9","Controller","HTTP",122,3208,0.046,31.7,49.4,81.2,45,8,-44,1589,1.56,109.4,0,"Normal",0
2025-11-09 10:45:00,"IIOT_6","Sensor","MQTT",135,1955,0.017,31,31.1,62.5,100,8,13,-1253,1,98,0,"Normal",0
2025-11-09 10:50:00,"IIOT_2","Controller","MQTT",114,1666,0.034,38.4,71.3,67.7,169,4,-21,-289,1.86,109.8,1,"MITM",1
2025-11-09 10:55:00,"IIOT_7","Sensor","HTTP",94,2478,0.057,25.8,68.7,34.7,91,5,-20,812,2.66,109.2,0,"MITM",1
2025-11-09 11:00:00,"IIOT_8","Actuator","HTTP",135,1419,0.068,28.5,59.1,45.6,179,5,41,-1059,2.07,116.8,1,"Normal",0
2025-11-09 11:05:00,"IIOT_4","Sensor","Modbus",96,1894,0.038,32.8,78.5,58.4,133,8,-39,475,2.39,134.4,0,"Normal",0
2025-11-09 11:10:00,"IIOT_7","Actuator","Modbus",118,1200,0.025,29.1,29.1,72,152,9,22,-694,1,144.8,1,"Normal",0
2025-11-09 11:15:00,"IIOT_4","Sensor","Modbus",157,1774,0.002,30.6,69.1,83.4,67,4,39,574,2.26,124.4,0,"Normal",0
2025-11-09 11:20:00,"IIOT_3","Sensor","HTTP",110,2509,0.046,28.2,34.8,82.1,132,3,-47,735,1.23,132.6,0,"MITM",1
2025-11-09 11:25:00,"IIOT_5","Sensor","Modbus",110,1721,0.065,33.8,42.2,46.9,60,9,0,-788,1.25,108.8,0,"Normal",0
2025-11-09 11:30:00,"IIOT_8","Sensor","HTTP",145,2304,0.092,29.4,61,76,75,7,35,583,2.07,97.2,0,"Normal",0
2025-11-09 11:35:00,"IIOT_6","Sensor","MQTT",95,1971,0.084,35,64.8,80.2,3,5,-50,-333,1.85,67.4,0,"Normal",0
2025-11-09 11:40:00,"IIOT_7","Controller","HTTP",189,1200,0.086,25.9,87.8,75.6,82,1,94,-771,3.39,70.4,0,"Normal",0
2025-11-09 11:45:00,"IIOT_3","Sensor","Modbus",183,1572,0.053,35.1,29.1,35.3,156,6,-6,372,0.83,75.2,1,"Normal",0
2025-11-09 11:50:00,"IIOT_1","Actuator","MQTT",120,1879,0.096,21.6,33.5,33.9,77,4,-63,307,1.55,78.6,0,"Normal",0
2025-11-09 11:55:00,"IIOT_7","Actuator","Modbus",77,1090,0.035,38,29.3,45.2,135,5,-43,-789,0.77,90.6,0,"DoS",1
2025-11-09 12:00:00,"IIOT_7","Actuator","Modbus",101,2211,0.029,33.1,48.4,82.2,116,9,24,1121,1.46,113.2,0,"Normal",0
2025-11-09 12:05:00,"IIOT_3","Sensor","Modbus",85,1294,0.075,36.2,53.1,44.9,118,7,-16,-917,1.47,120.4,0,"Normal",0
2025-11-09 12:10:00,"IIOT_1","Sensor","HTTP",115,2290,0.007,34.4,65.4,33.7,170,7,30,996,1.9,123.2,1,"Normal",0
2025-11-09 12:15:00,"IIOT_3","Actuator","HTTP",48,1652,0.047,34.5,65.4,45,89,7,-67,-638,1.9,125.6,0,"Data Injection",1
2025-11-09 12:20:00,"IIOT_9","Actuator","Modbus",141,787,0.081,30.7,75.7,41.6,136,2,93,-865,2.47,125.8,0,"Normal",0
2025-11-09 12:25:00,"IIOT_1","Sensor","MQTT",56,2367,0.025,33.2,56.8,83.6,178,6,-85,1580,1.71,138.2,1,"Spoofing",1
2025-11-09 12:30:00,"IIOT_2","Sensor","MQTT",87,3295,0.046,27.7,55,80.7,135,8,31,928,1.99,141.6,0,"Normal",0
2025-11-09 12:35:00,"IIOT_1","Actuator","Modbus",101,2234,0.036,35.3,70.3,68.7,140,2,14,-1061,1.99,135.6,0,"Normal",0
2025-11-09 12:40:00,"IIOT_9","Sensor","Modbus",122,3015,0.053,28.8,72.2,76.1,27,2,21,781,2.51,123.2,0,"MITM",1
2025-11-09 12:45:00,"IIOT_6","Sensor","MQTT",52,1374,0.092,31.8,42.9,30.6,77,5,-70,-1641,1.35,111.4,0,"Normal",0
2025-11-09 12:50:00,"IIOT_2","Sensor","MQTT",66,1313,0.079,26.5,29.7,69.2,67,8,14,-61,1.12,89.2,0,"Normal",0
2025-11-09 12:55:00,"IIOT_9","Controller","Modbus",90,2502,0.087,33.3,81.3,67.8,43,6,24,1189,2.44,70.8,0,"Normal",0
2025-11-09 13:00:00,"IIOT_8","Sensor","HTTP",110,2004,0.063,35.7,36.4,48.9,118,2,20,-498,1.02,66.4,0,"Normal",0
2025-11-09 13:05:00,"IIOT_2","Sensor","Modbus",113,3233,0.023,26.5,55.2,66.5,93,3,3,1229,2.08,79.6,0,"Normal",0
2025-11-09 13:10:00,"IIOT_3","Actuator","Modbus",123,2669,0.083,27.8,30.7,35.1,33,2,10,-564,1.1,70.8,0,"DoS",1
2025-11-09 13:15:00,"IIOT_1","Actuator","Modbus",59,2500,0.083,23.6,34.1,62.8,61,2,-64,-169,1.44,69.6,0,"Normal",0
2025-11-09 13:20:00,"IIOT_4","Actuator","Modbus",121,2402,0.025,38,24.1,51.1,113,3,62,-98,0.63,83.6,0,"Data Injection",1
2025-11-09 13:25:00,"IIOT_10","Actuator","HTTP",54,2227,0.062,24.7,89.2,49.5,97,8,-67,-175,3.61,79.4,0,"Normal",0
2025-11-09 13:30:00,"IIOT_4","Sensor","Modbus",91,2062,0.033,28.8,84.3,43.3,58,6,37,-165,2.93,72.4,0,"MITM",1
2025-11-09 13:35:00,"IIOT_2","Sensor","Modbus",115,2574,0.033,23.5,89.8,64.5,109,5,24,512,3.82,87.6,0,"Spoofing",1
2025-11-09 13:40:00,"IIOT_1","Controller","Modbus",116,1958,0.017,36.1,66,33.1,125,8,1,-616,1.83,100.4,0,"Normal",0
2025-11-09 13:45:00,"IIOT_10","Actuator","MQTT",117,2247,0.065,35.9,47.5,80.4,106,5,1,289,1.32,99,0,"MITM",1
2025-11-09 13:50:00,"IIOT_10","Controller","MQTT",160,2131,0.093,28.8,67.7,50.6,75,9,43,-116,2.35,94.6,0,"Normal",0
2025-11-09 13:55:00,"IIOT_7","Sensor","HTTP",78,1124,0,21.9,41.2,56.6,103,7,-82,-1007,1.88,103.6,0,"Normal",0
2025-11-09 14:00:00,"IIOT_1","Sensor","Modbus",125,2195,0.092,35.5,30,76.8,127,5,47,1071,0.85,107.2,0,"Normal",0
2025-11-09 14:05:00,"IIOT_2","Controller","MQTT",116,1693,0.052,26.6,60,45.7,49,3,-9,-502,2.26,92,0,"Normal",0
2025-11-09 14:10:00,"IIOT_10","Sensor","MQTT",158,2946,0.076,30,77.9,63.5,96,2,42,1253,2.6,90,0,"Normal",0
2025-11-09 14:15:00,"IIOT_7","Controller","MQTT",222,2063,0.028,29.6,67.9,59.9,88,8,64,-883,2.29,92.6,0,"DoS",1
2025-11-09 14:20:00,"IIOT_6","Actuator","Modbus",159,2313,0.084,22.7,66.3,49.9,134,6,-63,250,2.92,98.8,0,"DoS",1
2025-11-09 14:25:00,"IIOT_3","Sensor","Modbus",110,2518,0.087,22.6,50.9,62.6,53,2,-49,205,2.25,84,0,"DoS",1
2025-11-09 14:30:00,"IIOT_6","Actuator","Modbus",140,1768,0.08,24.7,76.1,78,38,8,30,-750,3.08,81.8,0,"Normal",0
2025-11-09 14:35:00,"IIOT_8","Sensor","Modbus",79,609,0.069,33.2,75.8,33.9,131,3,-61,-1159,2.28,88.8,0,"Normal",0
2025-11-09 14:40:00,"IIOT_2","Sensor","HTTP",71,769,0.004,27.2,38.4,41.1,137,9,-8,160,1.41,98.6,0,"DoS",1
2025-11-09 14:45:00,"IIOT_1","Sensor","Modbus",152,2983,0.092,24.4,22.7,58.6,100,6,81,2214,0.93,91.8,0,"Normal",0
2025-11-09 14:50:00,"IIOT_5","Actuator","MQTT",116,1852,0.064,32.1,73.1,46.4,100,7,-36,-1131,2.28,101.2,0,"DoS",1
2025-11-09 14:55:00,"IIOT_4","Actuator","MQTT",127,1676,0.095,29.2,61.5,83.1,91,4,11,-176,2.11,111.8,0,"Data Injection",1
2025-11-09 15:00:00,"IIOT_4","Sensor","Modbus",94,2179,0.064,37.8,45.2,30.3,79,8,-33,503,1.2,101.4,0,"Normal",0
2025-11-09 15:05:00,"IIOT_1","Actuator","Modbus",119,1079,0.001,36.3,73.7,78.1,134,7,25,-1100,2.03,100.8,0,"Data Injection",1
2025-11-09 15:10:00,"IIOT_6","Controller","Modbus",60,2537,0.037,28.9,87.8,57.8,22,7,-59,1458,3.04,85.2,0,"Data Injection",1
2025-11-09 15:15:00,"IIOT_5","Sensor","MQTT",62,2952,0.022,26.5,38.5,81.9,73,4,2,415,1.45,79.8,0,"MITM",1
2025-11-09 15:20:00,"IIOT_8","Actuator","Modbus",114,1747,0.006,28.7,39.1,34.7,164,8,52,-1205,1.36,94.4,1,"Normal",0
2025-11-09 15:25:00,"IIOT_2","Actuator","MQTT",71,2107,0.034,31.1,86.4,30.7,107,7,-43,360,2.78,100,0,"DoS",1
2025-11-09 15:30:00,"IIOT_5","Sensor","HTTP",169,221,0.006,31,50.2,52.2,90,7,98,-1886,1.62,91.2,0,"Spoofing",1
2025-11-09 15:35:00,"IIOT_2","Actuator","HTTP",113,1828,0.01,28.7,22.8,73.8,10,7,-56,1607,0.79,88.8,0,"MITM",1
2025-11-09 15:40:00,"IIOT_2","Actuator","MQTT",130,2178,0.083,43.9,74.7,56.9,135,7,17,350,1.7,101.2,0,"DoS",1
2025-11-09 15:45:00,"IIOT_6","Controller","Modbus",76,2167,0.032,36,30.3,60,110,1,-54,-11,0.84,90.4,0,"Normal",0
2025-11-09 15:50:00,"IIOT_1","Controller","Modbus",57,2645,0.047,37,70.8,65.4,145,7,-19,478,1.91,98,0,"Normal",0
2025-11-09 15:55:00,"IIOT_1","Sensor","Modbus",155,2131,0.025,23.7,77.8,71.6,99,4,98,-514,3.28,99.8,0,"DoS",1
2025-11-09 16:00:00,"IIOT_6","Actuator","MQTT",78,1694,0.027,24.3,58.1,39.5,95,4,-77,-437,2.39,116.8,0,"DoS",1
2025-11-09 16:05:00,"IIOT_8","Actuator","HTTP",143,1765,0.009,33.6,74,58.7,52,4,65,71,2.2,100.2,0,"DoS",1
2025-11-09 16:10:00,"IIOT_5","Controller","HTTP",136,2422,0.012,32.4,60.2,59.1,51,5,-7,657,1.86,88.4,0,"DoS",1
2025-11-09 16:15:00,"IIOT_6","Sensor","MQTT",103,2976,0.038,32.8,47.2,84.3,47,3,-33,554,1.44,68.8,0,"Normal",0
2025-11-09 16:20:00,"IIOT_7","Sensor","Modbus",151,2143,0.004,31.8,22.4,32.8,92,6,48,-833,0.7,67.4,0,"Normal",0
2025-11-09 16:25:00,"IIOT_10","Actuator","MQTT",133,2633,0.024,28.3,45.9,75.2,50,6,-18,490,1.62,58.4,0,"Data Injection",1
2025-11-09 16:30:00,"IIOT_6","Actuator","MQTT",210,3273,0.003,23.1,56.8,64.9,154,9,77,640,2.46,78.8,1,"DoS",1
2025-11-09 16:35:00,"IIOT_2","Actuator","MQTT",115,2549,0.035,26,80.5,52.8,77,7,-95,-724,3.1,84,0,"Normal",0
2025-11-09 16:40:00,"IIOT_7","Sensor","HTTP",127,1802,0.084,33.5,66.5,66.9,177,7,12,-747,1.99,110,1,"DoS",1
2025-11-09 16:45:00,"IIOT_5","Controller","HTTP",103,1799,0.04,34.4,55,42.4,115,6,-24,-3,1.6,114.6,0,"Data Injection",1
2025-11-09 16:50:00,"IIOT_2","Actuator","MQTT",71,545,0.1,28.1,53.8,82.5,80,6,-32,-1254,1.91,120.6,0,"MITM",1
2025-11-09 16:55:00,"IIOT_7","Sensor","MQTT",128,1911,0.032,32.8,56,39.8,99,9,57,1366,1.71,109.6,0,"DoS",1
2025-11-09 17:00:00,"IIOT_5","Sensor","HTTP",64,1749,0.091,35.5,59.6,69.9,90,1,-64,-162,1.68,112.2,0,"DoS",1
2025-11-09 17:05:00,"IIOT_8","Actuator","Modbus",127,1713,0.026,27,35.6,44,157,10,63,-36,1.32,108.2,1,"Normal",0
2025-11-09 17:10:00,"IIOT_3","Controller","MQTT",137,1738,0.061,31,78.7,48.6,93,8,10,25,2.54,103.8,0,"Normal",0
2025-11-09 17:15:00,"IIOT_9","Sensor","MQTT",89,1896,0.017,36.6,47.7,61.3,83,4,-48,158,1.3,104.4,0,"Normal",0
2025-11-09 17:20:00,"IIOT_6","Actuator","MQTT",84,2357,0.091,25.2,38.8,36.6,38,2,-5,461,1.54,92.2,0,"DoS",1
2025-11-09 17:25:00,"IIOT_1","Actuator","HTTP",217,889,0.092,29.8,66.3,63,18,8,133,-1468,2.22,77.8,0,"Normal",0
2025-11-09 17:30:00,"IIOT_8","Sensor","HTTP",121,1036,0.052,39.1,44.4,36.6,130,3,-96,147,1.14,72.4,0,"Normal",0
2025-11-09 17:35:00,"IIOT_1","Controller","MQTT",170,2791,0.073,28,78.8,80.1,109,7,49,1755,2.81,75.6,0,"Normal",0
2025-11-09 17:40:00,"IIOT_5","Controller","MQTT",102,925,0.098,34.9,26.6,37.6,24,3,-68,-1866,0.76,63.8,0,"Normal",0
2025-11-09 17:45:00,"IIOT_1","Actuator","Modbus",196,2968,0.069,29.1,30.6,63.8,77,8,94,2043,1.05,71.6,0,"Normal",0
2025-11-09 17:50:00,"IIOT_10","Actuator","Modbus",93,2698,0.073,28.2,84.5,61.1,139,7,-103,-270,3,95.8,0,"Normal",0
2025-11-09 17:55:00,"IIOT_4","Controller","MQTT",120,3129,0.077,24.3,48.1,64.3,101,9,27,431,1.98,90,0,"DoS",1
2025-11-09 18:00:00,"IIOT_1","Sensor","MQTT",102,2868,0.059,32.1,36.1,80.5,81,3,-18,-261,1.12,84.4,0,"MITM",1
2025-11-09 18:05:00,"IIOT_7","Sensor","HTTP",106,2688,0.08,18.9,70.3,38.8,72,10,4,-180,3.72,94,0,"Normal",0
2025-11-09 18:10:00,"IIOT_1","Sensor","MQTT",90,2704,0.078,31,37.5,79.7,118,6,-16,16,1.21,102.2,0,"Data Injection",1
2025-11-09 18:15:00,"IIOT_7","Controller","Modbus",114,1637,0.096,36.7,60.2,31.6,104,3,24,-1067,1.64,95.2,0,"Normal",0
2025-11-09 18:20:00,"IIOT_9","Actuator","MQTT",125,1647,0.023,32.6,75.4,51.7,114,4,11,10,2.31,97.8,0,"Normal",0
2025-11-09 18:25:00,"IIOT_2","Controller","MQTT",80,2829,0.053,26.7,83.1,71.5,27,9,-45,1182,3.11,87,0,"Spoofing",1
2025-11-09 18:30:00,"IIOT_3","Controller","Modbus",98,2283,0.084,22.4,54.7,79.4,95,6,18,-546,2.44,91.6,0,"DoS",1
2025-11-09 18:35:00,"IIOT_6","Sensor","Modbus",53,2847,0.044,24.7,39.2,82.9,70,9,-45,564,1.59,82,0,"Normal",0
2025-11-09 18:40:00,"IIOT_3","Sensor","Modbus",163,1973,0.084,22.2,58.2,79.2,137,8,110,-874,2.62,88.6,0,"Normal",0
2025-11-09 18:45:00,"IIOT_3","Sensor","MQTT",111,3028,0.033,26.8,57.6,81.8,86,6,-52,1055,2.15,83,0,"DoS",1
2025-11-09 18:50:00,"IIOT_7","Actuator","Modbus",122,771,0.013,37.5,60.8,79.3,165,5,11,-2257,1.62,110.6,1,"Data Injection",1
2025-11-09 18:55:00,"IIOT_7","Sensor","MQTT",39,2839,0.095,22.3,39.7,64.2,88,9,-83,2068,1.78,109.2,0,"Normal",0
2025-11-09 19:00:00,"IIOT_6","Actuator","HTTP",183,1466,0.056,30.7,51.2,56,136,5,144,-1373,1.67,122.4,0,"Normal",0
2025-11-09 19:05:00,"IIOT_7","Controller","Modbus",93,3322,0.081,35.4,83.2,34.9,100,2,-90,1856,2.35,115,0,"Normal",0
2025-11-09 19:10:00,"IIOT_8","Actuator","Modbus",202,3078,0.01,24.2,29,47.3,106,4,109,-244,1.2,119,0,"Normal",0
2025-11-09 19:15:00,"IIOT_6","Controller","MQTT",180,788,0.057,39.9,28.3,53.9,66,5,-22,-2290,0.71,99.2,0,"Spoofing",1
2025-11-09 19:20:00,"IIOT_5","Sensor","Modbus",97,2229,0.02,29.3,43.6,39.9,149,10,-83,1441,1.49,111.4,0,"Data Injection",1
2025-11-09 19:25:00,"IIOT_3","Sensor","MQTT",37,3203,0.009,25.2,74.7,36.5,132,5,-60,974,2.96,110.6,0,"Data Injection",1
2025-11-09 19:30:00,"IIOT_4","Actuator","Modbus",82,1704,0.033,38.6,78.4,81.3,83,6,45,-1499,2.03,107.2,0,"Data Injection",1
2025-11-09 19:35:00,"IIOT_4","Controller","Modbus",102,1733,0.078,29.4,78.8,33.2,89,5,20,29,2.68,103.8,0,"DoS",1
2025-11-09 19:40:00,"IIOT_9","Controller","MQTT",121,1768,0.036,27.6,59.4,54.3,71,9,19,35,2.15,104.8,0,"MITM",1
2025-11-09 19:45:00,"IIOT_7","Actuator","MQTT",194,3016,0.01,32.3,21.5,71.9,48,3,73,1248,0.67,84.6,0,"MITM",1
2025-11-09 19:50:00,"IIOT_3","Sensor","Modbus",165,2308,0.014,28.6,59.7,44.8,123,2,-29,-708,2.09,82.8,0,"Normal",0
2025-11-09 19:55:00,"IIOT_3","Actuator","MQTT",104,1639,0.044,35.6,59.6,58.8,93,3,-61,-669,1.67,84.8,0,"DoS",1
2025-11-09 20:00:00,"IIOT_8","Sensor","Modbus",120,2560,0.017,29.8,40.9,43.6,21,7,16,921,1.37,71.2,0,"Normal",0
2025-11-09 20:05:00,"IIOT_7","Sensor","Modbus",152,2622,0.076,29,37,46.5,103,8,32,62,1.28,77.6,0,"Normal",0
2025-11-09 20:10:00,"IIOT_1","Actuator","MQTT",71,1631,0.014,27.9,29.7,65.6,63,2,-81,-991,1.06,80.6,0,"MITM",1
2025-11-09 20:15:00,"IIOT_10","Actuator","MQTT",162,1828,0.034,29.3,28.5,60.7,196,3,91,197,0.97,95.2,1,"DoS",1
2025-11-09 20:20:00,"IIOT_2","Sensor","HTTP",149,1834,0.044,32.9,49.6,77.1,154,3,-13,6,1.51,107.4,1,"DoS",1
2025-11-09 20:25:00,"IIOT_8","Sensor","Modbus",127,3160,0.072,26.4,63.6,71.7,99,8,-22,1326,2.41,123,0,"Normal",0
2025-11-09 20:30:00,"IIOT_9","Controller","HTTP",91,1609,0.047,33.3,26.5,52.5,64,4,-36,-1551,0.8,115.2,0,"Normal",0
2025-11-09 20:35:00,"IIOT_10","Controller","Modbus",166,1766,0.021,26.3,52.1,56.4,64,6,75,157,1.98,115.4,0,"Data Injection",1
2025-11-09 20:40:00,"IIOT_5","Actuator","Modbus",194,2189,0.001,28.7,75.8,75.6,84,4,28,423,2.64,93,0,"Normal",0
2025-11-09 20:45:00,"IIOT_6","Sensor","HTTP",182,1245,0.057,27.9,46.9,65.7,143,7,-12,-944,1.68,90.8,0,"Normal",0
2025-11-09 20:50:00,"IIOT_4","Actuator","HTTP",64,3016,0.015,24.9,64.3,65.6,111,8,-118,1771,2.58,93.2,0,"Normal",0
2025-11-09 20:55:00,"IIOT_6","Sensor","MQTT",114,1622,0.019,29.6,71.6,59.6,118,7,50,-1394,2.42,104,0,"Normal",0
2025-11-09 21:00:00,"IIOT_4","Sensor","HTTP",68,756,0.033,16.5,56.3,59,62,7,-46,-866,3.41,103.6,0,"Normal",0
2025-11-09 21:05:00,"IIOT_9","Actuator","HTTP",107,3223,0.052,39.6,55,63.4,122,10,39,2467,1.39,111.2,0,"Normal",0
2025-11-09 21:10:00,"IIOT_3","Sensor","Modbus",186,1596,0.079,25.9,36.8,56.3,89,10,79,-1627,1.42,100.4,0,"Normal",0
2025-11-09 21:15:00,"IIOT_3","Sensor","Modbus",101,2199,0.085,31.6,69.6,84.8,165,8,-85,603,2.2,111.2,1,"MITM",1
2025-11-09 21:20:00,"IIOT_1","Sensor","MQTT",137,1989,0.061,23.2,88.4,84.4,85,5,36,-210,3.81,104.6,0,"Spoofing",1
2025-11-09 21:25:00,"IIOT_7","Sensor","MQTT",178,2942,0.033,39.9,21.6,64.5,143,7,41,953,0.54,120.8,0,"MITM",1
2025-11-09 21:30:00,"IIOT_10","Sensor","Modbus",100,1905,0.045,28.5,70.3,57.6,149,2,-78,-1037,2.47,126.2,0,"Normal",0
2025-11-09 21:35:00,"IIOT_5","Sensor","MQTT",136,2535,0.056,34.6,84.2,30.3,48,4,36,630,2.43,118,0,"MITM",1
2025-11-09 21:40:00,"IIOT_10","Sensor","MQTT",171,3123,0.055,34.6,38.8,46.3,127,3,35,588,1.12,110.4,0,"Normal",0
2025-11-09 21:45:00,"IIOT_8","Actuator","Modbus",150,974,0.02,25.5,47,59.9,102,5,-21,-2149,1.84,113.8,0,"Normal",0
2025-11-09 21:50:00,"IIOT_3","Sensor","HTTP",84,1596,0.045,29.7,82.5,76.8,95,7,-66,622,2.78,104.2,0,"Normal",0
2025-11-09 21:55:00,"IIOT_6","Sensor","MQTT",97,2587,0.012,33.4,61.6,80,92,4,13,991,1.84,92.8,0,"DoS",1
2025-11-09 22:00:00,"IIOT_8","Controller","HTTP",167,1208,0.011,29.8,64.3,58.3,91,5,70,-1379,2.16,101.4,0,"DoS",1
2025-11-09 22:05:00,"IIOT_8","Sensor","MQTT",76,2396,0.085,26.5,67.5,39.8,138,3,-91,1188,2.55,103.6,0,"DoS",1
2025-11-09 22:10:00,"IIOT_10","Actuator","MQTT",90,1979,0.039,26.5,69.5,45.3,98,7,14,-417,2.62,102.8,0,"Normal",0
2025-11-09 22:15:00,"IIOT_4","Actuator","MQTT",172,2025,0.083,33.3,45.8,76.6,87,1,82,46,1.38,101.2,0,"DoS",1
2025-11-09 22:20:00,"IIOT_7","Sensor","Modbus",169,3567,0.045,29.5,41.9,66.6,115,8,-3,1542,1.42,105.8,0,"Normal",0
2025-11-09 22:25:00,"IIOT_9","Controller","Modbus",125,1892,0.073,22.3,33.8,47.3,77,10,-44,-1675,1.52,103,0,"Normal",0
2025-11-09 22:30:00,"IIOT_5","Controller","MQTT",129,1904,0.025,33.2,45.6,55.5,95,1,4,12,1.37,94.4,0,"Normal",0
2025-11-09 22:35:00,"IIOT_2","Sensor","HTTP",135,2217,0.017,24.7,77.2,61.6,183,5,6,313,3.13,111.4,1,"Normal",0
2025-11-09 22:40:00,"IIOT_9","Controller","MQTT",80,1547,0.083,28.2,82.5,37.6,92,5,-55,-670,2.93,112.4,0,"Normal",0
2025-11-09 22:45:00,"IIOT_3","Sensor","Modbus",153,1640,0.082,30,79.3,42.6,99,8,73,93,2.64,109.2,0,"Normal",0
2025-11-09 22:50:00,"IIOT_10","Actuator","MQTT",152,1607,0.043,34,35.9,54.8,136,8,-1,-33,1.06,121,0,"Data Injection",1
2025-11-09 22:55:00,"IIOT_9","Sensor","Modbus",160,2871,0.077,33.3,74.7,83.2,111,7,8,1264,2.24,124.2,0,"Data Injection",1
2025-11-09 23:00:00,"IIOT_7","Sensor","MQTT",151,1189,0.021,25.1,25.3,67.9,68,7,-9,-1682,1.01,101.2,0,"Spoofing",1
2025-11-09 23:05:00,"IIOT_9","Sensor","MQTT",102,2052,0.028,32.4,60,61.1,83,8,-49,863,1.85,99.4,0,"Normal",0
2025-11-09 23:10:00,"IIOT_5","Sensor","MQTT",133,2459,0.086,19.8,51.4,48.1,149,8,31,407,2.6,109.4,0,"Normal",0
2025-11-09 23:15:00,"IIOT_2","Actuator","Modbus",85,944,0.049,30.2,27.9,78.8,104,2,-48,-1515,0.92,103,0,"Data Injection",1
2025-11-09 23:20:00,"IIOT_10","Actuator","Modbus",91,1667,0.051,30.9,75.8,49.3,148,1,6,723,2.45,110.4,0,"DoS",1
2025-11-09 23:25:00,"IIOT_9","Sensor","Modbus",19,2320,0.074,25.3,23.1,69.4,99,4,-72,653,0.91,116.6,0,"Normal",0
2025-11-09 23:30:00,"IIOT_5","Controller","MQTT",172,1552,0.054,36.8,41.5,58.6,131,8,153,-768,1.13,126.2,0,"Normal",0
2025-11-09 23:35:00,"IIOT_3","Sensor","MQTT",86,806,0.013,26.9,53,43.2,159,10,-86,-746,1.97,128.2,1,"Normal",0
2025-11-09 23:40:00,"IIOT_1","Sensor","Modbus",73,1227,0.089,38.7,45.7,37.5,134,7,-13,421,1.18,134.2,0,"Data Injection",1
2025-11-09 23:45:00,"IIOT_7","Actuator","MQTT",133,2010,0.032,31,31.1,82,97,7,60,783,1,124,0,"Data Injection",1
2025-11-09 23:50:00,"IIOT_9","Sensor","HTTP",73,1175,0.064,34.3,48.2,71,156,6,-60,-835,1.41,135.4,1,"Normal",0
2025-11-09 23:55:00,"IIOT_10","Sensor","MQTT",135,1542,0.004,35.9,73.1,44.3,148,4,62,367,2.04,138.8,0,"Normal",0
2025-11-10,"IIOT_9","Controller","Modbus",136,3002,0.012,32.6,66.6,38.6,113,5,1,1460,2.04,129.6,0,"Normal",0
2025-11-10 00:05:00,"IIOT_3","Sensor","MQTT",65,2010,0.011,26.9,29.4,60.7,79,3,-71,-992,1.09,118.6,0,"Normal",0
2025-11-10 00:10:00,"IIOT_6","Controller","Modbus",153,1430,0.014,26.7,27.2,52.5,117,6,88,-580,1.02,122.6,0,"Normal",0
2025-11-10 00:15:00,"IIOT_5","Sensor","MQTT",76,2912,0.053,32.7,30.8,77.4,68,4,-77,1482,0.94,105,0,"DoS",1
2025-11-10 00:20:00,"IIOT_3","Controller","Modbus",68,1636,0.023,26.4,37.9,79,47,4,-8,-1276,1.44,84.8,0,"Normal",0
2025-11-10 00:25:00,"IIOT_4","Actuator","Modbus",57,1904,0.039,23.5,73.3,45.6,51,6,-11,268,3.12,72.4,0,"Normal",0
2025-11-10 00:30:00,"IIOT_1","Controller","Modbus",56,2759,0.055,34.1,85.9,47.2,65,10,-1,855,2.52,69.6,0,"Data Injection",1
2025-11-10 00:35:00,"IIOT_6","Controller","Modbus",133,1758,0.006,18.9,57.5,80,48,7,77,-1001,3.04,55.8,0,"Normal",0
2025-11-10 00:40:00,"IIOT_9","Controller","MQTT",95,1782,0.091,26.4,20.9,34.7,112,9,-38,24,0.79,64.6,0,"DoS",1
2025-11-10 00:45:00,"IIOT_6","Sensor","MQTT",135,1856,0.058,25.5,27.6,53.3,47,7,40,74,1.08,64.6,0,"Normal",0
2025-11-10 00:50:00,"IIOT_5","Sensor","MQTT",83,2744,0.077,29.6,84,67.8,94,9,-52,888,2.84,73.2,0,"Data Injection",1
2025-11-10 00:55:00,"IIOT_5","Actuator","HTTP",82,982,0.052,31.1,78.3,82.6,50,9,-1,-1762,2.52,70.2,0,"Data Injection",1
2025-11-10 01:00:00,"IIOT_3","Sensor","Modbus",192,1027,0.06,34.4,37.6,64.2,90,5,110,45,1.09,78.6,0,"Data Injection",1
2025-11-10 01:05:00,"IIOT_5","Sensor","Modbus",83,2003,0.061,23.9,35.1,69.1,125,2,-109,976,1.47,81.2,0,"Normal",0
2025-11-10 01:10:00,"IIOT_4","Sensor","Modbus",152,732,0.049,30.7,65.4,78.4,107,9,69,-1271,2.13,93.2,0,"DoS",1
2025-11-10 01:15:00,"IIOT_6","Sensor","HTTP",52,1804,0.035,26.5,74.8,38.2,130,7,-100,1072,2.82,100.4,0,"Normal",0
2025-11-10 01:20:00,"IIOT_6","Actuator","MQTT",108,1595,0.002,36.2,25.8,50.8,28,2,56,-209,0.71,96,0,"DoS",1
2025-11-10 01:25:00,"IIOT_3","Sensor","HTTP",66,2202,0.045,28.9,43.1,51.6,92,3,-42,607,1.49,96.4,0,"DoS",1
2025-11-10 01:30:00,"IIOT_9","Actuator","Modbus",84,1441,0.034,28.6,49.3,74.8,135,2,18,-761,1.72,98.4,0,"Normal",0
2025-11-10 01:35:00,"IIOT_8","Actuator","HTTP",183,1762,0.005,22.5,31,70.2,84,6,99,321,1.38,93.8,0,"Normal",0
2025-11-10 01:40:00,"IIOT_6","Actuator","HTTP",114,1225,0.075,38.9,46,35.2,96,5,-69,-537,1.18,87,0,"Normal",0
2025-11-10 01:45:00,"IIOT_7","Actuator","Modbus",162,3778,0.017,27.3,34.1,32,62,2,48,2553,1.25,93.8,0,"Normal",0
2025-11-10 01:50:00,"IIOT_1","Sensor","MQTT",162,2523,0.09,25.8,59.6,51.5,140,3,0,-1255,2.31,103.4,0,"Normal",0
2025-11-10 01:55:00,"IIOT_9","Actuator","MQTT",202,1317,0.046,23,74.2,81.9,97,7,40,-1206,3.23,95.8,0,"DoS",1
2025-11-10 02:00:00,"IIOT_2","Actuator","Modbus",105,1459,0.047,23.2,44.3,72.8,123,5,-97,142,1.91,103.6,0,"Normal",0
2025-11-10 02:05:00,"IIOT_5","Controller","Modbus",164,2309,0.046,25.5,22.7,79.4,36,3,59,850,0.89,91.6,0,"DoS",1
2025-11-10 02:10:00,"IIOT_9","Actuator","HTTP",109,1646,0.048,28.8,27.8,53.1,69,3,-55,-663,0.97,93,0,"Data Injection",1
2025-11-10 02:15:00,"IIOT_5","Sensor","Modbus",52,838,0.094,33.7,57,61.3,118,3,-57,-808,1.69,88.6,0,"Normal",0
2025-11-10 02:20:00,"IIOT_8","Actuator","MQTT",112,711,0.018,26.6,88.7,30.9,178,4,60,-127,3.33,104.8,1,"Normal",0
2025-11-10 02:25:00,"IIOT_3","Actuator","Modbus",125,1870,0.056,34.9,39.9,34,77,5,13,1159,1.14,95.6,0,"Normal",0
2025-11-10 02:30:00,"IIOT_2","Controller","Modbus",171,2370,0.053,36.6,42.7,84.8,29,5,46,500,1.17,94.2,0,"DoS",1
2025-11-10 02:35:00,"IIOT_5","Actuator","HTTP",97,1583,0.044,28.1,66.9,80.5,169,5,-74,-787,2.38,114.2,1,"MITM",1
2025-11-10 02:40:00,"IIOT_10","Actuator","MQTT",180,764,0.062,30.9,33.9,76.7,149,4,83,-819,1.1,120.4,0,"MITM",1
2025-11-10 02:45:00,"IIOT_9","Sensor","Modbus",107,980,0.065,34,47.9,56.6,149,4,-73,216,1.41,114.6,0,"Normal",0
2025-11-10 02:50:00,"IIOT_3","Controller","MQTT",101,2292,0.062,19.8,52.9,65.7,75,6,-6,1312,2.67,114.2,0,"Data Injection",1
2025-11-10 02:55:00,"IIOT_3","Controller","Modbus",85,1767,0.029,27.5,60.4,51.1,15,7,-16,-525,2.2,111.4,0,"Normal",0
2025-11-10 03:00:00,"IIOT_2","Controller","Modbus",120,710,0.026,22.7,81.8,48.3,82,4,35,-1057,3.6,94,0,"MITM",1
2025-11-10 03:05:00,"IIOT_7","Actuator","MQTT",87,2681,0.035,29.8,21.8,34.8,162,9,-33,1971,0.73,96.6,1,"Normal",0
2025-11-10 03:10:00,"IIOT_2","Actuator","HTTP",82,1534,0.049,36.1,85.2,62.7,72,9,-5,-1147,2.36,81.2,0,"Normal",0
2025-11-10 03:15:00,"IIOT_5","Controller","Modbus",122,3428,0.013,24.7,60.2,46.4,50,4,40,1894,2.44,76.2,0,"DoS",1
2025-11-10 03:20:00,"IIOT_10","Controller","MQTT",98,998,0.087,37,39.7,83.6,147,7,-24,-2430,1.07,102.6,0,"Normal",0
2025-11-10 03:25:00,"IIOT_6","Actuator","Modbus",57,2045,0.068,29.4,32.9,73.1,81,4,-41,1047,1.12,102.4,0,"Normal",0
2025-11-10 03:30:00,"IIOT_1","Sensor","MQTT",182,1185,0.038,29.2,35.1,49.2,121,9,125,-860,1.2,94.2,0,"MITM",1
2025-11-10 03:35:00,"IIOT_1","Actuator","MQTT",66,1803,0.089,30.4,86.8,82.3,111,7,-116,618,2.86,102,0,"Normal",0
2025-11-10 03:40:00,"IIOT_6","Sensor","MQTT",144,2295,0.012,31.3,37.6,51.7,43,6,78,492,1.2,100.6,0,"MITM",1
2025-11-10 03:45:00,"IIOT_2","Actuator","Modbus",104,2539,0.075,26.8,23.4,40.1,33,9,-40,244,0.87,77.8,0,"Normal",0
2025-11-10 03:50:00,"IIOT_6","Sensor","Modbus",169,1611,0.07,29.3,70,30.1,87,2,65,-928,2.39,79,0,"Normal",0
2025-11-10 03:55:00,"IIOT_7","Controller","Modbus",138,1864,0.002,32.3,73.5,45.4,125,5,-31,253,2.28,79.8,0,"DoS",1
2025-11-10 04:00:00,"IIOT_8","Controller","MQTT",96,460,0.056,31.8,31.4,44.8,103,2,-42,-1404,0.99,78.2,0,"Data Injection",1
2025-11-10 04:05:00,"IIOT_9","Sensor","HTTP",177,1950,0.008,28.7,49.8,73.5,18,8,81,1490,1.74,73.2,0,"Normal",0
2025-11-10 04:10:00,"IIOT_7","Sensor","HTTP",103,1981,0.018,28.4,35.6,37.3,160,6,-74,31,1.25,98.6,1,"MITM",1
2025-11-10 04:15:00,"IIOT_10","Actuator","MQTT",146,3027,0.02,34.7,75.7,43.7,123,5,43,1046,2.18,105.8,0,"MITM",1
2025-11-10 04:20:00,"IIOT_4","Sensor","MQTT",180,1647,0.063,24.2,32.7,39.4,101,7,34,-1380,1.35,101,0,"Normal",0
2025-11-10 04:25:00,"IIOT_4","Sensor","MQTT",158,1510,0.09,34.1,59.6,79,60,9,-22,-137,1.75,92.4,0,"DoS",1
2025-11-10 04:30:00,"IIOT_4","Sensor","MQTT",163,2432,0.061,32.5,32.8,50.5,166,9,5,922,1.01,122,1,"Data Injection",1
2025-11-10 04:35:00,"IIOT_10","Sensor","Modbus",78,2257,0.093,35.5,33.4,84.3,155,3,-85,-175,0.94,121,1,"Normal",0
2025-11-10 04:40:00,"IIOT_2","Actuator","HTTP",150,1142,0.062,30,50.9,77,171,9,72,-1115,1.7,130.6,1,"Normal",0
2025-11-10 04:45:00,"IIOT_10","Actuator","Modbus",68,1254,0.043,23.5,64.2,67.4,124,8,-82,112,2.73,135.2,0,"Normal",0
2025-11-10 04:50:00,"IIOT_7","Actuator","Modbus",110,2157,0.054,36.6,22.1,54.8,112,6,42,903,0.6,145.6,0,"MITM",1
2025-11-10 04:55:00,"IIOT_10","Sensor","MQTT",172,2313,0.055,40.6,75.5,59.6,109,5,62,156,1.86,134.2,0,"Normal",0
2025-11-10 05:00:00,"IIOT_9","Actuator","MQTT",92,1779,0.092,29.9,89.2,45.3,42,8,-80,-534,2.98,111.6,0,"Normal",0
2025-11-10 05:05:00,"IIOT_9","Sensor","Modbus",138,2695,0.092,32.4,28.2,77.5,97,8,46,916,0.87,96.8,0,"Normal",0
2025-11-10 05:10:00,"IIOT_3","Sensor","Modbus",117,1733,0.05,26.5,22.8,82.6,82,7,-21,-962,0.86,88.4,0,"Normal",0
2025-11-10 05:15:00,"IIOT_4","Actuator","HTTP",60,2674,0.033,37.7,73.4,39.9,50,3,-57,941,1.95,76,0,"DoS",1
2025-11-10 05:20:00,"IIOT_2","Actuator","MQTT",82,2022,0.035,27.2,83.5,36.5,87,8,22,-652,3.07,71.6,0,"Normal",0
2025-11-10 05:25:00,"IIOT_7","Controller","MQTT",159,2143,0.054,28.8,37.8,48.5,129,3,77,121,1.31,89,0,"Data Injection",1
2025-11-10 05:30:00,"IIOT_5","Controller","MQTT",123,2264,0.049,28.8,76.2,78.1,122,2,-36,121,2.65,94,0,"Normal",0
2025-11-10 05:35:00,"IIOT_8","Actuator","MQTT",129,1808,0.008,33.6,24.8,72.4,123,8,6,-456,0.74,102.2,0,"Normal",0
2025-11-10 05:40:00,"IIOT_9","Actuator","HTTP",135,2025,0.071,29,68.6,79,82,8,6,217,2.37,108.6,0,"Normal",0
2025-11-10 05:45:00,"IIOT_7","Controller","MQTT",105,1591,0.057,35.2,35.7,50.9,101,5,-30,-434,1.01,111.4,0,"Normal",0
2025-11-10 05:50:00,"IIOT_6","Sensor","Modbus",116,2183,0.089,35.2,47.7,60.4,35,5,11,592,1.36,92.6,0,"Normal",0
2025-11-10 05:55:00,"IIOT_9","Sensor","Modbus",94,1837,0.097,24.3,24.7,73.2,70,2,-22,-346,1.02,82.2,0,"MITM",1
2025-11-10 06:00:00,"IIOT_10","Sensor","HTTP",123,1831,0.053,22.4,88.5,63.3,165,6,29,-6,3.95,90.6,1,"Data Injection",1
2025-11-10 06:05:00,"IIOT_3","Controller","MQTT",150,2680,0.043,29.2,77.4,63,57,4,27,849,2.65,85.6,0,"Normal",0
2025-11-10 06:10:00,"IIOT_9","Sensor","Modbus",108,2013,0.072,21.1,47.9,79.5,197,1,-42,-667,2.27,104.8,1,"Normal",0
2025-11-10 06:15:00,"IIOT_2","Controller","HTTP",62,2989,0.017,27.7,55.3,83.9,116,2,-46,976,2,121,0,"Normal",0
2025-11-10 06:20:00,"IIOT_10","Controller","Modbus",174,1914,0.009,20,28,82.7,70,3,112,-1075,1.4,121,0,"Data Injection",1
2025-11-10 06:25:00,"IIOT_9","Sensor","Modbus",11,2072,0.09,26.4,50.4,61.9,119,6,-163,158,1.91,111.8,0,"Normal",0
2025-11-10 06:30:00,"IIOT_10","Sensor","HTTP",108,1317,0.086,22.7,21,61.1,123,2,97,-755,0.93,125,0,"Normal",0
2025-11-10 06:35:00,"IIOT_9","Sensor","MQTT",133,1760,0.064,30.7,43.1,49.2,104,2,25,443,1.4,106.4,0,"Normal",0
2025-11-10 06:40:00,"IIOT_5","Controller","MQTT",119,1035,0.048,32.4,88.3,66.4,154,7,-14,-725,2.73,114,1,"Normal",0
2025-11-10 06:45:00,"IIOT_1","Sensor","Modbus",31,1947,0.09,35.9,80.1,59.8,135,1,-88,912,2.23,127,0,"Normal",0
2025-11-10 06:50:00,"IIOT_9","Controller","Modbus",162,2189,0.081,33.3,35.3,41.3,54,7,131,242,1.06,114,0,"Normal",0
2025-11-10 06:55:00,"IIOT_3","Actuator","MQTT",100,2038,0.034,36.1,58.6,41.6,91,9,-62,-151,1.62,107.6,0,"Normal",0
2025-11-10 07:00:00,"IIOT_10","Controller","Modbus",23,2654,0.044,35,57.5,62.4,58,2,-77,616,1.64,98.4,0,"Normal",0
2025-11-10 07:05:00,"IIOT_4","Actuator","Modbus",231,2131,0.051,27.4,25.4,57.5,69,4,208,-523,0.93,81.4,0,"Normal",0
2025-11-10 07:10:00,"IIOT_5","Sensor","MQTT",182,1989,0.041,32.4,29.8,65.9,126,4,-49,-142,0.92,79.6,0,"Normal",0
2025-11-10 07:15:00,"IIOT_8","Actuator","HTTP",118,1402,0.089,26.7,76,68.8,132,7,-64,-587,2.85,95.2,0,"MITM",1
2025-11-10 07:20:00,"IIOT_2","Sensor","MQTT",82,1979,0.026,31.6,26.7,77.3,124,3,-36,577,0.84,101.8,0,"Normal",0
2025-11-10 07:25:00,"IIOT_1","Sensor","Modbus",88,949,0.084,25.7,59.6,41.8,181,1,6,-1030,2.32,126.4,1,"DoS",1
2025-11-10 07:30:00,"IIOT_1","Sensor","Modbus",88,2164,0.085,29,32.2,57.6,107,6,0,1215,1.11,134,0,"Normal",0
2025-11-10 07:35:00,"IIOT_3","Sensor","MQTT",83,1549,0.005,36.4,48.8,72.7,56,5,-5,-615,1.34,120,0,"MITM",1
2025-11-10 07:40:00,"IIOT_4","Sensor","HTTP",206,2320,0.068,30.4,33.8,51.9,93,6,123,771,1.11,112.2,0,"MITM",1
2025-11-10 07:45:00,"IIOT_8","Controller","MQTT",165,2612,0.049,31.2,52.6,81.7,111,1,-41,292,1.69,109.6,0,"Normal",0
2025-11-10 07:50:00,"IIOT_3","Actuator","Modbus",136,1225,0.007,26.5,27.2,56.8,134,1,-29,-1387,1.03,100.2,0,"Normal",0
2025-11-10 07:55:00,"IIOT_8","Actuator","Modbus",65,3435,0.084,33.1,61.4,77.6,165,2,-71,2210,1.85,111.8,1,"DoS",1
2025-11-10 08:00:00,"IIOT_4","Actuator","Modbus",100,2309,0.095,35,64.7,70.7,82,1,35,-1126,1.85,117,0,"Data Injection",1
2025-11-10 08:05:00,"IIOT_4","Sensor","Modbus",101,1927,0.029,23.9,34.1,40.1,55,2,1,-382,1.43,109.4,0,"Normal",0
2025-11-10 08:10:00,"IIOT_2","Controller","MQTT",174,2464,0.048,29.8,58.2,80.9,90,6,73,537,1.95,105.2,0,"Normal",0
2025-11-10 08:15:00,"IIOT_10","Actuator","Modbus",69,1370,0.016,25.5,82.2,38,54,4,-105,-1094,3.22,89.2,0,"DoS",1
2025-11-10 08:20:00,"IIOT_1","Actuator","Modbus",40,1872,0.082,24.5,63.7,67.9,203,5,-29,502,2.6,96.8,1,"Spoofing",1
2025-11-10 08:25:00,"IIOT_10","Controller","Modbus",79,2179,0.007,35.1,79,83.1,122,3,39,307,2.25,104.8,0,"DoS",1
2025-11-10 08:30:00,"IIOT_2","Controller","MQTT",193,1881,0.077,30.3,82.3,46.4,105,7,114,-298,2.72,114.8,0,"Normal",0
2025-11-10 08:35:00,"IIOT_4","Sensor","MQTT",99,2988,0.014,28.4,25.7,38.3,175,4,-94,1107,0.9,131.8,1,"Data Injection",1
2025-11-10 08:40:00,"IIOT_2","Controller","MQTT",125,2925,0.085,30.3,21.4,57.9,67,9,26,-63,0.71,134.4,0,"Normal",0
2025-11-10 08:45:00,"IIOT_9","Sensor","MQTT",125,794,0.048,25.7,87.6,72.7,147,2,0,-2131,3.41,123.2,0,"DoS",1
2025-11-10 08:50:00,"IIOT_7","Actuator","Modbus",166,2271,0.058,37.1,35.6,78.6,33,8,41,1477,0.96,105.4,0,"Normal",0
2025-11-10 08:55:00,"IIOT_10","Actuator","Modbus",198,1443,0.07,37,80.5,49.6,102,4,32,-828,2.18,104.8,0,"Normal",0
2025-11-10 09:00:00,"IIOT_10","Controller","HTTP",217,2106,0.032,40.6,69.9,80.1,162,6,19,663,1.72,102.2,1,"Normal",0
2025-11-10 09:05:00,"IIOT_8","Controller","MQTT",86,2110,0.004,31.1,67.6,67,169,7,-131,4,2.17,122.6,1,"Normal",0
2025-11-10 09:10:00,"IIOT_7","Sensor","HTTP",127,1979,0.062,20.3,65.2,45.9,52,7,41,-131,3.21,103.6,0,"DoS",1
2025-11-10 09:15:00,"IIOT_6","Sensor","Modbus",175,2286,0.026,42,40.9,60.5,151,7,48,307,0.97,127.2,1,"MITM",1
2025-11-10 09:20:00,"IIOT_10","Actuator","Modbus",127,2440,0.042,33.5,29.6,44.8,188,6,-48,154,0.88,144.4,1,"Normal",0
2025-11-10 09:25:00,"IIOT_6","Sensor","MQTT",206,99,0.008,29.1,83.6,81.5,111,3,79,-2341,2.87,134.2,0,"Normal",0
2025-11-10 09:30:00,"IIOT_7","Sensor","MQTT",147,1573,0.098,20.1,49.9,31.9,-4,6,-59,1474,2.48,99.6,0,"Normal",0
2025-11-10 09:35:00,"IIOT_4","Sensor","Modbus",98,2902,0.045,33.1,66.8,30.7,98,2,-49,1329,2.02,108.8,0,"Normal",0
2025-11-10 09:40:00,"IIOT_8","Actuator","Modbus",115,1683,0.085,23.8,64,84.6,87,7,17,-1219,2.69,96,0,"DoS",1
2025-11-10 09:45:00,"IIOT_10","Sensor","HTTP",175,680,0.071,36.8,85.6,55.9,77,6,60,-1003,2.33,73.8,0,"Normal",0
2025-11-10 09:50:00,"IIOT_7","Sensor","Modbus",147,2678,0.007,22.6,32.5,61.9,90,8,-28,1998,1.44,69.6,0,"Normal",0
2025-11-10 09:55:00,"IIOT_5","Sensor","Modbus",62,1586,0.017,37.5,29,54,127,2,-85,-1092,0.77,95.8,0,"DoS",1
2025-11-10 10:00:00,"IIOT_10","Sensor","Modbus",155,731,0.074,23.8,60.1,35.6,98,3,93,-855,2.53,95.8,0,"MITM",1
2025-11-10 10:05:00,"IIOT_9","Sensor","HTTP",190,2926,0.015,21.7,25.6,62.8,131,9,35,2195,1.18,104.6,0,"Normal",0
2025-11-10 10:10:00,"IIOT_4","Sensor","MQTT",230,1556,0.039,25,88.6,67.3,156,2,40,-1370,3.54,120.4,1,"Normal",0
2025-11-10 10:15:00,"IIOT_10","Actuator","Modbus",171,1990,0.091,33.8,68.9,41.2,65,8,-59,434,2.04,115.4,0,"Normal",0
2025-11-10 10:20:00,"IIOT_2","Actuator","HTTP",142,2416,0.081,25.5,55.6,62.2,54,10,-29,426,2.18,100.8,0,"Normal",0
2025-11-10 10:25:00,"IIOT_7","Actuator","Modbus",117,1883,0.01,36.8,21.3,45,95,10,-25,-533,0.58,100.2,0,"Normal",0
2025-11-10 10:30:00,"IIOT_6","Sensor","HTTP",115,2232,0.058,28.1,26.7,44.5,101,3,-2,349,0.95,94.2,0,"Data Injection",1
2025-11-10 10:35:00,"IIOT_5","Sensor","Modbus",117,1815,0.032,40,35.8,60.9,94,1,2,-417,0.89,81.8,0,"Normal",0
2025-11-10 10:40:00,"IIOT_10","Sensor","Modbus",123,458,0.055,24.1,60.2,76.6,82,10,6,-1357,2.5,85.2,0,"Spoofing",1
2025-11-10 10:45:00,"IIOT_1","Sensor","Modbus",111,3077,0.069,35.9,52.3,59.8,135,10,-12,2619,1.46,101.4,0,"DoS",1
2025-11-10 10:50:00,"IIOT_9","Sensor","MQTT",97,2419,0.078,36.2,25.5,51.6,141,8,-14,-658,0.7,110.6,0,"Normal",0
2025-11-10 10:55:00,"IIOT_4","Actuator","Modbus",144,3010,0.052,32.7,30.6,37.1,173,2,47,591,0.94,125,1,"Normal",0
2025-11-10 11:00:00,"IIOT_2","Sensor","Modbus",153,2584,0.023,30.4,33.4,74.5,91,4,9,-426,1.1,124.4,0,"Normal",0
2025-11-10 11:05:00,"IIOT_9","Sensor","MQTT",82,4025,0.011,26.3,41,34.6,135,5,-71,1441,1.56,135,0,"Normal",0
2025-11-10 11:10:00,"IIOT_5","Sensor","Modbus",94,1345,0.052,26.3,45.3,54.1,134,4,12,-2680,1.72,134.8,0,"Normal",0
2025-11-10 11:15:00,"IIOT_3","Sensor","HTTP",85,2434,0.09,19.4,78.7,43.7,91,1,-9,1089,4.06,124.8,0,"Normal",0
2025-11-10 11:20:00,"IIOT_4","Actuator","MQTT",107,3527,0.054,34.2,42.8,39.7,88,7,22,1093,1.25,107.8,0,"Normal",0
2025-11-10 11:25:00,"IIOT_7","Actuator","MQTT",148,1508,0.01,33.6,62.4,67.1,100,9,41,-2019,1.86,109.6,0,"MITM",1
2025-11-10 11:30:00,"IIOT_5","Controller","Modbus",112,2360,0.043,33.1,32,72.1,89,10,-36,852,0.97,100.4,0,"DoS",1
2025-11-10 11:35:00,"IIOT_9","Actuator","MQTT",148,1764,0.085,41.3,81,82.2,125,3,36,-596,1.96,98.6,0,"Normal",0
2025-11-10 11:40:00,"IIOT_9","Sensor","MQTT",15,2818,0.039,32.5,72.6,52.6,69,8,-133,1054,2.23,94.2,0,"Normal",0
2025-11-10 11:45:00,"IIOT_3","Sensor","HTTP",130,1768,0.066,25.9,75.6,31.1,152,9,115,-1050,2.92,107,1,"Normal",0
2025-11-10 11:50:00,"IIOT_9","Controller","MQTT",113,1600,0.099,25.3,45.2,45.1,116,5,-17,-168,1.79,110.2,0,"Data Injection",1
2025-11-10 11:55:00,"IIOT_9","Sensor","Modbus",109,1203,0.029,37.9,71.5,72.7,121,7,-4,-397,1.89,116.6,0,"Normal",0
2025-11-10 12:00:00,"IIOT_4","Sensor","HTTP",111,3121,0.03,29.4,31.6,34.9,78,9,2,1918,1.07,107.2,0,"Normal",0
2025-11-10 12:05:00,"IIOT_8","Actuator","Modbus",149,2350,0.073,26,89.6,83.9,82,7,38,-771,3.45,109.8,0,"Normal",0
2025-11-10 12:10:00,"IIOT_10","Sensor","MQTT",176,1452,0.019,29.4,43.8,79.8,87,5,27,-898,1.49,96.8,0,"Data Injection",1
2025-11-10 12:15:00,"IIOT_7","Sensor","MQTT",23,2881,0.085,28,60.2,40.1,127,8,-153,1429,2.15,99,0,"DoS",1
2025-11-10 12:20:00,"IIOT_6","Sensor","Modbus",130,2811,0.071,24.3,58.2,37.1,69,5,107,-70,2.4,88.6,0,"Data Injection",1
2025-11-10 12:25:00,"IIOT_10","Controller","MQTT",83,2384,0.079,36.8,89.6,68.3,145,3,-47,-427,2.43,102,0,"Normal",0
2025-11-10 12:30:00,"IIOT_4","Sensor","MQTT",104,2088,0.004,25.9,36.5,63.9,92,4,21,-296,1.41,104,0,"MITM",1
2025-11-10 12:35:00,"IIOT_1","Actuator","Modbus",160,1012,0.087,23.5,37.6,76.8,86,4,56,-1076,1.6,103.8,0,"Data Injection",1
2025-11-10 12:40:00,"IIOT_6","Sensor","Modbus",118,2177,0.01,32.9,42.8,75.8,135,6,-42,1165,1.3,105.4,0,"DoS",1
2025-11-10 12:45:00,"IIOT_4","Controller","MQTT",103,2820,0.059,34.2,29.5,46.6,101,4,-15,643,0.86,111.8,0,"DoS",1
2025-11-10 12:50:00,"IIOT_9","Actuator","Modbus",90,2138,0.089,28.9,53.6,44.3,104,9,-13,-682,1.85,103.6,0,"Normal",0
2025-11-10 12:55:00,"IIOT_10","Actuator","Modbus",120,2732,0.009,33.2,81.6,40.8,116,3,30,594,2.46,108.4,0,"Normal",0
2025-11-10 13:00:00,"IIOT_1","Controller","Modbus",105,1759,0.007,28.1,25,66.5,27,8,-15,-973,0.89,96.6,0,"MITM",1
2025-11-10 13:05:00,"IIOT_3","Sensor","Modbus",185,1251,0.067,22.6,49.7,82.6,135,2,80,-508,2.2,96.6,0,"Normal",0
2025-11-10 13:10:00,"IIOT_3","Actuator","Modbus",205,4177,0.052,28.9,32.3,57.3,65,4,20,2926,1.12,89.4,0,"Normal",0
2025-11-10 13:15:00,"IIOT_1","Controller","Modbus",128,2372,0.069,30.6,49,32.8,98,8,-77,-1805,1.6,88.2,0,"Data Injection",1
2025-11-10 13:20:00,"IIOT_9","Sensor","Modbus",156,2780,0.069,28.9,25,40,46,9,28,408,0.87,74.2,0,"Normal",0
2025-11-10 13:25:00,"IIOT_8","Actuator","Modbus",80,544,0.098,39.7,69.7,48.2,187,2,-76,-2236,1.76,106.2,1,"Normal",0
2025-11-10 13:30:00,"IIOT_9","Actuator","MQTT",171,2628,0.052,25.4,80.4,72.8,104,4,91,2084,3.17,100,0,"DoS",1
2025-11-10 13:35:00,"IIOT_8","Sensor","Modbus",155,3137,0.003,40.7,52.2,35,137,4,-16,509,1.28,114.4,0,"DoS",1
2025-11-10 13:40:00,"IIOT_6","Actuator","MQTT",112,937,0.04,33.6,20.5,31.6,37,5,-43,-2200,0.61,102.2,0,"Normal",0
2025-11-10 13:45:00,"IIOT_2","Controller","MQTT",106,237,0,26,34.8,75.8,175,4,-6,-700,1.34,128,1,"Data Injection",1
2025-11-10 13:50:00,"IIOT_4","Sensor","Modbus",110,2169,0.087,33.1,61.4,32.7,49,4,4,1932,1.85,100.4,0,"MITM",1
2025-11-10 13:55:00,"IIOT_7","Controller","MQTT",95,1863,0.028,21.6,24.2,39,115,4,-15,-306,1.12,102.6,0,"Normal",0
2025-11-10 14:00:00,"IIOT_6","Sensor","Modbus",126,983,0.028,25.1,59.6,75.5,71,10,31,-880,2.37,89.4,0,"MITM",1
2025-11-10 14:05:00,"IIOT_4","Actuator","Modbus",78,2185,0.026,30,81.5,79.6,71,3,-48,1202,2.72,96.2,0,"Normal",0
2025-11-10 14:10:00,"IIOT_10","Sensor","HTTP",105,3449,0.096,28.2,62.9,75.6,139,9,27,1264,2.23,89,0,"Normal",0
2025-11-10 14:15:00,"IIOT_10","Controller","Modbus",81,3289,0.042,29.5,55.4,57.9,68,4,-24,-160,1.88,92.8,0,"Normal",0
2025-11-10 14:20:00,"IIOT_2","Sensor","MQTT",36,1694,0.047,27.7,62.7,33,207,3,-45,-1595,2.26,111.2,1,"Normal",0
2025-11-10 14:25:00,"IIOT_4","Sensor","MQTT",93,1476,0.013,25.1,49.6,51.5,89,8,57,-218,1.98,114.8,0,"DoS",1
2025-11-10 14:30:00,"IIOT_7","Actuator","MQTT",125,2747,0.056,18.6,27,81.5,80,9,32,1271,1.45,116.6,0,"DoS",1
2025-11-10 14:35:00,"IIOT_5","Actuator","HTTP",119,1996,0.064,28.3,40.8,39.5,136,4,-6,-751,1.44,116,0,"Normal",0
2025-11-10 14:40:00,"IIOT_2","Sensor","Modbus",112,1946,0.002,35.2,32.8,66,71,9,-7,-50,0.93,116.6,0,"Normal",0
2025-11-10 14:45:00,"IIOT_6","Actuator","Modbus",99,1692,0.084,27.5,70.2,66.5,129,7,-13,-254,2.55,101,0,"DoS",1
2025-11-10 14:50:00,"IIOT_10","Sensor","Modbus",86,2713,0.062,31.6,26.6,39.1,117,6,-13,1021,0.84,106.6,0,"Normal",0
2025-11-10 14:55:00,"IIOT_10","Controller","HTTP",128,770,0.056,27.6,31.2,65.2,142,10,42,-1943,1.13,119,0,"DoS",1
2025-11-10 15:00:00,"IIOT_7","Sensor","MQTT",140,1420,0.068,34.4,46,74.7,50,7,12,650,1.34,101.8,0,"Data Injection",1
2025-11-10 15:05:00,"IIOT_6","Actuator","Modbus",118,2087,0.088,25.3,64.2,58.3,8,8,-22,667,2.54,89.2,0,"Normal",0
2025-11-10 15:10:00,"IIOT_10","Sensor","MQTT",156,1328,0.044,18,44.4,70,105,8,38,-759,2.47,84.4,0,"DoS",1
2025-11-10 15:15:00,"IIOT_3","Actuator","HTTP",27,1391,0.052,32.2,56.9,32.3,110,7,-129,63,1.77,83,0,"MITM",1
2025-11-10 15:20:00,"IIOT_10","Actuator","MQTT",155,3410,0.067,32.8,60.1,46.8,157,8,128,2019,1.83,86,1,"Normal",0
2025-11-10 15:25:00,"IIOT_7","Sensor","Modbus",45,3442,0.078,26,69.1,44.1,128,5,-110,32,2.66,101.6,0,"Normal",0
2025-11-10 15:30:00,"IIOT_7","Actuator","MQTT",159,3029,0.039,34.6,47.8,61.4,102,7,114,-413,1.38,120.4,0,"DoS",1
2025-11-10 15:35:00,"IIOT_5","Actuator","HTTP",183,1643,0.085,29.3,69.5,73.3,93,2,24,-1386,2.37,118,0,"Normal",0
2025-11-10 15:40:00,"IIOT_7","Sensor","HTTP",127,2923,0.01,35.4,46.9,47.8,171,4,-56,1280,1.32,130.2,1,"Normal",0
2025-11-10 15:45:00,"IIOT_10","Actuator","MQTT",155,1166,0.049,28.3,80,49,85,8,28,-1757,2.83,115.8,0,"Normal",0
2025-11-10 15:50:00,"IIOT_5","Actuator","Modbus",90,1139,0.064,38.9,85,57,67,10,-65,-27,2.19,103.6,0,"Normal",0
2025-11-10 15:55:00,"IIOT_2","Actuator","MQTT",46,2403,0.017,31.4,60.4,72.4,89,3,-44,1264,1.92,101,0,"Data Injection",1
2025-11-10 16:00:00,"IIOT_2","Actuator","HTTP",91,2227,0.038,32.1,44.2,84.5,41,8,45,-176,1.38,90.6,0,"Normal",0
2025-11-10 16:05:00,"IIOT_3","Actuator","Modbus",203,1741,0.078,28.3,47.6,78.9,81,9,112,-486,1.68,72.6,0,"DoS",1
2025-11-10 16:10:00,"IIOT_7","Sensor","Modbus",85,2034,0.024,26.2,76.5,51.4,149,3,-118,293,2.92,85.4,0,"DoS",1
2025-11-10 16:15:00,"IIOT_8","Sensor","MQTT",89,2447,0.07,22.5,59.5,43.3,83,2,4,413,2.64,88.6,0,"Normal",0
2025-11-10 16:20:00,"IIOT_3","Actuator","Modbus",111,2702,0.005,25.8,79.9,34.8,101,3,22,255,3.1,91,0,"DoS",1
2025-11-10 16:25:00,"IIOT_9","Actuator","HTTP",177,1897,0.031,35.1,52.6,63.6,96,2,66,-805,1.5,102,0,"Normal",0
2025-11-10 16:30:00,"IIOT_10","Controller","HTTP",137,2087,0.046,30.6,53.9,42.3,119,6,-40,190,1.76,109.6,0,"DoS",1
2025-11-10 16:35:00,"IIOT_9","Controller","MQTT",103,3213,0.082,34.1,52.6,73.1,92,3,-34,1126,1.54,98.2,0,"Normal",0
2025-11-10 16:40:00,"IIOT_7","Controller","MQTT",238,1618,0.023,27.1,61,43.3,91,6,135,-1595,2.25,99.8,0,"Normal",0
2025-11-10 16:45:00,"IIOT_8","Controller","MQTT",167,1582,0.045,31.3,68.4,56.8,194,6,-71,-36,2.19,118.4,1,"Normal",0
2025-11-10 16:50:00,"IIOT_6","Controller","MQTT",150,1906,0.044,30.1,85.4,47,85,6,-17,324,2.84,116.2,0,"DoS",1
2025-11-10 16:55:00,"IIOT_5","Sensor","HTTP",185,2268,0.058,32.7,47,42.6,87,7,35,362,1.44,109.8,0,"Normal",0
2025-11-10 17:00:00,"IIOT_10","Sensor","MQTT",192,681,0.029,23.2,88.9,81.3,183,4,7,-1587,3.83,128,1,"DoS",1
2025-11-10 17:05:00,"IIOT_1","Sensor","Modbus",100,2845,0.012,34.7,58.2,63,165,6,-92,2164,1.68,142.8,1,"Normal",0
2025-11-10 17:10:00,"IIOT_8","Sensor","Modbus",137,2573,0.022,26.9,22.1,56.8,96,6,37,-272,0.82,123.2,0,"Spoofing",1
2025-11-10 17:15:00,"IIOT_4","Actuator","Modbus",89,1311,0.1,22.9,88.4,43.8,167,10,-48,-1262,3.86,139.6,1,"Normal",0
2025-11-10 17:20:00,"IIOT_2","Controller","Modbus",86,1560,0.052,22.6,40.1,36.2,104,6,-3,249,1.77,143,0,"Data Injection",1
2025-11-10 17:25:00,"IIOT_10","Sensor","Modbus",179,1400,0.049,23.3,68.7,50.8,81,9,93,-160,2.95,122.6,0,"Normal",0
2025-11-10 17:30:00,"IIOT_10","Sensor","Modbus",95,1196,0.071,20.6,26.3,36.7,129,3,-84,-204,1.28,115.4,0,"Normal",0
2025-11-10 17:35:00,"IIOT_4","Sensor","HTTP",117,2526,0.066,28,34.9,65.5,152,8,22,1330,1.25,126.6,1,"DoS",1
2025-11-10 17:40:00,"IIOT_6","Sensor","MQTT",97,2891,0.015,31.7,89.3,84.7,100,7,-20,365,2.82,113.2,0,"MITM",1
2025-11-10 17:45:00,"IIOT_6","Actuator","HTTP",118,1724,0.037,37.5,32.5,74.9,108,6,21,-1167,0.87,114,0,"Normal",0
2025-11-10 17:50:00,"IIOT_8","Actuator","HTTP",158,3452,0.051,22.7,28.8,30.8,70,3,40,1728,1.27,111.8,0,"Data Injection",1
2025-11-10 17:55:00,"IIOT_3","Actuator","MQTT",91,1923,0.02,23,25.2,74.7,58,3,-67,-1529,1.1,97.6,0,"Spoofing",1
2025-11-10 18:00:00,"IIOT_5","Actuator","MQTT",135,2503,0.041,38.5,84.2,37.4,144,5,44,580,2.19,96,0,"Normal",0
2025-11-10 18:05:00,"IIOT_10","Actuator","Modbus",108,2453,0.047,30,48.4,69.9,94,9,-27,-50,1.61,94.8,0,"DoS",1
2025-11-10 18:10:00,"IIOT_9","Controller","MQTT",6,2866,0.078,35.4,34.6,75.3,145,1,-102,413,0.98,102.2,0,"DoS",1
2025-11-10 18:15:00,"IIOT_9","Actuator","HTTP",128,1063,0.063,28.8,44.1,41.6,118,5,122,-1803,1.53,111.8,0,"DoS",1
2025-11-10 18:20:00,"IIOT_5","Sensor","MQTT",130,1990,0.004,26.1,38.8,67.3,116,4,2,927,1.49,123.4,0,"Data Injection",1
2025-11-10 18:25:00,"IIOT_4","Actuator","MQTT",84,3294,0.017,25.7,43.9,51.3,167,1,-46,1304,1.71,128,1,"Normal",0
2025-11-10 18:30:00,"IIOT_8","Sensor","Modbus",98,491,0.066,34.4,40.2,82.5,95,3,14,-2803,1.17,128.2,0,"Normal",0
2025-11-10 18:35:00,"IIOT_8","Controller","MQTT",77,2142,0.096,40.8,69.9,50.2,85,2,-21,1651,1.71,116.2,0,"Normal",0
2025-11-10 18:40:00,"IIOT_4","Controller","MQTT",128,1519,0.094,38.4,56.6,35,107,5,51,-623,1.47,114,0,"Normal",0
2025-11-10 18:45:00,"IIOT_7","Actuator","MQTT",147,2327,0.097,33.9,78.9,68.9,201,3,19,808,2.33,131,1,"Normal",0
2025-11-10 18:50:00,"IIOT_2","Actuator","Modbus",161,3468,0.023,27.9,71.1,46.8,83,2,14,1141,2.55,114.2,0,"Normal",0
2025-11-10 18:55:00,"IIOT_2","Actuator","MQTT",126,679,0.015,29.9,56.5,66.9,121,9,-35,-2789,1.89,119.4,0,"DoS",1
2025-11-10 19:00:00,"IIOT_2","Sensor","Modbus",151,2227,0.08,32.8,29.6,30.7,97,9,25,1548,0.9,121.8,0,"Normal",0
2025-11-10 19:05:00,"IIOT_8","Actuator","Modbus",78,2398,0.084,34.9,61.4,43.3,52,5,-73,171,1.76,110.8,0,"Normal",0
2025-11-10 19:10:00,"IIOT_6","Actuator","MQTT",74,1791,0.069,25.7,21.3,37.6,51,7,-4,-607,0.83,80.8,0,"Normal",0
2025-11-10 19:15:00,"IIOT_9","Controller","Modbus",121,1939,0.069,25,53.4,66.1,83,8,47,148,2.14,80.8,0,"Normal",0
2025-11-10 19:20:00,"IIOT_8","Controller","HTTP",93,1977,0.066,29.4,64.1,58.3,104,3,-28,38,2.18,77.4,0,"Normal",0
2025-11-10 19:25:00,"IIOT_10","Controller","MQTT",89,1075,0.098,25.1,74.3,56.6,81,1,-4,-902,2.96,74.2,0,"Normal",0
2025-11-10 19:30:00,"IIOT_5","Controller","Modbus",103,2073,0.082,34.7,75.5,68.9,114,7,14,998,2.18,86.6,0,"Data Injection",1
2025-11-10 19:35:00,"IIOT_3","Sensor","HTTP",62,3559,0.014,34.5,75.6,84.7,126,3,-41,1486,2.19,101.6,0,"DoS",1
2025-11-10 19:40:00,"IIOT_2","Sensor","MQTT",169,500,0.074,30.1,59.6,36.3,103,5,107,-3059,1.98,105.6,0,"Spoofing",1
2025-11-10 19:45:00,"IIOT_10","Controller","Modbus",136,1947,0.03,31.2,55.6,71.8,160,7,-33,1447,1.78,116.8,1,"MITM",1
2025-11-10 19:50:00,"IIOT_6","Sensor","MQTT",67,1611,0.023,26.5,61.2,71.1,140,4,-69,-336,2.31,128.6,0,"DoS",1
2025-11-10 19:55:00,"IIOT_2","Controller","HTTP",155,1987,0.028,30.1,51.2,37,157,4,88,376,1.7,137.2,1,"Normal",0
2025-11-10 20:00:00,"IIOT_2","Sensor","Modbus",109,1648,0.084,34,58.8,65.8,37,9,-46,-339,1.73,119.4,0,"DoS",1
2025-11-10 20:05:00,"IIOT_9","Sensor","MQTT",170,1966,0.059,44.9,20.9,30.9,101,3,61,318,0.47,119,0,"Normal",0
2025-11-10 20:10:00,"IIOT_9","Actuator","MQTT",111,2009,0.028,28.1,69.5,76.6,117,2,-59,43,2.47,110.4,0,"Normal",0
2025-11-10 20:15:00,"IIOT_4","Sensor","HTTP",155,1716,0.063,27.1,40.9,48.3,75,3,44,-293,1.51,97.4,0,"Normal",0
2025-11-10 20:20:00,"IIOT_1","Actuator","HTTP",104,1191,0.063,33.5,72,84.6,75,5,-51,-525,2.15,81,0,"Normal",0
2025-11-10 20:25:00,"IIOT_5","Actuator","HTTP",167,1166,0.08,27.9,20.4,55.5,78,5,63,-25,0.73,89.2,0,"MITM",1
2025-11-10 20:30:00,"IIOT_7","Sensor","MQTT",161,2359,0.073,32,89.8,71.6,106,9,-6,1193,2.81,90.2,0,"MITM",1
2025-11-10 20:35:00,"IIOT_6","Controller","Modbus",139,1882,0.087,32.1,76.6,68.9,132,6,-22,-477,2.39,93.2,0,"Normal",0
2025-11-10 20:40:00,"IIOT_1","Sensor","MQTT",56,1023,0.002,29.3,27.1,59.5,128,4,-83,-859,0.92,103.8,0,"Normal",0
2025-11-10 20:45:00,"IIOT_1","Actuator","MQTT",171,1452,0.022,27.9,44.2,79.1,50,1,115,429,1.58,98.8,0,"Normal",0
2025-11-10 20:50:00,"IIOT_10","Sensor","HTTP",78,1486,0.054,20.7,78.4,73.9,47,8,-93,34,3.79,92.6,0,"Normal",0
2025-11-10 20:55:00,"IIOT_7","Sensor","MQTT",122,1136,0.091,27.5,45.6,81.2,123,7,44,-350,1.66,96,0,"Normal",0
2025-11-10 21:00:00,"IIOT_7","Sensor","HTTP",103,1855,0.021,26.2,68.7,44.3,94,4,-19,719,2.62,88.4,0,"Normal",0
2025-11-10 21:05:00,"IIOT_8","Actuator","Modbus",107,1959,0.015,31.7,21.2,47.5,82,7,4,104,0.67,79.2,0,"Normal",0
2025-11-10 21:10:00,"IIOT_6","Sensor","Modbus",89,2533,0.017,24.5,71.3,67.6,86,9,-18,574,2.91,86.4,0,"Normal",0
2025-11-10 21:15:00,"IIOT_1","Sensor","MQTT",52,2166,0.093,37,44.2,79.9,151,10,-37,-367,1.19,107.2,1,"Normal",0
2025-11-10 21:20:00,"IIOT_10","Sensor","HTTP",159,2866,0.037,30.7,80.2,79,35,2,107,700,2.61,89.6,0,"Normal",0
2025-11-10 21:25:00,"IIOT_4","Sensor","Modbus",76,2444,0.071,36,50.4,82.3,-12,3,-83,-422,1.4,68.4,0,"DoS",1
2025-11-10 21:30:00,"IIOT_6","Controller","HTTP",71,3090,0.046,36.4,40.6,64.8,92,8,-5,646,1.12,70.4,0,"MITM",1
2025-11-10 21:35:00,"IIOT_10","Sensor","HTTP",142,1435,0.035,28.8,42.4,55.8,128,4,71,-1655,1.47,78.8,0,"Normal",0
2025-11-10 21:40:00,"IIOT_10","Actuator","MQTT",112,1103,0.047,34.7,22.5,84.1,14,10,-30,-332,0.65,51.4,0,"Normal",0
2025-11-10 21:45:00,"IIOT_7","Controller","MQTT",108,2116,0.098,26,45.8,60.6,96,8,-4,1013,1.76,63.6,0,"DoS",1
2025-11-10 21:50:00,"IIOT_8","Sensor","Modbus",159,2106,0.074,28.1,54.9,39.2,79,9,51,-10,1.95,81.8,0,"Normal",0
2025-11-10 21:55:00,"IIOT_10","Sensor","MQTT",198,2316,0.06,36.6,63.9,44.9,174,3,39,210,1.75,98.2,1,"Normal",0
2025-11-10 22:00:00,"IIOT_9","Actuator","MQTT",85,2092,0.006,31.2,72.2,67.3,39,3,-113,-224,2.31,80.4,0,"Normal",0
2025-11-10 22:05:00,"IIOT_10","Sensor","HTTP",38,1961,0.049,25.6,60.5,32.4,87,4,-47,-131,2.36,95,0,"Normal",0
2025-11-10 22:10:00,"IIOT_10","Controller","Modbus",132,2429,0.032,38.6,20.1,76.2,96,7,94,468,0.52,95,0,"Normal",0
2025-11-10 22:15:00,"IIOT_6","Controller","MQTT",170,2670,0.023,30,75.2,83.3,104,8,38,241,2.51,100,0,"Data Injection",1
2025-11-10 22:20:00,"IIOT_8","Actuator","Modbus",173,3360,0.075,30.7,75,60.1,88,4,3,690,2.44,82.8,0,"DoS",1
2025-11-10 22:25:00,"IIOT_10","Actuator","HTTP",100,2182,0.093,23.5,48,33.6,148,9,-73,-1178,2.04,104.6,0,"Normal",0
2025-11-10 22:30:00,"IIOT_9","Actuator","Modbus",121,2016,0.071,36.4,23.5,82.1,43,7,21,-166,0.65,95.8,0,"Normal",0
2025-11-10 22:35:00,"IIOT_2","Actuator","Modbus",54,1545,0.074,31.7,64.1,62.2,108,6,-67,-471,2.02,98.2,0,"Normal",0
2025-11-10 22:40:00,"IIOT_10","Controller","Modbus",35,2631,0.051,26.6,86.5,84.8,104,8,-19,1086,3.25,98.2,0,"Normal",0
2025-11-10 22:45:00,"IIOT_10","Sensor","MQTT",154,2320,0.084,29.1,27.3,71.9,92,5,119,-311,0.94,99,0,"Normal",0
2025-11-10 22:50:00,"IIOT_6","Actuator","Modbus",130,518,0.052,35.2,67.1,78.5,97,7,-24,-1802,1.91,88.8,0,"DoS",1
2025-11-10 22:55:00,"IIOT_10","Sensor","Modbus",96,2076,0.05,26.1,26.8,53,62,4,-34,1558,1.03,92.6,0,"Data Injection",1
2025-11-10 23:00:00,"IIOT_6","Controller","Modbus",121,2751,0.075,29,87,50.6,110,2,25,675,3,93,0,"DoS",1
2025-11-10 23:05:00,"IIOT_3","Sensor","MQTT",116,2474,0.052,32,23.5,64,129,8,-5,-277,0.73,98,0,"Normal",0
2025-11-10 23:10:00,"IIOT_4","Actuator","HTTP",108,2727,0.079,31.5,42,39.2,127,7,-8,253,1.33,105,0,"Normal",0
2025-11-10 23:15:00,"IIOT_8","Controller","Modbus",70,2051,0.013,25.2,40.9,37.4,168,3,-38,-676,1.62,119.2,1,"Normal",0
2025-11-10 23:20:00,"IIOT_1","Sensor","MQTT",106,1040,0.094,28.6,83.4,48.3,111,3,36,-1011,2.92,129,0,"Spoofing",1
2025-11-10 23:25:00,"IIOT_8","Controller","MQTT",212,2389,0.038,36.4,77.2,40.1,87,3,106,1349,2.12,124.4,0,"Data Injection",1
2025-11-10 23:30:00,"IIOT_9","Sensor","Modbus",116,2115,0.026,27.1,82.2,49.6,25,9,-96,-274,3.03,103.6,0,"Normal",0
2025-11-10 23:35:00,"IIOT_2","Actuator","MQTT",155,1647,0.067,31.3,89.9,54,114,1,39,-468,2.87,101,0,"Normal",0
2025-11-10 23:40:00,"IIOT_8","Sensor","MQTT",121,2522,0.07,29.9,47.7,34.9,15,7,-34,875,1.6,70.4,0,"Normal",0
2025-11-10 23:45:00,"IIOT_6","Controller","HTTP",127,1442,0.057,33.5,81.5,74.9,113,6,6,-1080,2.43,70.8,0,"DoS",1
2025-11-10 23:50:00,"IIOT_10","Actuator","Modbus",61,1142,0.034,17.1,85.8,69.1,109,6,-66,-300,5.02,75.2,0,"Spoofing",1
2025-11-10 23:55:00,"IIOT_4","Actuator","MQTT",177,970,0.092,30.5,88.9,36.2,111,8,116,-172,2.91,92.4,0,"Normal",0
2025-11-11,"IIOT_8","Sensor","MQTT",79,2545,0.027,36.3,70.1,74.8,15,4,-98,1575,1.93,72.6,0,"DoS",1
2025-11-11 00:05:00,"IIOT_2","Sensor","HTTP",60,1537,0.03,33.1,61.3,81.3,72,10,-19,-1008,1.85,84,0,"Normal",0
2025-11-11 00:10:00,"IIOT_1","Actuator","Modbus",169,1356,0.078,27.5,80,53,61,2,109,-181,2.91,73.6,0,"Normal",0
2025-11-11 00:15:00,"IIOT_2","Sensor","MQTT",68,1964,0.071,32.8,36.7,47.8,66,3,-101,608,1.12,65,0,"Normal",0
2025-11-11 00:20:00,"IIOT_4","Sensor","HTTP",146,2578,0.011,33.6,65.4,56.9,114,5,78,614,1.95,65.6,0,"Normal",0
2025-11-11 00:25:00,"IIOT_3","Controller","Modbus",159,1064,0.059,30.6,84.2,30.1,82,6,13,-1514,2.75,79,0,"Data Injection",1
2025-11-11 00:30:00,"IIOT_2","Sensor","MQTT",190,1038,0.013,22.7,68.4,65.7,173,5,31,-26,3.01,99.2,1,"Normal",0
2025-11-11 00:35:00,"IIOT_9","Sensor","Modbus",174,-208,0.091,25.5,67.9,81.8,116,7,-16,-1246,2.66,110.2,0,"Normal",0
2025-11-11 00:40:00,"IIOT_5","Controller","HTTP",127,1044,0.039,34.8,54.5,69,127,9,-47,1252,1.57,122.4,0,"Normal",0
2025-11-11 00:45:00,"IIOT_8","Actuator","Modbus",165,2670,0.094,34.7,67,78.8,120,9,38,1626,1.93,123.6,0,"DoS",1
2025-11-11 00:50:00,"IIOT_1","Sensor","HTTP",135,2733,0.088,29.8,20.8,45.6,142,2,-30,63,0.7,135.6,0,"Data Injection",1
2025-11-11 00:55:00,"IIOT_4","Sensor","Modbus",118,2204,0.087,30.6,72.5,44.2,153,10,-17,-529,2.37,131.6,1,"Normal",0
2025-11-11 01:00:00,"IIOT_2","Sensor","HTTP",72,2437,0.047,24.2,35.3,36.3,97,9,-46,233,1.46,127.8,0,"Normal",0
2025-11-11 01:05:00,"IIOT_2","Sensor","MQTT",142,1998,0.075,32.5,56.4,82.7,55,7,70,-439,1.74,113.4,0,"Normal",0
2025-11-11 01:10:00,"IIOT_4","Sensor","Modbus",145,2728,0.001,30.2,38.1,71.7,43,5,3,730,1.26,98,0,"Normal",0
2025-11-11 01:15:00,"IIOT_7","Sensor","MQTT",60,1247,0.051,30.6,41.4,34.9,184,3,-85,-1481,1.35,106.4,1,"Normal",0
2025-11-11 01:20:00,"IIOT_9","Sensor","MQTT",171,2269,0.064,26.9,39.7,60.5,100,9,111,1022,1.48,95.8,0,"MITM",1
2025-11-11 01:25:00,"IIOT_1","Sensor","Modbus",157,498,0.063,24.2,71.4,57.6,125,7,-14,-1771,2.95,101.4,0,"MITM",1
2025-11-11 01:30:00,"IIOT_2","Sensor","MQTT",136,1879,0.017,26.8,78.9,49,109,8,-21,1381,2.94,112.2,0,"DoS",1
2025-11-11 01:35:00,"IIOT_6","Sensor","Modbus",143,3440,0.083,33.7,66.7,47.3,75,3,7,1561,1.98,118.6,0,"MITM",1
2025-11-11 01:40:00,"IIOT_2","Actuator","MQTT",118,62,0.039,28.8,32.8,38.6,50,9,-25,-3378,1.14,91.8,0,"DoS",1
2025-11-11 01:45:00,"IIOT_5","Sensor","MQTT",143,1733,0.012,31.3,81.5,47,142,5,25,1671,2.6,100.2,0,"DoS",1
2025-11-11 01:50:00,"IIOT_1","Sensor","MQTT",28,1757,0.037,26.9,39.2,37.6,100,2,-115,24,1.46,95.2,0,"Normal",0
2025-11-11 01:55:00,"IIOT_8","Actuator","MQTT",137,3269,0.009,27,43.4,54.4,189,7,109,1512,1.61,111.2,1,"DoS",1
2025-11-11 02:00:00,"IIOT_4","Actuator","Modbus",123,1244,0.093,37.1,64.8,40.9,136,8,-14,-2025,1.75,123.4,0,"Normal",0
2025-11-11 02:05:00,"IIOT_7","Actuator","Modbus",202,2122,0.032,35,69.7,77.6,121,9,79,878,1.99,137.6,0,"Spoofing",1
2025-11-11 02:10:00,"IIOT_9","Controller","MQTT",151,2000,0.026,26.3,41.2,82.2,69,6,-51,-122,1.57,123,0,"DoS",1
2025-11-11 02:15:00,"IIOT_7","Sensor","Modbus",163,2087,0.092,29.2,75.4,45.3,128,6,12,87,2.58,128.6,0,"Normal",0
2025-11-11 02:20:00,"IIOT_10","Sensor","Modbus",135,759,0.013,31.5,60.3,31,17,10,-28,-1328,1.91,94.2,0,"Normal",0
2025-11-11 02:25:00,"IIOT_7","Controller","MQTT",190,1622,0.08,28.7,54.5,65.1,52,1,55,863,1.9,77.4,0,"Normal",0
2025-11-11 02:30:00,"IIOT_10","Controller","MQTT",143,438,0.016,40.2,67.6,39.9,82,4,-47,-1184,1.68,69.6,0,"Normal",0
2025-11-11 02:35:00,"IIOT_10","Sensor","HTTP",101,2977,0.011,39,27.5,61.6,100,3,-42,2539,0.71,75.8,0,"Data Injection",1
2025-11-11 02:40:00,"IIOT_9","Actuator","MQTT",121,1456,0.092,29.7,26.9,39.3,121,5,20,-1521,0.91,74.4,0,"Normal",0
2025-11-11 02:45:00,"IIOT_4","Sensor","Modbus",121,869,0.1,29.6,27.2,48.1,37,6,0,-587,0.92,78.4,0,"Normal",0
2025-11-11 02:50:00,"IIOT_10","Controller","Modbus",133,1572,0.08,24.8,33.5,56.6,37,2,12,703,1.35,75.4,0,"DoS",1
2025-11-11 02:55:00,"IIOT_6","Actuator","MQTT",97,2883,0.059,28.7,50.2,75.1,110,3,-36,1311,1.75,81,0,"MITM",1
2025-11-11 03:00:00,"IIOT_4","Sensor","MQTT",124,2399,0.014,26.6,86.8,78.3,124,3,27,-484,3.26,85.8,0,"Normal",0
2025-11-11 03:05:00,"IIOT_7","Controller","Modbus",96,759,0.072,29.5,32.1,56.1,134,9,-28,-1640,1.09,88.4,0,"Data Injection",1
2025-11-11 03:10:00,"IIOT_1","Sensor","HTTP",67,2975,0.084,20.2,62.3,70.8,105,6,-29,2216,3.08,102,0,"Normal",0
2025-11-11 03:15:00,"IIOT_1","Sensor","MQTT",157,1944,0.065,34,29.9,54.2,48,9,90,-1031,0.88,104.2,0,"Data Injection",1
2025-11-11 03:20:00,"IIOT_3","Controller","HTTP",166,1534,0.051,29.8,54.1,75.2,27,3,9,-410,1.82,87.6,0,"Normal",0
2025-11-11 03:25:00,"IIOT_7","Actuator","Modbus",129,2802,0.056,23.5,29.5,80,71,10,-37,1268,1.26,77,0,"Normal",0
2025-11-11 03:30:00,"IIOT_5","Sensor","Modbus",95,1753,0.02,35.7,84.6,39.6,51,8,-34,-1049,2.37,60.4,0,"Normal",0
2025-11-11 03:35:00,"IIOT_3","Actuator","Modbus",181,2259,0.08,23.8,29,69.8,125,7,86,506,1.22,64.4,0,"DoS",1
2025-11-11 03:40:00,"IIOT_10","Controller","Modbus",110,2310,0.07,36.2,37.7,79.7,126,10,-71,51,1.04,80,0,"MITM",1
2025-11-11 03:45:00,"IIOT_8","Sensor","Modbus",76,1025,0.088,31,40.8,68.6,45,9,-34,-1285,1.32,83.6,0,"Normal",0
2025-11-11 03:50:00,"IIOT_3","Sensor","MQTT",23,1034,0.055,27.4,79.8,84.5,128,4,-53,9,2.91,95,0,"Normal",0
2025-11-11 03:55:00,"IIOT_10","Controller","Modbus",209,1930,0.067,39.2,21.6,46.1,135,8,186,896,0.55,111.8,0,"MITM",1
2025-11-11 04:00:00,"IIOT_7","Controller","MQTT",160,2485,0.089,38.1,30.3,56.6,112,2,-49,555,0.8,109.2,0,"Normal",0
2025-11-11 04:05:00,"IIOT_4","Sensor","Modbus",111,522,0.063,35.3,24.4,33.3,143,3,-49,-1963,0.69,112.6,0,"Data Injection",1
2025-11-11 04:10:00,"IIOT_7","Sensor","MQTT",156,3079,0.094,29.8,60.9,83.9,170,9,45,2557,2.04,137.6,1,"MITM",1
2025-11-11 04:15:00,"IIOT_10","Sensor","Modbus",146,2072,0.052,32.9,36.3,63.9,91,4,-10,-1007,1.1,130.2,0,"Normal",0
2025-11-11 04:20:00,"IIOT_8","Sensor","MQTT",121,3308,0.047,27.1,50.1,47.6,106,10,-25,1236,1.85,124.4,0,"DoS",1
2025-11-11 04:25:00,"IIOT_4","Actuator","MQTT",123,2026,0.087,38.2,29.3,65.8,137,6,2,-1282,0.77,129.4,0,"Normal",0
2025-11-11 04:30:00,"IIOT_3","Sensor","Modbus",99,1791,0.016,32.4,32.6,71.8,82,8,-24,-235,1.01,117.2,0,"Normal",0
2025-11-11 04:35:00,"IIOT_5","Controller","MQTT",110,1834,0.047,31.2,34.2,57.7,72,8,11,43,1.1,97.6,0,"Normal",0
2025-11-11 04:40:00,"IIOT_10","Sensor","MQTT",101,2261,0.074,42.5,47.9,83.6,141,1,-9,427,1.13,107.6,0,"DoS",1
2025-11-11 04:45:00,"IIOT_10","Sensor","HTTP",49,2336,0.019,42,27.2,45.2,86,4,-52,75,0.65,103.6,0,"DoS",1
2025-11-11 04:50:00,"IIOT_4","Actuator","HTTP",129,2460,0.08,28.1,83.2,35.5,114,4,80,124,2.96,99,0,"Normal",0
2025-11-11 04:55:00,"IIOT_8","Sensor","MQTT",181,2516,0.013,24.2,87.7,73.4,140,5,52,56,3.62,110.6,0,"Normal",0
2025-11-11 05:00:00,"IIOT_2","Sensor","MQTT",28,1748,0.095,28.5,81.1,64.5,99,7,-153,-768,2.85,116,0,"MITM",1
2025-11-11 05:05:00,"IIOT_4","Sensor","Modbus",135,2371,0.038,33,87,41.2,124,9,107,623,2.64,112.6,0,"Normal",0
2025-11-11 05:10:00,"IIOT_1","Sensor","Modbus",150,2318,0.018,24.3,83.5,56.5,145,7,15,-53,3.44,124.4,0,"Normal",0
2025-11-11 05:15:00,"IIOT_3","Sensor","MQTT",115,1550,0.009,35.3,22,60.7,66,7,-35,-768,0.62,114.8,0,"DoS",1
2025-11-11 05:20:00,"IIOT_2","Actuator","Modbus",83,2107,0.003,25.6,56.3,36.9,59,8,-32,557,2.2,98.6,0,"Normal",0
2025-11-11 05:25:00,"IIOT_6","Sensor","Modbus",121,1596,0.062,32.5,45.1,44.6,125,4,38,-511,1.39,103.8,0,"Data Injection",1
2025-11-11 05:30:00,"IIOT_1","Sensor","Modbus",180,3811,0.001,37,43.4,56.7,44,2,59,2215,1.17,87.8,0,"Normal",0
2025-11-11 05:35:00,"IIOT_1","Sensor","HTTP",215,2095,0.093,31.8,32.3,69.4,120,7,35,-1716,1.02,82.8,0,"MITM",1
2025-11-11 05:40:00,"IIOT_8","Sensor","Modbus",184,1553,0.043,25.7,56.3,30.9,85,7,-31,-542,2.19,86.6,0,"Data Injection",1
2025-11-11 05:45:00,"IIOT_6","Sensor","MQTT",98,2309,0.008,25.7,29.9,62.7,44,4,-86,756,1.16,83.6,0,"Normal",0
2025-11-11 05:50:00,"IIOT_9","Controller","MQTT",186,1342,0.072,20.4,57.9,55,48,9,88,-967,2.84,68.2,0,"Data Injection",1
2025-11-11 05:55:00,"IIOT_9","Controller","HTTP",119,2194,0.027,24.7,23.2,53.2,59,3,-67,852,0.94,71.2,0,"Data Injection",1
2025-11-11 06:00:00,"IIOT_6","Actuator","MQTT",106,1163,0.075,36.2,36.2,83.3,131,6,-13,-1031,1,73.4,0,"Normal",0
2025-11-11 06:05:00,"IIOT_2","Sensor","Modbus",156,1667,0.051,23.9,62.2,58.1,130,3,50,504,2.6,82.4,0,"Normal",0
2025-11-11 06:10:00,"IIOT_7","Actuator","Modbus",119,2848,0.06,30.4,36.2,41.6,50,7,-37,1181,1.19,83.6,0,"MITM",1
2025-11-11 06:15:00,"IIOT_4","Actuator","Modbus",68,2499,0.1,23.4,54.1,41.3,73,5,-51,-349,2.31,88.6,0,"Normal",0
2025-11-11 06:20:00,"IIOT_1","Actuator","MQTT",64,1551,0.037,32.2,76.1,71.3,75,6,-4,-948,2.36,91.8,0,"Normal",0
2025-11-11 06:25:00,"IIOT_5","Actuator","MQTT",119,1615,0.091,32.3,60.9,66.9,3,4,55,64,1.89,66.2,0,"Normal",0
2025-11-11 06:30:00,"IIOT_9","Sensor","HTTP",95,1736,0.098,39.6,84.3,63.2,44,3,-24,121,2.13,49,0,"Normal",0
2025-11-11 06:35:00,"IIOT_8","Sensor","MQTT",144,3248,0.04,38.8,23.3,73.8,115,6,49,1512,0.6,62,0,"Spoofing",1
2025-11-11 06:40:00,"IIOT_6","Sensor","Modbus",83,3250,0.003,30.2,49.8,34.9,79,2,-61,2,1.65,63.2,0,"Normal",0
2025-11-11 06:45:00,"IIOT_6","Sensor","MQTT",113,2126,0.056,22.8,43.7,74.4,148,5,30,-1124,1.92,77.8,0,"Normal",0
2025-11-11 06:50:00,"IIOT_1","Sensor","MQTT",120,2122,0.033,26.3,71.8,38.4,69,9,7,-4,2.73,91,0,"Normal",0
2025-11-11 06:55:00,"IIOT_4","Actuator","Modbus",86,1880,0.024,29.9,62.1,47.1,130,7,-34,-242,2.08,108.2,0,"Normal",0
2025-11-11 07:00:00,"IIOT_7","Actuator","Modbus",22,2635,0.034,31,36.2,44.6,105,4,-64,755,1.17,106.2,0,"Normal",0
2025-11-11 07:05:00,"IIOT_2","Sensor","Modbus",173,2282,0.04,20.9,23.1,53.2,144,4,151,-353,1.11,119.2,0,"DoS",1
2025-11-11 07:10:00,"IIOT_5","Actuator","Modbus",112,1893,0.062,30.3,68.5,44.9,74,6,-61,-389,2.26,104.4,0,"Normal",0
2025-11-11 07:15:00,"IIOT_5","Actuator","HTTP",45,896,0.071,29.2,33.1,80.8,110,8,-67,-997,1.13,112.6,0,"Normal",0
2025-11-11 07:20:00,"IIOT_3","Sensor","MQTT",121,2160,0.061,32.7,63.9,43.8,145,3,76,1264,1.95,115.6,0,"Normal",0
2025-11-11 07:25:00,"IIOT_10","Actuator","HTTP",170,2820,0.093,39.7,63.3,71.7,71,3,49,660,1.59,108.8,0,"DoS",1
2025-11-11 07:30:00,"IIOT_2","Sensor","MQTT",142,1814,0.088,32.2,54.5,68.6,88,2,-28,-1006,1.69,97.6,0,"Normal",0
2025-11-11 07:35:00,"IIOT_10","Actuator","Modbus",60,2357,0.006,41.7,40.5,56.3,87,7,-82,543,0.97,100.2,0,"MITM",1
2025-11-11 07:40:00,"IIOT_4","Sensor","Modbus",119,2565,0.081,36.2,33.9,54.4,61,9,59,208,0.94,90.4,0,"MITM",1
2025-11-11 07:45:00,"IIOT_4","Sensor","Modbus",85,1912,0.082,31.4,44.1,66.9,121,7,-34,-653,1.4,85.6,0,"Normal",0
2025-11-11 07:50:00,"IIOT_2","Sensor","MQTT",66,1609,0.022,31.2,81,57.6,132,10,-19,-303,2.6,97.8,0,"Normal",0
2025-11-11 07:55:00,"IIOT_8","Controller","Modbus",158,1091,0.063,36.5,56.8,35.1,63,3,92,-518,1.56,92.8,0,"MITM",1
2025-11-11 08:00:00,"IIOT_7","Sensor","MQTT",121,2808,0.014,35,41.2,59.3,79,7,-37,1717,1.18,91.2,0,"MITM",1
2025-11-11 08:05:00,"IIOT_3","Sensor","MQTT",89,1769,0.064,27.8,21.6,75.7,178,4,-32,-1039,0.78,114.6,1,"Normal",0
2025-11-11 08:10:00,"IIOT_5","Sensor","MQTT",76,866,0.026,21.5,50.4,44.2,119,7,-13,-903,2.34,114.2,0,"Normal",0
2025-11-11 08:15:00,"IIOT_9","Actuator","MQTT",143,2999,0.005,27.9,79.6,58.1,97,4,67,2133,2.85,107.2,0,"Normal",0
2025-11-11 08:20:00,"IIOT_1","Sensor","HTTP",191,2058,0.033,24.4,71.3,84.4,129,5,48,-941,2.92,120.4,0,"Normal",0
2025-11-11 08:25:00,"IIOT_8","Sensor","MQTT",84,2440,0.019,29.9,44.5,74.6,47,1,-107,382,1.49,114,0,"Spoofing",1
2025-11-11 08:30:00,"IIOT_2","Controller","Modbus",131,1902,0.084,33.8,56.7,54.4,81,1,47,-538,1.68,94.6,0,"Normal",0
2025-11-11 08:35:00,"IIOT_8","Actuator","HTTP",94,2023,0.075,30.6,65.6,70.4,114,7,-37,121,2.14,93.6,0,"Normal",0
2025-11-11 08:40:00,"IIOT_8","Actuator","MQTT",101,1238,0.027,33.6,33.1,46.9,52,4,7,-785,0.99,84.6,0,"Normal",0
2025-11-11 08:45:00,"IIOT_4","Sensor","HTTP",149,2673,0.022,24.5,66.1,37,152,5,48,1435,2.7,89.2,1,"Normal",0
2025-11-11 08:50:00,"IIOT_3","Sensor","MQTT",114,2413,0.016,25.4,72.6,36.2,144,7,-35,-260,2.86,108.6,0,"Normal",0
2025-11-11 08:55:00,"IIOT_2","Sensor","HTTP",98,2512,0.013,32.7,61.5,67.5,56,9,-16,99,1.88,103.6,0,"DoS",1
2025-11-11 09:00:00,"IIOT_9","Controller","HTTP",134,1101,0.051,34.1,32,50.8,128,6,36,-1411,0.94,106.4,0,"DoS",1
2025-11-11 09:05:00,"IIOT_4","Controller","Modbus",147,2011,0.083,23,42.3,81.8,135,5,13,910,1.84,123,0,"Normal",0
2025-11-11 09:10:00,"IIOT_1","Sensor","MQTT",97,2338,0.03,33.9,43.1,49.7,108,2,-50,327,1.27,114.2,0,"Normal",0
2025-11-11 09:15:00,"IIOT_2","Actuator","MQTT",110,1544,0.05,27.1,28.5,73.4,68,7,13,-794,1.05,99,0,"Data Injection",1
2025-11-11 09:20:00,"IIOT_9","Sensor","MQTT",204,577,0.067,24.8,55.9,67,66,2,94,-967,2.25,101,0,"Normal",0
2025-11-11 09:25:00,"IIOT_4","Sensor","MQTT",86,2336,0.095,34.5,52.7,34.3,147,5,-118,1759,1.53,104.8,0,"MITM",1
2025-11-11 09:30:00,"IIOT_4","Actuator","MQTT",80,1546,0.031,25.5,26.5,45.3,64,9,-6,-790,1.04,90.6,0,"MITM",1
2025-11-11 09:35:00,"IIOT_7","Sensor","Modbus",146,199,0.027,33.9,66.3,55.3,59,6,66,-1347,1.96,80.8,0,"Normal",0
2025-11-11 09:40:00,"IIOT_7","Actuator","Modbus",137,1739,0.065,28.8,41,59.9,68,8,-9,1540,1.42,80.8,0,"Normal",0
2025-11-11 09:45:00,"IIOT_7","Actuator","Modbus",102,1602,0.096,35.8,35,42.7,108,4,-35,-137,0.98,89.2,0,"Normal",0
2025-11-11 09:50:00,"IIOT_9","Sensor","Modbus",75,2036,0.032,21.7,72.7,76.1,83,8,-27,434,3.35,76.4,0,"Normal",0
2025-11-11 09:55:00,"IIOT_2","Sensor","Modbus",63,1856,0.093,37.8,61.9,41.6,33,1,-12,-180,1.64,70.2,0,"MITM",1
2025-11-11 10:00:00,"IIOT_4","Controller","MQTT",169,2450,0.03,36.1,65.6,70.5,155,8,106,594,1.82,89.4,1,"Normal",0
2025-11-11 10:05:00,"IIOT_5","Sensor","MQTT",132,3125,0.085,34.5,60.6,54.8,37,7,-37,675,1.76,83.2,0,"Normal",0
2025-11-11 10:10:00,"IIOT_8","Sensor","MQTT",109,1275,0.021,20.2,53.3,38.2,113,6,-23,-1850,2.64,84.2,0,"MITM",1
2025-11-11 10:15:00,"IIOT_6","Controller","Modbus",130,1425,0.09,39.1,60.4,69.6,166,4,21,150,1.54,100.8,1,"Data Injection",1
2025-11-11 10:20:00,"IIOT_1","Sensor","Modbus",84,3365,0.004,36.7,87.9,44.9,71,1,-46,1940,2.4,108.4,0,"DoS",1
2025-11-11 10:25:00,"IIOT_10","Sensor","Modbus",110,3322,0.068,39.6,45.6,46.5,116,2,26,-43,1.15,100.6,0,"Normal",0
2025-11-11 10:30:00,"IIOT_9","Controller","MQTT",86,1852,0.063,28.5,77,49.6,117,4,-24,-1470,2.7,116.6,0,"DoS",1
2025-11-11 10:35:00,"IIOT_9","Sensor","Modbus",24,1037,0.066,29.3,50.7,41.6,62,3,-62,-815,1.73,106.4,0,"DoS",1
2025-11-11 10:40:00,"IIOT_8","Sensor","MQTT",84,1658,0.001,28.5,57.4,72.4,41,3,60,621,2.01,81.4,0,"Normal",0
2025-11-11 10:45:00,"IIOT_7","Actuator","MQTT",158,1750,0.041,25.6,71.6,62.9,68,3,74,92,2.8,80.8,0,"Normal",0
2025-11-11 10:50:00,"IIOT_2","Actuator","Modbus",65,1723,0.091,35.3,43.8,39.3,98,6,-93,-27,1.24,77.2,0,"Normal",0
2025-11-11 10:55:00,"IIOT_7","Sensor","MQTT",162,3496,0.033,28.8,66.3,35.7,129,3,97,1773,2.3,79.6,0,"Normal",0
2025-11-11 11:00:00,"IIOT_4","Sensor","Modbus",123,2551,0.025,23.8,83,62.1,66,4,-39,-945,3.49,80.4,0,"Normal",0
2025-11-11 11:05:00,"IIOT_3","Sensor","Modbus",168,1302,0.047,28.5,38.8,76.7,121,5,45,-1249,1.36,96.4,0,"DoS",1
2025-11-11 11:10:00,"IIOT_7","Sensor","MQTT",144,2092,0.052,30.5,37.6,57,127,8,-24,790,1.23,108.2,0,"Normal",0
2025-11-11 11:15:00,"IIOT_9","Actuator","MQTT",24,1050,0.094,32.8,26.8,79.2,94,1,-120,-1042,0.82,107.4,0,"MITM",1
2025-11-11 11:20:00,"IIOT_7","Sensor","Modbus",121,1303,0.044,30.6,61.4,79.8,88,2,97,253,2.01,99.2,0,"DoS",1
2025-11-11 11:25:00,"IIOT_7","Sensor","HTTP",63,1161,0.019,41.1,64.5,30.5,49,6,-58,-142,1.57,95.8,0,"Normal",0
2025-11-11 11:30:00,"IIOT_9","Actuator","Modbus",39,2026,0.084,33.6,76.9,75.1,148,4,-24,865,2.29,101.2,0,"Spoofing",1
2025-11-11 11:35:00,"IIOT_4","Sensor","MQTT",59,1863,0.037,34.7,87.9,64.6,66,9,20,-163,2.53,89,0,"DoS",1
2025-11-11 11:40:00,"IIOT_2","Controller","MQTT",166,1316,0.01,30.8,43.1,56.2,108,9,107,-547,1.4,91.8,0,"Normal",0
2025-11-11 11:45:00,"IIOT_1","Sensor","HTTP",72,2661,0.032,30.3,42.1,58.8,113,2,-94,1345,1.39,96.8,0,"DoS",1
2025-11-11 11:50:00,"IIOT_7","Sensor","Modbus",78,3082,0.007,34,39.3,76.2,67,9,6,421,1.16,100.4,0,"Normal",0
2025-11-11 11:55:00,"IIOT_4","Sensor","Modbus",124,3627,0.035,38.9,30.2,76.1,109,5,46,545,0.78,92.6,0,"Normal",0
2025-11-11 12:00:00,"IIOT_9","Sensor","MQTT",119,745,0.021,25.8,58.5,42.2,93,6,-5,-2882,2.27,98,0,"Normal",0
2025-11-11 12:05:00,"IIOT_3","Actuator","MQTT",126,169,0.093,30,37.1,76.4,78,7,7,-576,1.24,92,0,"Normal",0
2025-11-11 12:10:00,"IIOT_2","Sensor","Modbus",89,3586,0.021,33.8,33.3,39.4,65,5,-37,3417,0.99,82.4,0,"MITM",1
2025-11-11 12:15:00,"IIOT_8","Actuator","MQTT",74,2320,0.078,31.6,31.8,35.1,161,7,-15,-1266,1.01,101.2,1,"Normal",0
2025-11-11 12:20:00,"IIOT_9","Sensor","MQTT",129,1642,0.098,28.1,47.2,71.3,141,7,55,-678,1.68,107.6,0,"Data Injection",1
2025-11-11 12:25:00,"IIOT_9","Actuator","HTTP",157,1727,0.03,29.7,34.2,31.9,176,7,28,85,1.15,124.2,1,"Normal",0
2025-11-11 12:30:00,"IIOT_4","Sensor","HTTP",191,2191,0.096,29.2,41.2,35.2,102,3,34,464,1.41,129,0,"Normal",0
2025-11-11 12:35:00,"IIOT_4","Controller","Modbus",172,1236,0.004,15.1,44.8,71.4,85,4,-19,-955,2.97,133,0,"Data Injection",1
2025-11-11 12:40:00,"IIOT_9","Actuator","HTTP",156,2597,0.038,43.3,54.3,39.6,106,1,-16,1361,1.25,122,0,"DoS",1
2025-11-11 12:45:00,"IIOT_6","Sensor","Modbus",155,2884,0.09,32.4,86.5,71.1,122,1,-1,287,2.67,118.2,0,"Normal",0
2025-11-11 12:50:00,"IIOT_8","Actuator","Modbus",147,1479,0.039,30.6,29.8,65.8,35,5,-8,-1405,0.97,90,0,"Normal",0
2025-11-11 12:55:00,"IIOT_9","Sensor","HTTP",106,2128,0.043,30,29.2,52.9,111,8,-41,649,0.97,91.8,0,"Normal",0
2025-11-11 13:00:00,"IIOT_5","Sensor","MQTT",89,1659,0.063,28.9,32.5,76.8,139,7,-17,-469,1.12,102.6,0,"Normal",0
2025-11-11 13:05:00,"IIOT_8","Actuator","HTTP",148,1269,0.086,37.3,38,70.8,54,6,59,-390,1.02,92.2,0,"Normal",0
2025-11-11 13:10:00,"IIOT_3","Controller","Modbus",192,955,0.048,38.4,56.5,56.1,129,4,44,-314,1.47,93.6,0,"Normal",0
2025-11-11 13:15:00,"IIOT_7","Actuator","HTTP",151,1520,0.041,30.7,37,68.8,18,5,-41,565,1.21,90.2,0,"MITM",1
2025-11-11 13:20:00,"IIOT_2","Sensor","HTTP",144,1284,0.095,25.9,68,34.2,127,3,-7,-236,2.63,93.4,0,"Normal",0
2025-11-11 13:25:00,"IIOT_8","Sensor","Modbus",126,1727,0.084,28.3,51.1,56.3,70,3,-18,443,1.81,79.6,0,"Normal",0
2025-11-11 13:30:00,"IIOT_4","Sensor","Modbus",72,1755,0.028,23.8,81.4,57.4,104,9,-54,28,3.42,89.6,0,"Normal",0
2025-11-11 13:35:00,"IIOT_1","Controller","Modbus",101,1935,0.074,23.6,87.7,82,117,3,29,180,3.72,87.2,0,"DoS",1
2025-11-11 13:40:00,"IIOT_5","Actuator","MQTT",133,1163,0.01,32.1,44.1,40.3,56,3,32,-772,1.37,94.8,0,"DoS",1
2025-11-11 13:45:00,"IIOT_3","Sensor","HTTP",164,1213,0.031,33,83,81.6,91,6,31,50,2.52,87.6,0,"Normal",0
2025-11-11 13:50:00,"IIOT_9","Controller","MQTT",185,2946,0.089,34.8,21.6,32.2,110,10,21,1733,0.62,95.6,0,"DoS",1
2025-11-11 13:55:00,"IIOT_8","Actuator","Modbus",68,2989,0.002,32.3,67.8,61.3,89,8,-117,43,2.1,92.6,0,"Normal",0
2025-11-11 14:00:00,"IIOT_3","Sensor","Modbus",94,2527,0.09,31.5,50.4,36.3,101,4,26,-462,1.6,89.4,0,"Normal",0
2025-11-11 14:05:00,"IIOT_7","Actuator","HTTP",89,2515,0.037,29.8,82.9,36.6,172,8,-5,-12,2.78,112.6,1,"Normal",0
2025-11-11 14:10:00,"IIOT_2","Sensor","Modbus",163,1760,0.089,23.8,23.7,48.8,181,2,74,-755,1,130.6,1,"DoS",1
2025-11-11 14:15:00,"IIOT_3","Controller","MQTT",172,2316,0.02,32,75.3,68.7,118,7,9,556,2.35,132.2,0,"Normal",0
2025-11-11 14:20:00,"IIOT_2","Sensor","HTTP",153,2321,0.048,23.5,75.4,81.6,92,9,-19,5,3.21,132.8,0,"Normal",0
2025-11-11 14:25:00,"IIOT_6","Controller","Modbus",113,2585,0.042,30.8,64.7,83.2,24,1,-40,264,2.1,117.4,0,"Data Injection",1
2025-11-11 14:30:00,"IIOT_5","Actuator","Modbus",61,1261,0.085,26.8,42.3,70.8,50,5,-52,-1324,1.58,93,0,"Data Injection",1
2025-11-11 14:35:00,"IIOT_2","Controller","Modbus",165,1644,0.033,28.7,83.7,67.5,58,3,104,383,2.92,68.4,0,"DoS",1
2025-11-11 14:40:00,"IIOT_10","Sensor","MQTT",169,2003,0.066,26.2,57.3,36.1,186,9,4,359,2.19,82,1,"MITM",1
2025-11-11 14:45:00,"IIOT_5","Actuator","Modbus",67,1432,0.014,39.9,36.5,47.4,87,9,-102,-571,0.91,81,0,"Normal",0
2025-11-11 14:50:00,"IIOT_10","Sensor","Modbus",139,3008,0.055,30.1,35.6,76.2,98,9,72,1576,1.18,95.8,0,"Normal",0
2025-11-11 14:55:00,"IIOT_1","Actuator","Modbus",133,2231,0.02,28.5,59.3,45.2,109,5,-6,-777,2.08,107.6,0,"Data Injection",1
2025-11-11 15:00:00,"IIOT_2","Sensor","Modbus",134,3394,0.032,40.2,89.6,31.4,97,4,1,1163,2.23,115.4,0,"MITM",1
2025-11-11 15:05:00,"IIOT_2","Controller","MQTT",171,2291,0.032,20.8,52.3,62.3,106,7,37,-1103,2.51,99.4,0,"Normal",0
2025-11-11 15:10:00,"IIOT_3","Actuator","Modbus",48,2747,0.089,28.3,80.3,48.4,136,4,-123,456,2.84,109.2,0,"Data Injection",1
2025-11-11 15:15:00,"IIOT_5","Sensor","MQTT",88,416,0.017,28.4,80.4,82.6,111,7,40,-2331,2.83,111.8,0,"Normal",0
2025-11-11 15:20:00,"IIOT_4","Controller","Modbus",195,993,0.052,31.7,34.9,82.5,100,1,107,577,1.1,110,0,"Normal",0
2025-11-11 15:25:00,"IIOT_10","Sensor","Modbus",103,545,0.076,42,21.3,63.6,73,2,-92,-448,0.51,105.2,0,"MITM",1
2025-11-11 15:30:00,"IIOT_7","Sensor","Modbus",123,2609,0.042,29.9,67.9,39.3,164,8,20,2064,2.27,116.8,1,"Normal",0
2025-11-11 15:35:00,"IIOT_8","Sensor","Modbus",130,2444,0.002,41.4,72.3,39.9,118,10,7,-165,1.75,113.2,0,"DoS",1
2025-11-11 15:40:00,"IIOT_1","Actuator","Modbus",164,1251,0.088,34.1,24.8,31.9,71,3,34,-1193,0.73,105.2,0,"Normal",0
2025-11-11 15:45:00,"IIOT_4","Sensor","Modbus",206,2895,0.097,31.2,86.9,55.8,86,8,42,1644,2.79,102.4,0,"Normal",0
2025-11-11 15:50:00,"IIOT_9","Sensor","MQTT",101,1974,0.038,28.7,74.9,66.6,39,9,-105,-921,2.61,95.6,0,"Normal",0
2025-11-11 15:55:00,"IIOT_1","Sensor","Modbus",122,1839,0.05,29.6,88.8,61.8,133,4,21,-135,3,89.4,0,"DoS",1
2025-11-11 16:00:00,"IIOT_3","Actuator","MQTT",117,1619,0.089,36.3,81.6,52.7,117,3,-5,-220,2.25,89.2,0,"MITM",1
2025-11-11 16:05:00,"IIOT_1","Sensor","MQTT",72,2575,0.022,31.6,33.6,79.9,94,7,-45,956,1.06,93.8,0,"Normal",0
2025-11-11 16:10:00,"IIOT_5","Controller","Modbus",123,1781,0.096,38.5,66.9,81.1,66,2,51,-794,1.74,89.8,0,"Normal",0
2025-11-11 16:15:00,"IIOT_1","Actuator","HTTP",128,1284,0.069,32.6,72.5,53.5,97,7,5,-497,2.22,101.4,0,"DoS",1
2025-11-11 16:20:00,"IIOT_4","Sensor","Modbus",94,1459,0.035,30.9,31.3,57.2,203,1,-34,175,1.01,115.4,1,"MITM",1
2025-11-11 16:25:00,"IIOT_5","Controller","MQTT",141,1353,0.048,28.9,29.4,78.8,174,2,47,-106,1.02,126.8,1,"Data Injection",1
2025-11-11 16:30:00,"IIOT_2","Sensor","HTTP",140,1889,0.043,25.9,57.1,33.1,87,7,-1,536,2.2,125.4,0,"Normal",0
2025-11-11 16:35:00,"IIOT_1","Sensor","Modbus",156,1194,0.043,25.9,74,66.1,63,4,16,-695,2.86,124.8,0,"DoS",1
2025-11-11 16:40:00,"IIOT_9","Actuator","HTTP",90,3387,0.006,30.1,82.3,33.2,192,5,-66,2193,2.73,143.8,1,"Normal",0
2025-11-11 16:45:00,"IIOT_3","Sensor","MQTT",149,2271,0.04,32.6,48.5,63.3,76,9,59,-1116,1.49,118.4,0,"Normal",0
2025-11-11 16:50:00,"IIOT_3","Sensor","Modbus",157,1009,0.055,36.9,76.3,45.1,74,4,8,-1262,2.07,98.4,0,"MITM",1
2025-11-11 16:55:00,"IIOT_6","Actuator","MQTT",77,2397,0.034,31.7,23.1,82.3,87,6,-80,1388,0.73,98.4,0,"Normal",0
2025-11-11 17:00:00,"IIOT_2","Sensor","HTTP",151,2890,0.019,27.8,64.5,72.4,159,4,74,493,2.32,117.6,1,"Normal",0
2025-11-11 17:05:00,"IIOT_10","Sensor","MQTT",-3,3058,0.002,36.9,87.2,66.3,184,9,-154,168,2.36,116,1,"MITM",1
2025-11-11 17:10:00,"IIOT_2","Sensor","MQTT",141,3374,0.095,31.3,32.5,69,87,9,144,316,1.04,118.2,0,"MITM",1
2025-11-11 17:15:00,"IIOT_1","Sensor","Modbus",185,2677,0.093,34.9,50.1,82.6,129,9,44,-697,1.44,129.2,0,"Normal",0
2025-11-11 17:20:00,"IIOT_10","Actuator","MQTT",103,2311,0.035,26.6,81.3,32.5,50,9,-82,-366,3.06,121.8,0,"Spoofing",1
2025-11-11 17:25:00,"IIOT_10","Sensor","Modbus",119,3002,0.04,23.9,85,55,154,8,16,691,3.56,120.8,1,"Data Injection",1
2025-11-11 17:30:00,"IIOT_6","Sensor","MQTT",35,3951,0.029,37.4,35,54,34,1,-84,949,0.94,90.8,0,"Normal",0
2025-11-11 17:35:00,"IIOT_3","Controller","Modbus",136,2178,0.028,22.9,21.1,43.8,120,3,101,-1773,0.92,97.4,0,"Normal",0
2025-11-11 17:40:00,"IIOT_8","Sensor","MQTT",144,1142,0.047,29.8,46.1,63.6,130,5,8,-1036,1.55,97.6,0,"DoS",1
2025-11-11 17:45:00,"IIOT_6","Sensor","MQTT",70,2831,0.036,26.4,56.9,40,92,3,-74,1689,2.16,106,0,"Data Injection",1
2025-11-11 17:50:00,"IIOT_2","Sensor","HTTP",206,1636,0.031,23.8,37.5,40.9,84,3,136,-1195,1.58,92,0,"Data Injection",1
2025-11-11 17:55:00,"IIOT_2","Sensor","MQTT",123,3164,0.073,38.6,25.4,66.1,67,5,-83,1528,0.66,98.6,0,"DoS",1
2025-11-11 18:00:00,"IIOT_4","Actuator","Modbus",78,1158,0.045,15.9,52.8,44.4,64,2,-45,-2006,3.32,87.4,0,"Normal",0
2025-11-11 18:05:00,"IIOT_2","Actuator","Modbus",169,2775,0.092,26.3,55.3,38.3,128,2,91,1617,2.1,87,0,"MITM",1
2025-11-11 18:10:00,"IIOT_5","Controller","Modbus",145,2016,0.035,35,63.1,82.3,69,8,-24,-759,1.8,82.4,0,"Normal",0
2025-11-11 18:15:00,"IIOT_9","Actuator","HTTP",85,2194,0.035,26.8,77.1,49.6,74,8,-60,178,2.88,80.4,0,"MITM",1
2025-11-11 18:20:00,"IIOT_4","Actuator","MQTT",125,1805,0.029,28.5,36.6,31.7,129,5,40,-389,1.28,92.8,0,"Normal",0
2025-11-11 18:25:00,"IIOT_8","Sensor","HTTP",134,2847,0.04,32.4,67.2,55.6,101,9,9,1042,2.07,100.2,0,"DoS",1
2025-11-11 18:30:00,"IIOT_9","Actuator","Modbus",130,2666,0.09,27.2,81.5,49,91,1,-4,-181,3,92.8,0,"Normal",0
2025-11-11 18:35:00,"IIOT_8","Sensor","HTTP",182,2975,0.003,24.5,22.9,50,98,2,52,309,0.93,98.6,0,"Normal",0
2025-11-11 18:40:00,"IIOT_5","Actuator","HTTP",129,2119,0.063,37.8,50.2,32.9,108,3,-53,-856,1.33,105.4,0,"MITM",1
2025-11-11 18:45:00,"IIOT_4","Actuator","Modbus",107,1056,0,25,81.5,84.6,93,2,-22,-1063,3.26,98.2,0,"Data Injection",1
2025-11-11 18:50:00,"IIOT_5","Sensor","MQTT",74,3611,0.028,31.3,70.3,43.8,135,1,-33,2555,2.25,105,0,"Normal",0
2025-11-11 18:55:00,"IIOT_3","Actuator","HTTP",108,2298,0.082,34.1,88.3,63.8,76,6,34,-1313,2.59,102,0,"Normal",0
2025-11-11 19:00:00,"IIOT_2","Actuator","Modbus",113,2332,0.016,30.6,66.6,62.8,131,10,5,34,2.18,108.6,0,"Normal",0
2025-11-11 19:05:00,"IIOT_5","Sensor","Modbus",131,1821,0.055,38.4,64.1,61.7,128,8,18,-511,1.67,112.6,0,"Normal",0
2025-11-11 19:10:00,"IIOT_5","Actuator","HTTP",157,711,0.055,26.4,24.9,78.1,145,3,26,-1110,0.94,123,0,"Normal",0
2025-11-11 19:15:00,"IIOT_6","Sensor","MQTT",131,1742,0.016,31.4,74.1,81.3,75,5,-26,1031,2.36,111,0,"Normal",0
2025-11-11 19:20:00,"IIOT_2","Actuator","MQTT",92,155,0.044,35,70.6,73.4,137,8,-39,-1587,2.02,123.2,0,"Normal",0
2025-11-11 19:25:00,"IIOT_3","Sensor","Modbus",148,1863,0.081,29.9,34.7,31.8,120,7,56,1708,1.16,121,0,"DoS",1
2025-11-11 19:30:00,"IIOT_6","Sensor","MQTT",21,2142,0.038,36.9,20.7,54,112,8,-127,279,0.56,117.8,0,"Data Injection",1
2025-11-11 19:35:00,"IIOT_2","Sensor","Modbus",183,1587,0.013,33.6,88.9,75.3,82,3,162,-555,2.65,105.2,0,"Normal",0
2025-11-11 19:40:00,"IIOT_2","Sensor","Modbus",138,2734,0.097,28.2,23.7,58.4,110,2,-45,1147,0.84,112.2,0,"Normal",0
2025-11-11 19:45:00,"IIOT_9","Controller","MQTT",173,1459,0.06,15.7,77.5,71.3,87,9,35,-1275,4.94,102.2,0,"MITM",1
2025-11-11 19:50:00,"IIOT_4","Sensor","Modbus",149,3255,0.066,31.6,47.2,67.5,139,5,-24,1796,1.49,106,0,"Normal",0
2025-11-11 19:55:00,"IIOT_1","Controller","Modbus",126,2475,0.055,26,69.7,71.7,109,6,-23,-780,2.68,105.4,0,"MITM",1
2025-11-11 20:00:00,"IIOT_3","Sensor","Modbus",93,2720,0.056,29,84.4,36.9,167,9,-33,245,2.91,122.4,1,"DoS",1
2025-11-11 20:05:00,"IIOT_4","Sensor","MQTT",183,853,0.074,25.6,73.2,44.9,137,6,90,-1867,2.86,127.8,0,"MITM",1
2025-11-11 20:10:00,"IIOT_1","Sensor","MQTT",174,2283,0.081,37.8,27,61.2,131,4,-9,1430,0.71,136.6,0,"DoS",1
2025-11-11 20:15:00,"IIOT_2","Sensor","Modbus",93,2585,0.081,29.6,48.9,55.5,151,4,-81,302,1.65,139,1,"Normal",0
2025-11-11 20:20:00,"IIOT_7","Sensor","Modbus",81,1486,0.033,21.9,50.9,31.6,88,10,-12,-1099,2.32,134.8,0,"DoS",1
2025-11-11 20:25:00,"IIOT_2","Controller","HTTP",122,1387,0.034,27,39.2,35.4,168,2,41,-99,1.45,135,1,"Normal",0
2025-11-11 20:30:00,"IIOT_10","Sensor","MQTT",103,1990,0.019,22.7,43.9,64.9,111,8,-19,603,1.93,129.8,0,"Normal",0
2025-11-11 20:35:00,"IIOT_3","Sensor","MQTT",101,1547,0.054,26.2,34,46.5,51,9,-2,-443,1.3,113.8,0,"Normal",0
2025-11-11 20:40:00,"IIOT_6","Sensor","MQTT",148,1588,0.059,31.4,81.8,57,33,9,47,41,2.61,90.2,0,"Data Injection",1
2025-11-11 20:45:00,"IIOT_3","Sensor","Modbus",78,2529,0.056,26.1,58.7,56.9,75,8,-70,941,2.25,87.6,0,"Normal",0
2025-11-11 20:50:00,"IIOT_5","Actuator","MQTT",159,2376,0.056,34.1,80.5,84.7,2,2,81,-153,2.36,54.4,0,"Normal",0
2025-11-11 20:55:00,"IIOT_3","Sensor","MQTT",55,946,0.019,32.3,77.6,53.7,88,8,-104,-1430,2.4,49.8,0,"Normal",0
2025-11-11 21:00:00,"IIOT_5","Actuator","Modbus",192,1851,0.062,34.9,77.3,30.7,115,8,137,905,2.21,62.6,0,"Normal",0
2025-11-11 21:05:00,"IIOT_3","Actuator","Modbus",153,2880,0.08,36.6,86.2,51.6,121,4,-39,1029,2.36,80.2,0,"Data Injection",1
2025-11-11 21:10:00,"IIOT_9","Controller","Modbus",145,2561,0.1,29.9,25.2,40.2,48,3,-8,-319,0.84,74.8,0,"Normal",0
2025-11-11 21:15:00,"IIOT_6","Sensor","MQTT",62,1973,0.089,31,58.7,71.4,133,3,-83,-588,1.89,101,0,"Normal",0
2025-11-11 21:20:00,"IIOT_1","Sensor","Modbus",130,1111,0.086,40.1,45.3,31.5,37,9,68,-862,1.13,90.8,0,"Normal",0
2025-11-11 21:25:00,"IIOT_9","Sensor","MQTT",65,1909,0.047,32.3,76,30.6,161,2,-65,798,2.35,100,1,"Normal",0
2025-11-11 21:30:00,"IIOT_8","Actuator","Modbus",116,1606,0.033,26.1,51.7,64.6,62,1,51,-303,1.98,88.2,0,"DoS",1
2025-11-11 21:35:00,"IIOT_1","Sensor","Modbus",151,2185,0.005,27,43.7,45.7,103,4,35,579,1.62,99.2,0,"Normal",0
2025-11-11 21:40:00,"IIOT_9","Controller","HTTP",84,3027,0.041,33,46.3,67.9,114,4,-67,842,1.4,95.4,0,"Spoofing",1
2025-11-11 21:45:00,"IIOT_1","Actuator","Modbus",51,1996,0.045,32,89.4,54.6,127,4,-33,-1031,2.79,113.4,0,"DoS",1
2025-11-11 21:50:00,"IIOT_3","Controller","Modbus",90,1062,0.003,24.1,62.6,65,123,9,39,-934,2.6,105.8,0,"Normal",0
2025-11-11 21:55:00,"IIOT_8","Actuator","Modbus",95,1654,0.034,37.4,36.7,70.6,113,9,5,592,0.98,116,0,"Normal",0
2025-11-11 22:00:00,"IIOT_5","Controller","Modbus",128,3165,0.093,36.7,71.2,77.1,102,9,33,1511,1.94,115.8,0,"Normal",0
2025-11-11 22:05:00,"IIOT_1","Controller","Modbus",164,1978,0.089,29.6,36.4,61.5,83,7,36,-1187,1.23,109.6,0,"Data Injection",1
2025-11-11 22:10:00,"IIOT_4","Sensor","Modbus",160,2656,0.079,32.5,57.5,53.9,125,6,-4,678,1.77,109.2,0,"Normal",0
2025-11-11 22:15:00,"IIOT_7","Actuator","Modbus",94,3158,0.086,28.3,31.8,62.2,101,10,-66,502,1.12,104.8,0,"DoS",1
2025-11-11 22:20:00,"IIOT_6","Actuator","Modbus",68,2133,0.013,26.9,54.7,50,97,2,-26,-1025,2.03,101.6,0,"Data Injection",1
2025-11-11 22:25:00,"IIOT_2","Sensor","HTTP",132,2124,0.086,24.8,50.4,48.3,22,2,64,-9,2.03,85.6,0,"Normal",0
2025-11-11 22:30:00,"IIOT_7","Actuator","MQTT",142,1001,0.019,34.3,67.4,37.1,136,2,10,-1123,1.97,96.2,0,"Normal",0
2025-11-11 22:35:00,"IIOT_1","Actuator","Modbus",94,1382,0.096,25.4,66.4,50.7,150,7,-48,381,2.61,101.2,0,"Data Injection",1
2025-11-11 22:40:00,"IIOT_9","Controller","Modbus",95,1825,0.094,31.8,68.5,58.1,67,3,1,443,2.15,94.4,0,"MITM",1
2025-11-11 22:45:00,"IIOT_4","Controller","MQTT",129,2003,0.071,27.5,46.8,46,109,8,34,178,1.7,96.8,0,"Spoofing",1
2025-11-11 22:50:00,"IIOT_10","Actuator","HTTP",203,2019,0.066,33.6,87.8,31.1,31,4,74,16,2.61,98.6,0,"Normal",0
2025-11-11 22:55:00,"IIOT_9","Sensor","HTTP",145,2053,0.033,39.3,23.6,82.5,91,5,-58,34,0.6,89.6,0,"Normal",0
2025-11-11 23:00:00,"IIOT_7","Sensor","Modbus",137,1485,0.081,34.5,21.2,42.9,115,2,-8,-568,0.61,82.6,0,"MITM",1
2025-11-11 23:05:00,"IIOT_10","Sensor","Modbus",151,1569,0.043,39.4,32.8,77.5,113,6,14,84,0.83,91.8,0,"MITM",1
2025-11-11 23:10:00,"IIOT_1","Actuator","Modbus",104,781,0.09,35.5,27,60.1,53,4,-47,-788,0.76,80.6,0,"Normal",0
2025-11-11 23:15:00,"IIOT_9","Sensor","MQTT",48,1002,0.087,25.1,82.3,79,137,6,-56,221,3.28,101.8,0,"Normal",0
2025-11-11 23:20:00,"IIOT_7","Sensor","MQTT",154,1668,0.054,25.5,40.9,32.5,106,7,106,666,1.6,104.8,0,"Normal",0
2025-11-11 23:25:00,"IIOT_10","Controller","Modbus",129,2480,0.045,32.1,30.4,62.4,153,4,-25,812,0.95,112.4,1,"Normal",0
2025-11-11 23:30:00,"IIOT_6","Actuator","MQTT",59,2321,0.034,19.8,43.4,31.1,111,5,-70,-159,2.19,112,0,"MITM",1
2025-11-11 23:35:00,"IIOT_1","Actuator","MQTT",163,2845,0.072,38.4,73.5,32,118,5,104,524,1.91,125,0,"Normal",0
2025-11-11 23:40:00,"IIOT_6","Controller","HTTP",82,1994,0.032,22.2,51,51.1,17,7,-81,-851,2.3,101,0,"DoS",1
2025-11-11 23:45:00,"IIOT_1","Actuator","Modbus",139,1573,0.071,36.6,55.1,82,125,2,57,-421,1.51,104.8,0,"MITM",1
2025-11-11 23:50:00,"IIOT_2","Sensor","HTTP",101,681,0.031,26.1,79.1,74,19,10,-38,-892,3.03,78,0,"Normal",0
2025-11-11 23:55:00,"IIOT_4","Sensor","HTTP",47,1658,0.087,31.8,22.5,74.1,19,9,-54,977,0.71,59.6,0,"DoS",1
2025-11-12,"IIOT_1","Sensor","Modbus",171,2109,0.07,29.9,79.4,83.8,133,6,124,451,2.66,62.6,0,"DoS",1
2025-11-12 00:05:00,"IIOT_2","Controller","MQTT",37,2245,0.024,33.7,52.1,44.6,41,2,-134,136,1.55,67.4,0,"Spoofing",1
2025-11-12 00:10:00,"IIOT_5","Actuator","Modbus",71,469,0.089,34.3,50.4,69.3,98,1,34,-1776,1.47,62,0,"Data Injection",1
2025-11-12 00:15:00,"IIOT_6","Sensor","MQTT",102,2195,0.087,24.9,26.5,32.1,99,5,31,1726,1.06,78,0,"DoS",1
2025-11-12 00:20:00,"IIOT_1","Actuator","Modbus",228,1602,0.018,35.1,55.8,40.6,143,9,126,-593,1.59,102.8,0,"Normal",0
2025-11-12 00:25:00,"IIOT_6","Sensor","HTTP",152,1937,0.02,21.7,56.4,78.8,152,1,-76,335,2.6,106.6,1,"DoS",1
2025-11-12 00:30:00,"IIOT_2","Sensor","HTTP",134,3063,0.002,27,63.8,54.3,130,10,-18,1126,2.36,124.4,0,"Data Injection",1
2025-11-12 00:35:00,"IIOT_5","Sensor","MQTT",124,1146,0.097,24.1,59.8,53.2,73,4,-10,-1917,2.48,119.4,0,"Normal",0
2025-11-12 00:40:00,"IIOT_9","Sensor","MQTT",110,1803,0.039,31.5,60.3,61.7,126,3,-14,657,1.91,124.8,0,"Normal",0
2025-11-12 00:45:00,"IIOT_9","Sensor","MQTT",138,2327,0.028,38.4,57.7,72,31,3,28,524,1.5,102.4,0,"Normal",0
2025-11-12 00:50:00,"IIOT_5","Actuator","HTTP",51,2148,0.082,29.2,37,51,109,4,-87,-179,1.27,93.8,0,"DoS",1
2025-11-12 00:55:00,"IIOT_7","Sensor","MQTT",103,3547,0.093,26.3,38.1,60.6,82,2,52,1399,1.45,84.2,0,"Normal",0
2025-11-12 01:00:00,"IIOT_1","Actuator","HTTP",112,1357,0.018,28.8,40.6,46.6,53,6,9,-2190,1.41,80.2,0,"Spoofing",1
2025-11-12 01:05:00,"IIOT_8","Controller","Modbus",163,2438,0.068,29.7,33.6,40.1,170,9,51,1081,1.13,89,1,"Normal",0
2025-11-12 01:10:00,"IIOT_4","Actuator","MQTT",122,1425,0.071,30.9,35.4,69.4,136,2,-41,-1013,1.15,110,0,"Normal",0
2025-11-12 01:15:00,"IIOT_5","Sensor","Modbus",110,1307,0.088,18.7,46.8,53.3,77,10,-12,-118,2.5,103.6,0,"Normal",0
2025-11-12 01:20:00,"IIOT_10","Controller","MQTT",108,3449,0.088,23.5,24.6,56.8,69,7,-2,2142,1.05,101,0,"Normal",0
2025-11-12 01:25:00,"IIOT_4","Sensor","MQTT",120,2566,0.097,30.7,71.7,40,70,5,12,-883,2.34,104.4,0,"Normal",0
2025-11-12 01:30:00,"IIOT_9","Controller","MQTT",24,1370,0.092,32.2,58.6,63.3,111,8,-96,-1196,1.82,92.6,0,"Normal",0
2025-11-12 01:35:00,"IIOT_2","Controller","MQTT",90,2545,0.028,34,78.7,82.4,86,5,66,1175,2.31,82.6,0,"Normal",0
2025-11-12 01:40:00,"IIOT_9","Controller","MQTT",97,457,0.072,31.5,59.4,41.7,76,4,7,-2088,1.89,82.4,0,"Normal",0
2025-11-12 01:45:00,"IIOT_4","Actuator","MQTT",156,2901,0.057,31.5,38.1,33.1,145,7,59,2444,1.21,97.6,0,"Normal",0
2025-11-12 01:50:00,"IIOT_3","Sensor","HTTP",156,1894,0.007,28.9,86.3,51.9,114,6,0,-1007,2.99,106.4,0,"Normal",0
2025-11-12 01:55:00,"IIOT_6","Actuator","MQTT",35,2650,0.086,28.7,27.5,77.9,168,2,-121,756,0.96,117.8,1,"DoS",1
2025-11-12 02:00:00,"IIOT_7","Actuator","MQTT",152,2577,0.084,23.6,85.2,73,116,4,117,-73,3.61,123.8,0,"Normal",0
2025-11-12 02:05:00,"IIOT_6","Sensor","Modbus",89,2131,0.095,28.6,32.8,42.1,69,9,-63,-446,1.15,122.4,0,"Normal",0
2025-11-12 02:10:00,"IIOT_1","Sensor","MQTT",159,928,0.031,34.2,52,61.3,27,7,70,-1203,1.52,98.8,0,"Normal",0
2025-11-12 02:15:00,"IIOT_6","Actuator","MQTT",71,1974,0.085,27.4,47.3,57.9,88,1,-88,1046,1.73,93.6,0,"Normal",0
2025-11-12 02:20:00,"IIOT_2","Actuator","Modbus",162,1727,0.056,26.9,44.6,43.3,93,9,91,-247,1.66,78.6,0,"Normal",0
2025-11-12 02:25:00,"IIOT_5","Controller","MQTT",81,1508,0.098,21.2,75.2,47.6,133,5,-81,-219,3.55,82,0,"DoS",1
2025-11-12 02:30:00,"IIOT_4","Sensor","Modbus",115,1140,0.093,27.1,80.1,79.4,132,2,34,-368,2.96,94.6,0,"DoS",1
2025-11-12 02:35:00,"IIOT_3","Actuator","MQTT",85,1166,0.006,30.9,74.9,77.1,108,4,-30,26,2.42,110.8,0,"MITM",1
2025-11-12 02:40:00,"IIOT_9","Actuator","HTTP",30,963,0.078,26.7,85.1,48.6,65,5,-55,-203,3.19,106.2,0,"Normal",0
2025-11-12 02:45:00,"IIOT_4","Sensor","Modbus",75,3708,0.08,28.7,44.6,71.1,131,2,45,2745,1.55,113.8,0,"Normal",0
2025-11-12 02:50:00,"IIOT_4","Controller","Modbus",133,2134,0.038,22,83.3,42.4,128,9,58,-1574,3.79,112.8,0,"Normal",0
2025-11-12 02:55:00,"IIOT_10","Controller","Modbus",78,1315,0.084,27.9,24.8,66.3,62,9,-55,-819,0.89,98.8,0,"MITM",1
2025-11-12 03:00:00,"IIOT_5","Actuator","HTTP",163,1734,0.065,39.8,47.2,74.2,80,6,85,419,1.19,93.2,0,"Data Injection",1
2025-11-12 03:05:00,"IIOT_5","Controller","HTTP",122,1203,0.018,32.9,85.6,55.8,150,6,-41,-531,2.6,110.2,0,"Data Injection",1
2025-11-12 03:10:00,"IIOT_3","Controller","MQTT",129,2045,0.042,29.2,61.8,37.8,62,9,7,842,2.12,96.4,0,"Normal",0
2025-11-12 03:15:00,"IIOT_8","Sensor","Modbus",80,1402,0.046,34.1,74.9,54.1,70,6,-49,-643,2.2,84.8,0,"Normal",0
2025-11-12 03:20:00,"IIOT_1","Actuator","MQTT",139,868,0.07,25.8,70.5,40.7,146,6,59,-534,2.73,101.6,0,"Spoofing",1
2025-11-12 03:25:00,"IIOT_7","Sensor","Modbus",189,2190,0.003,30.5,88.5,81.5,79,5,50,1322,2.9,101.4,0,"Normal",0
2025-11-12 03:30:00,"IIOT_7","Actuator","HTTP",140,2398,0.073,31.8,30,31.2,84,5,-49,208,0.94,88.2,0,"Normal",0
2025-11-12 03:35:00,"IIOT_7","Actuator","Modbus",72,3064,0.016,25,80.2,47.1,134,9,-68,666,3.21,102.6,0,"Spoofing",1
2025-11-12 03:40:00,"IIOT_2","Sensor","MQTT",97,1910,0.063,28.1,67.8,62.7,67,8,25,-1154,2.41,102,0,"Spoofing",1
2025-11-12 03:45:00,"IIOT_8","Controller","MQTT",177,2580,0.046,22.3,35.6,53.8,124,3,80,670,1.6,97.6,0,"Normal",0
2025-11-12 03:50:00,"IIOT_4","Actuator","Modbus",110,1793,0.036,33.3,63.9,66.6,107,8,-67,-787,1.92,103.2,0,"Normal",0
2025-11-12 03:55:00,"IIOT_10","Sensor","MQTT",214,1467,0.002,24,82.3,59.8,34,3,104,-326,3.43,93.2,0,"Normal",0
2025-11-12 04:00:00,"IIOT_2","Sensor","Modbus",83,1149,0.048,24.8,89.9,49.2,117,10,-131,-318,3.62,89.8,0,"DoS",1
2025-11-12 04:05:00,"IIOT_4","Actuator","Modbus",86,2872,0.028,23.5,63.8,40.6,123,8,3,1723,2.71,101,0,"DoS",1
2025-11-12 04:10:00,"IIOT_3","Actuator","Modbus",85,2093,0.002,24.9,78.2,49.8,149,3,-1,-779,3.14,106,0,"Normal",0
2025-11-12 04:15:00,"IIOT_3","Sensor","Modbus",159,2319,0.1,29.8,22.1,79.8,122,6,74,226,0.74,109,0,"Normal",0
2025-11-12 04:20:00,"IIOT_10","Actuator","MQTT",172,3613,0.002,27.1,69.3,54.3,113,6,13,1294,2.56,124.8,0,"Normal",0
2025-11-12 04:25:00,"IIOT_8","Sensor","MQTT",-2,1896,0.026,35.7,67.4,65.9,105,6,-174,-1717,1.89,122.4,0,"DoS",1
2025-11-12 04:30:00,"IIOT_5","Actuator","Modbus",186,2626,0.055,24.9,72.9,38.7,96,2,188,730,2.93,117,0,"Normal",0
2025-11-12 04:35:00,"IIOT_8","Sensor","MQTT",42,1669,0.079,33.5,76.7,53,63,4,-144,-957,2.29,99.8,0,"Normal",0
2025-11-12 04:40:00,"IIOT_9","Actuator","MQTT",114,2933,0.027,34.6,35.3,73.9,47,6,72,1264,1.02,84.8,0,"MITM",1
2025-11-12 04:45:00,"IIOT_3","Actuator","HTTP",76,1581,0.073,30.5,33.2,70.1,135,2,-38,-1352,1.09,89.2,0,"Normal",0
2025-11-12 04:50:00,"IIOT_6","Sensor","HTTP",143,3580,0.061,23.3,58.6,50.9,113,6,67,1999,2.52,90.8,0,"MITM",1
2025-11-12 04:55:00,"IIOT_5","Sensor","Modbus",171,1950,0.082,21.5,56,33.1,123,8,28,-1630,2.6,96.2,0,"Normal",0
2025-11-12 05:00:00,"IIOT_7","Actuator","Modbus",82,2610,0.006,29.4,47.5,60.4,114,2,-89,660,1.62,106.4,0,"Normal",0
2025-11-12 05:05:00,"IIOT_1","Sensor","HTTP",162,1883,0.075,25.3,86.7,83.8,73,4,80,-727,3.43,111.6,0,"Normal",0
2025-11-12 05:10:00,"IIOT_9","Sensor","Modbus",110,3901,0.099,36.1,56.9,31.7,52,5,-52,2018,1.58,95,0,"MITM",1
2025-11-12 05:15:00,"IIOT_9","Sensor","Modbus",150,890,0.026,25.3,56.1,47,96,9,40,-3011,2.22,91.6,0,"Normal",0
2025-11-12 05:20:00,"IIOT_3","Controller","Modbus",178,622,0.023,18.1,39.8,82.8,89,5,28,-268,2.2,84.8,0,"Data Injection",1
2025-11-12 05:25:00,"IIOT_1","Sensor","Modbus",178,2872,0.009,30.8,26.2,69.5,73,2,0,2250,0.85,76.6,0,"Normal",0
2025-11-12 05:30:00,"IIOT_8","Sensor","Modbus",139,1964,0.012,30.3,64,43.8,68,3,-39,-908,2.11,75.6,0,"Normal",0
2025-11-12 05:35:00,"IIOT_6","Sensor","MQTT",93,1963,0.061,26.9,32.9,80.4,104,10,-46,-1,1.22,86,0,"Normal",0
2025-11-12 05:40:00,"IIOT_7","Controller","Modbus",118,3425,0.039,25.9,79,63.6,136,2,25,1462,3.05,94,0,"Normal",0
2025-11-12 05:45:00,"IIOT_4","Controller","MQTT",103,3050,0.01,31.3,52.3,48.7,128,9,-15,-375,1.67,101.8,0,"Spoofing",1
2025-11-12 05:50:00,"IIOT_7","Actuator","MQTT",135,1169,0.086,36,75,31.9,154,5,32,-1881,2.08,118,1,"Normal",0
2025-11-12 05:55:00,"IIOT_3","Controller","MQTT",176,1600,0.01,24.6,69.8,71.1,104,7,41,431,2.84,125.2,0,"DoS",1
2025-11-12 06:00:00,"IIOT_5","Sensor","Modbus",99,1635,0.009,29.7,28.6,53.2,49,5,-77,35,0.96,114.2,0,"Normal",0
2025-11-12 06:05:00,"IIOT_8","Sensor","Modbus",80,2037,0.084,31.8,65.1,49.5,95,2,-19,402,2.05,106,0,"DoS",1
2025-11-12 06:10:00,"IIOT_1","Sensor","MQTT",121,3036,0.091,26.7,80.3,66.4,170,9,41,999,3.01,114.4,1,"Normal",0
2025-11-12 06:15:00,"IIOT_4","Actuator","Modbus",128,1680,0.057,29.6,43.9,77.8,113,8,7,-1356,1.48,106.2,0,"Spoofing",1
2025-11-12 06:20:00,"IIOT_10","Sensor","Modbus",67,2011,0.096,39.2,30.4,48.1,19,5,-61,331,0.78,89.2,0,"Spoofing",1
2025-11-12 06:25:00,"IIOT_8","Actuator","HTTP",117,2943,0.051,32.1,40.1,49.2,97,10,50,932,1.25,98.8,0,"Normal",0
2025-11-12 06:30:00,"IIOT_10","Sensor","Modbus",68,2370,0.027,23,62.6,41.9,125,4,-49,-573,2.72,104.8,0,"Normal",0
2025-11-12 06:35:00,"IIOT_3","Sensor","Modbus",83,1028,0.069,20.6,89.1,30,123,4,15,-1342,4.33,95.4,0,"Data Injection",1
2025-11-12 06:40:00,"IIOT_5","Sensor","Modbus",105,1122,0.023,34.4,88.4,32.6,153,9,22,94,2.57,103.4,1,"Normal",0
2025-11-12 06:45:00,"IIOT_2","Actuator","MQTT",141,1480,0.021,28.3,80.3,75.7,61,10,36,358,2.84,111.8,0,"Data Injection",1
2025-11-12 06:50:00,"IIOT_3","Sensor","Modbus",81,1400,0.077,37.9,81.2,72.6,153,8,-60,-80,2.14,123,1,"Data Injection",1
2025-11-12 06:55:00,"IIOT_4","Actuator","MQTT",131,2876,0.012,29.1,57.7,75.6,89,8,50,1476,1.98,115.8,0,"Data Injection",1
2025-11-12 07:00:00,"IIOT_5","Sensor","Modbus",164,2100,0.098,32,37.1,39.9,103,7,33,-776,1.16,111.8,0,"Normal",0
2025-11-12 07:05:00,"IIOT_4","Actuator","MQTT",144,2046,0.01,29.6,25.7,80,125,5,-20,-54,0.87,106.2,0,"Data Injection",1
2025-11-12 07:10:00,"IIOT_6","Sensor","HTTP",88,2204,0.077,27.3,20.3,53.3,86,8,-56,158,0.74,111.2,0,"Normal",0
2025-11-12 07:15:00,"IIOT_2","Sensor","MQTT",134,1941,0.01,24.5,20.2,60.4,163,4,46,-263,0.82,113.2,1,"Normal",0
2025-11-12 07:20:00,"IIOT_10","Controller","Modbus",87,2171,0.056,39.4,54,34.4,188,2,-47,230,1.37,133,1,"Spoofing",1
2025-11-12 07:25:00,"IIOT_2","Sensor","MQTT",159,2002,0.072,19.9,80,64.8,115,4,72,-169,4.02,135.4,0,"Normal",0
2025-11-12 07:30:00,"IIOT_1","Actuator","Modbus",83,1860,0.011,33.2,70.1,56.1,48,8,-76,-142,2.11,120,0,"Normal",0
2025-11-12 07:35:00,"IIOT_3","Sensor","MQTT",179,1386,0.024,28.3,71.2,76.8,78,1,96,-474,2.52,118.4,0,"DoS",1
2025-11-12 07:40:00,"IIOT_8","Sensor","Modbus",147,2781,0.057,38,84.9,69.8,43,2,-32,1395,2.23,94.4,0,"Normal",0
2025-11-12 07:45:00,"IIOT_1","Actuator","MQTT",128,1903,0.023,32.6,58.6,47.6,129,8,-19,-878,1.8,82.6,0,"Spoofing",1
2025-11-12 07:50:00,"IIOT_6","Controller","HTTP",124,1616,0.059,32.7,36.6,84.4,88,9,-4,-287,1.12,77.2,0,"Normal",0
2025-11-12 07:55:00,"IIOT_6","Actuator","HTTP",139,2187,0.009,31.4,64.3,58.8,94,2,15,571,2.05,86.4,0,"Normal",0
2025-11-12 08:00:00,"IIOT_5","Actuator","MQTT",109,3536,0.028,28.7,23.9,65.7,166,3,-30,1349,0.83,104,1,"Data Injection",1
2025-11-12 08:05:00,"IIOT_9","Actuator","Modbus",77,830,0.064,30.1,38,62.3,75,5,-32,-2706,1.26,110.4,0,"Normal",0
2025-11-12 08:10:00,"IIOT_10","Sensor","Modbus",138,898,0.051,41.1,33.5,74.1,90,10,61,68,0.82,102.6,0,"Normal",0
2025-11-12 08:15:00,"IIOT_9","Sensor","MQTT",76,2979,0.024,21.8,33.9,54.8,117,8,-62,2081,1.56,108.4,0,"Normal",0
2025-11-12 08:20:00,"IIOT_7","Sensor","HTTP",158,2218,0.033,30.2,55.4,45.3,138,4,82,-761,1.83,117.2,0,"Normal",0
2025-11-12 08:25:00,"IIOT_10","Sensor","Modbus",57,1952,0.029,28.5,58.5,56.4,110,4,-101,-266,2.05,106,0,"Normal",0
2025-11-12 08:30:00,"IIOT_5","Actuator","MQTT",139,2473,0.092,37.2,27,77.9,141,8,82,521,0.73,119.2,0,"Normal",0
2025-11-12 08:35:00,"IIOT_1","Sensor","MQTT",83,2387,0.092,30.9,44.3,45.3,149,9,-56,-86,1.43,131,0,"Normal",0
2025-11-12 08:40:00,"IIOT_7","Actuator","Modbus",149,2080,0.028,30.2,31.4,59.5,49,3,66,-307,1.04,117.4,0,"DoS",1
2025-11-12 08:45:00,"IIOT_1","Sensor","MQTT",78,411,0.083,28.3,37.6,81.9,37,4,-71,-1669,1.33,97.2,0,"DoS",1
2025-11-12 08:50:00,"IIOT_7","Sensor","MQTT",145,2675,0.08,24.3,40.1,51.9,158,6,67,2264,1.65,106.8,1,"Normal",0
2025-11-12 08:55:00,"IIOT_4","Actuator","Modbus",224,1749,0.098,28.2,60.9,54.6,51,6,79,-926,2.16,88.8,0,"DoS",1
2025-11-12 09:00:00,"IIOT_6","Sensor","HTTP",37,1657,0.041,37.8,50.8,33.1,169,2,-187,-92,1.34,92.8,1,"Normal",0
2025-11-12 09:05:00,"IIOT_10","Sensor","Modbus",95,660,0.015,28.8,47.8,49,153,3,58,-997,1.66,113.6,1,"Normal",0
2025-11-12 09:10:00,"IIOT_9","Sensor","MQTT",162,1871,0.073,32.8,37.8,79,134,4,67,1211,1.15,133,0,"Spoofing",1
2025-11-12 09:15:00,"IIOT_10","Sensor","MQTT",88,2421,0.076,23.1,65.3,68.6,37,8,-74,550,2.83,108.8,0,"Normal",0
2025-11-12 09:20:00,"IIOT_9","Actuator","Modbus",147,2503,0.086,33.9,50.5,68.5,107,9,59,82,1.49,120,0,"Normal",0
2025-11-12 09:25:00,"IIOT_1","Actuator","MQTT",124,2229,0.001,27.9,59.5,47.8,107,6,-23,-274,2.13,107.6,0,"Normal",0
2025-11-12 09:30:00,"IIOT_9","Actuator","Modbus",115,2163,0.001,26,82.1,70.3,105,9,-9,-66,3.16,98,0,"Normal",0
2025-11-12 09:35:00,"IIOT_8","Sensor","MQTT",74,2591,0.094,31.5,24,37.6,91,9,-41,428,0.76,89.4,0,"Normal",0
2025-11-12 09:40:00,"IIOT_7","Controller","HTTP",83,2239,0.042,33,82.9,50.9,84,2,9,-352,2.51,98.8,0,"Spoofing",1
2025-11-12 09:45:00,"IIOT_7","Controller","MQTT",59,1822,0.033,28.6,46,64.3,110,2,-24,-417,1.61,99.4,0,"Normal",0
2025-11-12 09:50:00,"IIOT_1","Actuator","HTTP",179,1939,0.047,24.7,54.1,36.6,68,7,120,117,2.19,91.6,0,"Data Injection",1
2025-11-12 09:55:00,"IIOT_4","Actuator","Modbus",93,2051,0.095,37.4,57.6,60,157,7,-86,112,1.54,102,1,"Data Injection",1
2025-11-12 10:00:00,"IIOT_2","Actuator","MQTT",76,1824,0.066,22.8,60.4,32.9,89,4,-17,-227,2.65,101.6,0,"MITM",1
2025-11-12 10:05:00,"IIOT_5","Actuator","Modbus",117,2280,0.092,36,22.2,43.8,126,6,41,456,0.62,110,0,"Normal",0
2025-11-12 10:10:00,"IIOT_7","Actuator","Modbus",207,2562,0.067,35.5,27.2,49.1,98,8,90,282,0.77,107.6,0,"Normal",0
2025-11-12 10:15:00,"IIOT_2","Actuator","Modbus",139,2376,0.028,31.3,85.7,59.3,85,4,-68,-186,2.74,111,0,"DoS",1
2025-11-12 10:20:00,"IIOT_6","Actuator","MQTT",49,1488,0.095,28.3,47.2,79.7,114,8,-90,-888,1.67,102.4,0,"Normal",0
2025-11-12 10:25:00,"IIOT_7","Sensor","MQTT",86,573,0.066,29.8,47.3,50.7,74,1,37,-915,1.59,99.4,0,"Normal",0
2025-11-12 10:30:00,"IIOT_7","Sensor","MQTT",138,2820,0.053,32.6,48.7,54.6,137,6,52,2247,1.49,101.6,0,"Data Injection",1
2025-11-12 10:35:00,"IIOT_2","Sensor","Modbus",190,2111,0.02,26.3,55,39.4,130,1,52,-709,2.09,108,0,"Normal",0
2025-11-12 10:40:00,"IIOT_5","Actuator","MQTT",150,1412,0.066,29.1,28.6,34.1,72,6,-40,-699,0.98,105.4,0,"Normal",0
2025-11-12 10:45:00,"IIOT_8","Actuator","Modbus",96,1609,0.078,27.2,62.1,32,85,1,-54,197,2.28,99.6,0,"Normal",0
2025-11-12 10:50:00,"IIOT_9","Actuator","MQTT",160,1898,0.054,29.1,81.6,64.6,106,4,64,289,2.8,106,0,"Normal",0
2025-11-12 10:55:00,"IIOT_1","Sensor","Modbus",130,2218,0.002,28,24.1,33.3,100,9,-30,320,0.86,98.6,0,"Normal",0
2025-11-12 11:00:00,"IIOT_1","Sensor","MQTT",171,1784,0.027,26.9,67.5,45.2,78,5,41,-434,2.51,88.2,0,"Normal",0
2025-11-12 11:05:00,"IIOT_8","Actuator","HTTP",108,1612,0.047,26.3,46.6,37.2,127,7,-63,-172,1.77,99.2,0,"Normal",0
2025-11-12 11:10:00,"IIOT_10","Sensor","HTTP",212,4081,0.071,27.4,24,48.2,143,9,104,2469,0.88,110.8,0,"Data Injection",1
2025-11-12 11:15:00,"IIOT_3","Sensor","MQTT",38,1927,0.02,29.9,47.8,49.5,112,7,-174,-2154,1.6,112,0,"DoS",1
2025-11-12 11:20:00,"IIOT_8","Sensor","Modbus",69,1668,0.086,28.6,89.3,53.2,80,7,31,-259,3.12,108,0,"Normal",0
2025-11-12 11:25:00,"IIOT_4","Actuator","HTTP",23,964,0.032,31,20.4,38.6,53,3,-46,-704,0.66,103,0,"DoS",1
2025-11-12 11:30:00,"IIOT_1","Sensor","HTTP",59,3174,0.069,33.5,47.4,84.9,75,1,36,2210,1.41,92.6,0,"Data Injection",1
2025-11-12 11:35:00,"IIOT_8","Sensor","Modbus",99,1308,0.097,25.9,60.1,49.6,85,4,40,-1866,2.32,81,0,"Normal",0
2025-11-12 11:40:00,"IIOT_5","Controller","MQTT",168,2943,0.044,29.7,84.6,37.1,136,3,69,1635,2.85,85.8,0,"Normal",0
2025-11-12 11:45:00,"IIOT_4","Actuator","Modbus",82,1318,0.013,31.2,56.2,56.6,112,5,-86,-1625,1.8,92.2,0,"Normal",0
2025-11-12 11:50:00,"IIOT_2","Sensor","HTTP",147,1823,0.074,34.2,83.9,44,111,6,65,505,2.45,103.8,0,"DoS",1
2025-11-12 11:55:00,"IIOT_9","Sensor","MQTT",22,1473,0.074,32.3,77.6,41.1,157,9,-125,-350,2.4,120.2,1,"Normal",0
2025-11-12 12:00:00,"IIOT_9","Sensor","MQTT",194,2079,0.019,37.8,79.5,85,111,9,172,606,2.1,125.4,0,"Data Injection",1
2025-11-12 12:05:00,"IIOT_6","Actuator","HTTP",67,997,0.089,36.6,23.8,84.6,141,2,-127,-1082,0.65,126.4,0,"Normal",0
2025-11-12 12:10:00,"IIOT_10","Sensor","Modbus",215,2244,0.047,23.1,35.9,54.3,103,5,148,1247,1.55,124.6,0,"Normal",0
2025-11-12 12:15:00,"IIOT_4","Sensor","MQTT",107,3191,0.038,31.1,26.9,83.9,142,2,-108,947,0.86,130.8,0,"Normal",0
2025-11-12 12:20:00,"IIOT_4","Actuator","MQTT",134,2289,0.052,33.3,51.5,47.9,47,9,27,-902,1.55,108.8,0,"Normal",0
2025-11-12 12:25:00,"IIOT_4","Actuator","MQTT",53,1689,0.037,36,74.2,62.8,111,4,-81,-600,2.06,108.8,0,"Normal",0
2025-11-12 12:30:00,"IIOT_3","Sensor","Modbus",180,2451,0.094,25.2,52.8,76.6,60,1,127,762,2.1,92.6,0,"Normal",0
2025-11-12 12:35:00,"IIOT_6","Sensor","MQTT",162,1669,0.003,33.3,31.6,35.6,142,9,-18,-782,0.95,100.4,0,"MITM",1
2025-11-12 12:40:00,"IIOT_4","Sensor","HTTP",148,1354,0.01,25.5,60.3,44.7,162,5,-14,-315,2.36,104.4,1,"Data Injection",1
2025-11-12 12:45:00,"IIOT_2","Sensor","HTTP",99,1846,0.086,29.8,89.5,62.8,38,9,-49,492,3,102.6,0,"DoS",1
2025-11-12 12:50:00,"IIOT_2","Sensor","Modbus",119,589,0.018,24.8,76.4,51.1,119,7,20,-1257,3.08,104.2,0,"Normal",0
2025-11-12 12:55:00,"IIOT_6","Sensor","Modbus",162,236,0.002,23.6,72.9,39,108,7,43,-353,3.09,113.8,0,"DoS",1
2025-11-12 13:00:00,"IIOT_8","Sensor","Modbus",109,1745,0.076,31.4,85.8,53.1,110,6,-53,1509,2.73,107.4,0,"Normal",0
2025-11-12 13:05:00,"IIOT_10","Sensor","MQTT",103,2781,0.003,23.1,67,79.4,65,2,-6,1036,2.9,88,0,"MITM",1
2025-11-12 13:10:00,"IIOT_4","Actuator","MQTT",79,2420,0.071,28.2,52.2,57.8,156,9,-24,-361,1.85,111.6,1,"Normal",0
2025-11-12 13:15:00,"IIOT_8","Actuator","Modbus",118,1879,0.085,30.4,59.3,70.8,77,9,39,-541,1.95,103.2,0,"Normal",0
2025-11-12 13:20:00,"IIOT_2","Controller","Modbus",79,2112,0.082,29.6,30.6,64.5,139,3,-39,233,1.03,109.4,0,"Normal",0
2025-11-12 13:25:00,"IIOT_10","Sensor","MQTT",189,1870,0.092,27.1,35.6,67.5,93,6,110,-242,1.31,106,0,"Normal",0
2025-11-12 13:30:00,"IIOT_7","Sensor","MQTT",107,3014,0.084,32.5,44.9,65.9,119,8,-82,1144,1.38,116.8,0,"Normal",0
2025-11-12 13:35:00,"IIOT_9","Controller","Modbus",109,2786,0.037,25.7,75,82.6,125,5,2,-228,2.92,110.6,0,"Normal",0
2025-11-12 13:40:00,"IIOT_5","Controller","HTTP",73,1279,0.069,21.9,29.8,84.1,106,1,-36,-1507,1.36,116.4,0,"Normal",0
2025-11-12 13:45:00,"IIOT_10","Actuator","MQTT",96,1885,0.094,25.4,37.9,72.6,116,8,23,606,1.49,111.8,0,"Normal",0
2025-11-12 13:50:00,"IIOT_3","Controller","HTTP",138,1327,0.03,23.4,39.8,35.6,135,7,42,-558,1.7,120.2,0,"Normal",0
2025-11-12 13:55:00,"IIOT_1","Sensor","HTTP",89,1541,0.058,41.1,59.3,77.3,63,8,-49,214,1.44,109,0,"Data Injection",1
2025-11-12 14:00:00,"IIOT_10","Sensor","Modbus",142,1879,0.072,30.8,25.7,76.4,24,4,53,338,0.83,88.8,0,"Normal",0
2025-11-12 14:05:00,"IIOT_4","Actuator","MQTT",176,2005,0.065,39.5,80,48.4,83,10,34,126,2.03,84.2,0,"Normal",0
2025-11-12 14:10:00,"IIOT_3","Actuator","Modbus",146,1289,0.036,33.4,24.1,69.5,86,6,-30,-716,0.72,78.2,0,"Normal",0
2025-11-12 14:15:00,"IIOT_8","Sensor","HTTP",84,1402,0.002,37.9,37.3,80.8,219,10,-62,113,0.98,95,1,"Normal",0
2025-11-12 14:20:00,"IIOT_6","Sensor","Modbus",48,901,0.07,30.4,22.9,66.3,121,2,-36,-501,0.75,106.6,0,"Normal",0
2025-11-12 14:25:00,"IIOT_4","Sensor","Modbus",85,2011,0.038,25.9,29.5,46.2,40,6,37,1110,1.14,109.8,0,"Data Injection",1
2025-11-12 14:30:00,"IIOT_10","Controller","Modbus",95,2319,0.056,28.9,28.9,31.1,33,6,10,308,1,99.8,0,"Normal",0
2025-11-12 14:35:00,"IIOT_10","Actuator","MQTT",115,449,0.006,37.6,79.6,51.3,39,2,20,-1870,2.12,90.4,0,"DoS",1
2025-11-12 14:40:00,"IIOT_1","Actuator","MQTT",100,1017,0.029,25.4,39.5,69.1,106,5,-15,568,1.56,67.8,0,"Normal",0
2025-11-12 14:45:00,"IIOT_4","Controller","Modbus",94,1509,0.096,30.9,43.7,82,81,4,-6,492,1.41,59.8,0,"Normal",0
2025-11-12 14:50:00,"IIOT_6","Controller","Modbus",64,2660,0.068,37.8,45.8,73.4,122,9,-30,1151,1.21,76.2,0,"Normal",0
2025-11-12 14:55:00,"IIOT_10","Sensor","MQTT",82,1861,0.005,35.3,72.8,34.6,123,6,18,-799,2.06,94.2,0,"Normal",0
2025-11-12 15:00:00,"IIOT_3","Sensor","MQTT",165,1088,0.084,31.4,58.2,74.1,143,5,83,-773,1.85,115,0,"Normal",0
2025-11-12 15:05:00,"IIOT_9","Actuator","Modbus",128,2860,0.062,33.4,69.5,74.2,123,5,-37,1772,2.08,118.4,0,"Normal",0
2025-11-12 15:10:00,"IIOT_2","Sensor","Modbus",140,2058,0.064,37.2,47.6,82.5,112,8,12,-802,1.28,124.6,0,"Normal",0
2025-11-12 15:15:00,"IIOT_6","Actuator","Modbus",111,1444,0.009,38.8,75.4,60.4,57,10,-29,-614,1.94,111.6,0,"Normal",0
2025-11-12 15:20:00,"IIOT_10","Sensor","Modbus",174,2611,0.02,29.7,47.6,68.2,99,10,63,1167,1.6,106.8,0,"Normal",0
2025-11-12 15:25:00,"IIOT_7","Controller","Modbus",169,2221,0.1,32.8,28.2,35.3,65,5,-5,-390,0.86,91.2,0,"Normal",0
2025-11-12 15:30:00,"IIOT_10","Actuator","Modbus",157,1975,0.072,22.6,34.4,60.7,104,9,-12,-246,1.52,87.4,0,"DoS",1
2025-11-12 15:35:00,"IIOT_6","Sensor","Modbus",136,2330,0.087,38.7,27.3,69.6,100,6,-21,355,0.71,85,0,"MITM",1
2025-11-12 15:40:00,"IIOT_4","Actuator","Modbus",135,1976,0.071,25.7,83.8,32.1,118,6,-1,-354,3.26,97.2,0,"DoS",1
2025-11-12 15:45:00,"IIOT_10","Actuator","Modbus",97,2644,0.062,32.7,34.5,35.9,149,10,-38,668,1.06,107.2,0,"Normal",0
2025-11-12 15:50:00,"IIOT_6","Sensor","HTTP",127,2165,0.089,31.8,62,67.5,106,5,30,-479,1.95,115.4,0,"Normal",0
2025-11-12 15:55:00,"IIOT_2","Sensor","Modbus",85,2311,0.082,28.1,87.4,57.6,75,8,-42,146,3.11,109.6,0,"Normal",0
2025-11-12 16:00:00,"IIOT_5","Controller","MQTT",217,2207,0.03,25.1,22.4,53.3,146,9,132,-104,0.89,118.8,0,"Normal",0
2025-11-12 16:05:00,"IIOT_5","Sensor","Modbus",87,1952,0.013,26.2,85.2,83.6,35,8,-130,-255,3.25,102.2,0,"MITM",1
2025-11-12 16:10:00,"IIOT_4","Controller","HTTP",119,2427,0.084,36.7,27.4,82,118,2,32,475,0.75,96,0,"MITM",1
2025-11-12 16:15:00,"IIOT_4","Sensor","HTTP",121,1754,0.014,35.4,42,68.4,52,2,2,-673,1.19,85.2,0,"Spoofing",1
2025-11-12 16:20:00,"IIOT_10","Sensor","Modbus",133,1922,0.025,26.7,41.5,62.2,60,1,12,168,1.55,82.2,0,"Normal",0
2025-11-12 16:25:00,"IIOT_5","Sensor","MQTT",160,1814,0.038,26.7,48.4,78.1,51,8,27,-108,1.81,63.2,0,"Normal",0
2025-11-12 16:30:00,"IIOT_4","Sensor","Modbus",112,1341,0.084,34.2,35.7,36.3,42,5,-48,-473,1.04,64.6,0,"MITM",1
2025-11-12 16:35:00,"IIOT_8","Sensor","Modbus",85,3007,0.055,38.9,75.7,45.2,149,5,-27,1666,1.95,70.8,0,"Normal",0
2025-11-12 16:40:00,"IIOT_1","Sensor","MQTT",99,3410,0.051,24.4,20.3,79.1,151,6,14,403,0.83,90.6,1,"Normal",0
2025-11-12 16:45:00,"IIOT_4","Sensor","Modbus",104,1341,0.083,30.5,61.2,41,21,7,5,-2069,2.01,82.8,0,"Normal",0
2025-11-12 16:50:00,"IIOT_8","Controller","MQTT",122,2550,0.006,26.7,32.7,45.4,153,8,18,1209,1.22,103.2,1,"Data Injection",1
2025-11-12 16:55:00,"IIOT_7","Sensor","MQTT",108,1298,0.045,27.9,22.2,57,-8,3,-14,-1252,0.8,93.2,0,"Normal",0
2025-11-12 17:00:00,"IIOT_10","Controller","MQTT",125,2425,0.019,26.4,70.2,63.7,73,3,17,1127,2.66,78,0,"Normal",0
2025-11-12 17:05:00,"IIOT_9","Controller","Modbus",105,2990,0.03,32,31.7,51.5,87,9,-20,565,0.99,65.2,0,"Normal",0
2025-11-12 17:10:00,"IIOT_9","Sensor","MQTT",173,1256,0.029,31.2,52.4,33.4,80,10,68,-1734,1.68,77,0,"Normal",0
2025-11-12 17:15:00,"IIOT_4","Sensor","MQTT",109,1252,0.031,23.3,73.1,51.6,59,7,-64,-4,3.14,58.2,0,"Spoofing",1
2025-11-12 17:20:00,"IIOT_8","Controller","Modbus",156,1835,0.007,21.8,40.7,84.6,173,5,47,583,1.87,94.4,1,"Normal",0
2025-11-12 17:25:00,"IIOT_8","Sensor","Modbus",186,2662,0.057,25.1,52.8,81.4,21,2,30,827,2.1,84,0,"DoS",1
2025-11-12 17:30:00,"IIOT_5","Actuator","MQTT",63,1082,0.086,39.1,60.1,56.8,79,3,-123,-1580,1.54,82.4,0,"Normal",0
2025-11-12 17:35:00,"IIOT_1","Actuator","MQTT",52,2188,0.06,34.5,31.7,69.7,145,7,-11,1106,0.92,95.4,0,"Data Injection",1
2025-11-12 17:40:00,"IIOT_6","Sensor","Modbus",221,1204,0.021,24.9,29.2,52.6,74,2,169,-984,1.17,98.4,0,"Spoofing",1
2025-11-12 17:45:00,"IIOT_6","Sensor","Modbus",47,945,0.089,30.5,44.8,67.1,137,4,-174,-259,1.47,91.2,0,"Normal",0
2025-11-12 17:50:00,"IIOT_6","Actuator","HTTP",147,2109,0.01,26.4,33.1,38.7,82,1,100,1164,1.25,103.4,0,"Normal",0
2025-11-12 17:55:00,"IIOT_4","Sensor","MQTT",39,1513,0.053,26.6,22.7,76,111,4,-108,-596,0.85,109.8,0,"Normal",0
2025-11-12 18:00:00,"IIOT_8","Actuator","MQTT",5,2178,0.06,36.2,89.4,71,132,8,-34,665,2.47,107.2,0,"Normal",0
2025-11-12 18:05:00,"IIOT_9","Sensor","Modbus",69,2425,0.015,36.5,29.7,53.5,136,6,64,247,0.81,119.6,0,"Normal",0
2025-11-12 18:10:00,"IIOT_2","Controller","Modbus",159,1674,0.042,22.5,70,58.6,94,5,90,-751,3.11,111,0,"MITM",1
2025-11-12 18:15:00,"IIOT_1","Sensor","MQTT",116,1515,0.043,28.6,66.5,31.3,123,6,-43,-159,2.33,119.2,0,"Normal",0
2025-11-12 18:20:00,"IIOT_4","Sensor","Modbus",142,1342,0.084,33,24.1,71.9,70,4,26,-173,0.73,111,0,"Normal",0
2025-11-12 18:25:00,"IIOT_8","Sensor","HTTP",162,2458,0.066,22.1,73.3,56.6,101,7,20,1116,3.32,104.8,0,"Normal",0
2025-11-12 18:30:00,"IIOT_9","Actuator","HTTP",82,2902,0.043,27.2,50.3,31,88,7,-80,444,1.85,95.2,0,"Data Injection",1
2025-11-12 18:35:00,"IIOT_7","Controller","Modbus",188,2746,0.023,28.1,20.8,43.8,118,6,106,-156,0.74,100,0,"Normal",0
2025-11-12 18:40:00,"IIOT_8","Sensor","MQTT",124,1864,0.081,43.1,42.3,45.4,107,4,-64,-882,0.98,96.8,0,"MITM",1
2025-11-12 18:45:00,"IIOT_2","Sensor","Modbus",107,2698,0.099,29.9,69,69.5,162,6,-17,834,2.31,115.2,1,"DoS",1
2025-11-12 18:50:00,"IIOT_10","Sensor","Modbus",128,1359,0.051,28.2,28.2,81.9,132,2,21,-1339,1,121.4,0,"Normal",0
2025-11-12 18:55:00,"IIOT_4","Sensor","Modbus",176,877,0.019,32.2,33.4,58.5,121,4,48,-482,1.04,128,0,"Normal",0
2025-11-12 19:00:00,"IIOT_7","Actuator","Modbus",88,1720,0.055,35.1,75.9,83.7,97,8,-88,843,2.16,123.8,0,"Data Injection",1
2025-11-12 19:05:00,"IIOT_2","Actuator","MQTT",77,1998,0.09,31.1,43.2,72.9,99,6,-11,278,1.39,122.2,0,"Normal",0
2025-11-12 19:10:00,"IIOT_7","Actuator","MQTT",117,2118,0.083,33,54.9,67.9,150,2,40,120,1.66,119.8,0,"Normal",0
2025-11-12 19:15:00,"IIOT_9","Sensor","HTTP",76,2553,0.032,20,54.4,36.7,90,7,-41,435,2.72,111.4,0,"MITM",1
2025-11-12 19:20:00,"IIOT_3","Actuator","HTTP",106,2575,0.03,25.8,26.3,50.7,96,7,30,22,1.02,106.4,0,"Normal",0
2025-11-12 19:25:00,"IIOT_9","Sensor","MQTT",134,1028,0.074,27.1,56.2,63.1,74,6,28,-1547,2.07,101.8,0,"Normal",0
2025-11-12 19:30:00,"IIOT_4","Controller","MQTT",112,2450,0.003,32.3,76.4,44.4,111,9,-22,1422,2.37,104.2,0,"Spoofing",1
2025-11-12 19:35:00,"IIOT_3","Actuator","HTTP",113,1645,0.07,23.9,41.1,51.1,100,7,1,-805,1.72,94.2,0,"Data Injection",1
2025-11-12 19:40:00,"IIOT_1","Controller","HTTP",113,588,0.057,41.4,60.7,60.6,76,4,0,-1057,1.47,91.4,0,"Normal",0
2025-11-12 19:45:00,"IIOT_3","Controller","MQTT",56,1632,0.033,31.2,49.3,48.1,69,2,-57,1044,1.58,86,0,"Normal",0
2025-11-12 19:50:00,"IIOT_10","Actuator","Modbus",122,1846,0.039,27.9,48.6,33.8,155,1,66,214,1.74,102.2,1,"DoS",1
2025-11-12 19:55:00,"IIOT_4","Sensor","MQTT",85,3215,0.042,27.5,63,61.9,170,2,-37,1369,2.29,114,1,"Normal",0
2025-11-12 20:00:00,"IIOT_1","Actuator","HTTP",83,2680,0.093,30.7,26.8,39.7,70,10,-2,-535,0.87,108,0,"Normal",0
2025-11-12 20:05:00,"IIOT_9","Controller","MQTT",228,2365,0.06,25.2,77.4,62.9,124,2,145,-315,3.07,117.6,0,"Normal",0
2025-11-12 20:10:00,"IIOT_6","Sensor","HTTP",114,2881,0.091,44.7,88.4,38,92,1,-114,516,1.98,122.2,0,"DoS",1
2025-11-12 20:15:00,"IIOT_10","Controller","MQTT",119,3028,0.071,17.7,82.2,74.5,130,5,5,147,4.64,117.2,0,"Data Injection",1
2025-11-12 20:20:00,"IIOT_6","Sensor","MQTT",84,2031,0.074,28.3,26.9,39.3,79,8,-35,-997,0.95,99,0,"Normal",0
2025-11-12 20:25:00,"IIOT_2","Sensor","MQTT",133,1173,0.032,28,88.1,84.9,106,4,49,-858,3.15,106.2,0,"Normal",0
2025-11-12 20:30:00,"IIOT_3","Sensor","HTTP",98,934,0.068,25.6,45.6,68.3,43,8,-35,-239,1.78,90,0,"Spoofing",1
2025-11-12 20:35:00,"IIOT_5","Controller","MQTT",65,1476,0.06,29.6,22.7,56.9,145,2,-33,542,0.77,100.6,0,"Normal",0
2025-11-12 20:40:00,"IIOT_9","Actuator","Modbus",106,2396,0.052,31.9,39.2,47.5,120,10,41,920,1.23,98.6,0,"Normal",0
2025-11-12 20:45:00,"IIOT_3","Controller","Modbus",148,2623,0.052,26.6,43.5,43.2,99,6,42,227,1.64,102.6,0,"Normal",0
2025-11-12 20:50:00,"IIOT_1","Controller","Modbus",88,2012,0.005,29.7,65,53.2,130,8,-60,-611,2.19,107.4,0,"Data Injection",1
2025-11-12 20:55:00,"IIOT_8","Actuator","Modbus",60,1899,0.013,26.9,58.1,50.4,107,8,-28,-113,2.16,120.2,0,"Normal",0
2025-11-12 21:00:00,"IIOT_8","Sensor","Modbus",93,2774,0.033,32.5,59.7,71.8,161,3,33,875,1.84,123.4,1,"Normal",0
2025-11-12 21:05:00,"IIOT_3","Controller","HTTP",153,1599,0.02,37,66,53.1,57,5,60,-1175,1.78,110.8,0,"Spoofing",1
2025-11-12 21:10:00,"IIOT_1","Actuator","HTTP",92,3159,0.071,27.9,25.3,73.3,117,6,-61,1560,0.91,114.4,0,"MITM",1
2025-11-12 21:15:00,"IIOT_10","Sensor","MQTT",146,1508,0.029,34.2,22.1,82.6,129,3,54,-1651,0.65,114.2,0,"Normal",0
2025-11-12 21:20:00,"IIOT_8","Controller","Modbus",138,1677,0.048,22,52.7,48.4,64,10,-8,169,2.4,105.6,0,"Normal",0
2025-11-12 21:25:00,"IIOT_1","Actuator","HTTP",157,3014,0.052,32.7,33.4,60.8,78,4,19,1337,1.02,89,0,"Normal",0
2025-11-12 21:30:00,"IIOT_1","Controller","Modbus",139,1502,0.012,28.5,83.9,32.1,118,5,-18,-1512,2.94,101.2,0,"MITM",1
2025-11-12 21:35:00,"IIOT_4","Actuator","Modbus",160,1210,0.001,37.4,23.6,48.3,138,1,21,-292,0.63,105.4,0,"DoS",1
2025-11-12 21:40:00,"IIOT_8","Actuator","Modbus",92,2005,0.054,35.9,72.1,55.6,123,9,-68,795,2.01,104.2,0,"MITM",1
2025-11-12 21:45:00,"IIOT_7","Sensor","MQTT",122,2086,0.053,29.5,22.2,68.6,129,3,30,81,0.75,117.2,0,"Normal",0
2025-11-12 21:50:00,"IIOT_5","Actuator","MQTT",127,1618,0.034,33.3,78.1,36.2,92,1,5,-468,2.35,120,0,"Normal",0
2025-11-12 21:55:00,"IIOT_3","Sensor","MQTT",111,2427,0.028,37,69.3,74.9,53,9,-16,809,1.87,107,0,"Normal",0
2025-11-12 22:00:00,"IIOT_4","Actuator","HTTP",162,3560,0.069,30,45.8,74,112,3,51,1133,1.53,101.8,0,"MITM",1
2025-11-12 22:05:00,"IIOT_5","Actuator","Modbus",140,1765,0,26.3,86.8,31.9,126,6,-22,-1795,3.3,102.4,0,"MITM",1
2025-11-12 22:10:00,"IIOT_5","Sensor","MQTT",140,1019,0.087,40.5,84.9,47.6,38,2,0,-746,2.1,84.2,0,"Normal",0
2025-11-12 22:15:00,"IIOT_1","Sensor","HTTP",160,1060,0.061,34,67.5,52.6,89,8,20,41,1.99,83.6,0,"Spoofing",1
2025-11-12 22:20:00,"IIOT_5","Sensor","Modbus",118,1753,0.043,24,40.2,34.4,99,8,-42,693,1.68,92.8,0,"Normal",0
2025-11-12 22:25:00,"IIOT_4","Controller","MQTT",78,3254,0.093,39.1,50.8,38.5,121,4,-40,1501,1.3,94.6,0,"Normal",0
2025-11-12 22:30:00,"IIOT_3","Actuator","MQTT",131,1876,0.054,33.6,77.2,79.6,161,8,53,-1378,2.3,101.6,1,"MITM",1
2025-11-12 22:35:00,"IIOT_2","Controller","MQTT",137,1872,0.086,31.3,55.8,79.4,103,2,6,-4,1.78,114.6,0,"Normal",0
2025-11-12 22:40:00,"IIOT_6","Sensor","Modbus",48,705,0.035,28.9,78.5,38.5,39,4,-89,-1167,2.72,104.6,0,"Normal",0
2025-11-12 22:45:00,"IIOT_6","Actuator","MQTT",151,2474,0.024,27.3,25.4,39.4,147,2,103,1769,0.93,114.2,0,"MITM",1
2025-11-12 22:50:00,"IIOT_4","Sensor","Modbus",138,2977,0.092,27.5,85.7,34.7,96,7,-13,503,3.12,109.2,0,"Data Injection",1
2025-11-12 22:55:00,"IIOT_10","Sensor","MQTT",79,3208,0.055,27.2,47.1,80.9,35,3,-59,231,1.73,84,0,"Normal",0
2025-11-12 23:00:00,"IIOT_3","Sensor","Modbus",103,1160,0.006,27.5,80.9,78.5,145,10,24,-2048,2.94,92.4,0,"Data Injection",1
2025-11-12 23:05:00,"IIOT_7","Controller","Modbus",139,1911,0.038,32,87.9,72.6,79,10,36,751,2.75,100.4,0,"DoS",1
2025-11-12 23:10:00,"IIOT_5","Sensor","MQTT",89,1214,0.052,26.8,25.6,79.2,84,4,-50,-697,0.96,87.8,0,"Spoofing",1
2025-11-12 23:15:00,"IIOT_4","Sensor","MQTT",122,1604,0.09,28.9,32.2,67,150,2,33,390,1.11,98.6,0,"Normal",0
2025-11-12 23:20:00,"IIOT_2","Sensor","MQTT",36,4057,0.073,25.8,50.9,61.1,151,3,-86,2453,1.97,121.8,1,"MITM",1
2025-11-12 23:25:00,"IIOT_8","Controller","MQTT",110,2328,0.088,18.5,25.4,67.4,109,3,74,-1729,1.37,114.6,0,"DoS",1
2025-11-12 23:30:00,"IIOT_2","Sensor","Modbus",170,2502,0.046,30.3,87.5,34.5,47,7,60,174,2.89,108.2,0,"Data Injection",1
2025-11-12 23:35:00,"IIOT_5","Controller","MQTT",77,1561,0.049,35.5,24.8,75.5,78,9,-93,-941,0.7,107,0,"Normal",0
2025-11-12 23:40:00,"IIOT_3","Sensor","MQTT",184,1431,0.075,38.4,45,71.2,106,6,107,-130,1.17,98.2,0,"Normal",0
2025-11-12 23:45:00,"IIOT_7","Actuator","MQTT",96,1565,0.022,29.6,45.3,83.7,65,8,-88,134,1.53,81,0,"Normal",0
2025-11-12 23:50:00,"IIOT_10","Actuator","HTTP",102,2756,0.061,20.6,62.6,77.3,135,3,6,1191,3.04,86.2,0,"MITM",1
2025-11-12 23:55:00,"IIOT_2","Actuator","MQTT",104,1435,0.042,32.4,50.2,64.1,63,4,2,-1321,1.55,89.4,0,"Normal",0
2025-11-13,"IIOT_6","Sensor","HTTP",105,2551,0.059,26.4,49.6,71.9,123,5,1,1116,1.88,98.4,0,"Normal",0
2025-11-13 00:05:00,"IIOT_1","Sensor","Modbus",103,3039,0.023,35.7,80.7,38.1,118,7,-2,488,2.26,100.8,0,"Normal",0
2025-11-13 00:10:00,"IIOT_1","Sensor","MQTT",107,563,0.051,40.1,29.6,74.7,37,6,4,-2476,0.74,95.2,0,"Data Injection",1
2025-11-13 00:15:00,"IIOT_3","Sensor","MQTT",105,1983,0.058,28,44.5,58,74,8,-2,1420,1.59,83,0,"MITM",1
2025-11-13 00:20:00,"IIOT_8","Sensor","MQTT",135,1923,0.036,36.4,48.3,31.4,-3,2,30,-60,1.33,69.8,0,"MITM",1
2025-11-13 00:25:00,"IIOT_7","Sensor","MQTT",79,3192,0.056,32.1,39.4,83.9,69,3,-56,1269,1.23,59,0,"Normal",0
2025-11-13 00:30:00,"IIOT_4","Controller","Modbus",77,2743,0.045,35.2,26.7,34.8,94,1,-2,-449,0.76,54.2,0,"Normal",0
2025-11-13 00:35:00,"IIOT_5","Sensor","HTTP",36,19,0.026,41.1,88.3,51.3,97,5,-41,-2724,2.15,66.2,0,"MITM",1
2025-11-13 00:40:00,"IIOT_10","Sensor","HTTP",93,2361,0.037,31.3,52.6,58.9,154,4,57,2342,1.68,82.2,1,"Normal",0
2025-11-13 00:45:00,"IIOT_5","Controller","Modbus",67,3203,0.046,31,79.8,49.1,37,3,-26,842,2.57,90.2,0,"Normal",0
2025-11-13 00:50:00,"IIOT_4","Actuator","MQTT",-30,1788,0.024,37.3,86.7,35.4,99,9,-97,-1415,2.32,96.2,0,"Normal",0
2025-11-13 00:55:00,"IIOT_10","Actuator","Modbus",144,3308,0.018,27.6,21,30.3,107,6,174,1520,0.76,98.8,0,"Normal",0
2025-11-13 01:00:00,"IIOT_6","Sensor","Modbus",66,1957,0.028,32.5,20.4,42.5,30,2,-78,-1351,0.63,85.4,0,"Normal",0
2025-11-13 01:05:00,"IIOT_6","Sensor","Modbus",120,2536,0.062,23.4,76.1,58.7,98,9,54,579,3.25,74.2,0,"Normal",0
2025-11-13 01:10:00,"IIOT_8","Actuator","Modbus",147,1396,0.088,35.4,36.2,31.5,38,8,27,-1140,1.02,74.4,0,"DoS",1
2025-11-13 01:15:00,"IIOT_3","Sensor","Modbus",82,2460,0.093,28.4,47.1,58.5,134,2,-65,1064,1.66,81.4,0,"Normal",0
2025-11-13 01:20:00,"IIOT_2","Sensor","HTTP",111,2864,0.029,20.9,34.7,33.1,121,6,29,404,1.66,84.2,0,"Normal",0
2025-11-13 01:25:00,"IIOT_5","Sensor","MQTT",107,2337,0.014,22.6,86.2,33.5,114,8,-4,-527,3.81,101,0,"Normal",0
2025-11-13 01:30:00,"IIOT_6","Actuator","MQTT",74,1324,0.013,37.4,24.8,30.7,66,3,-33,-1013,0.66,94.6,0,"Normal",0
2025-11-13 01:35:00,"IIOT_3","Sensor","HTTP",99,2248,0.057,29.4,60.8,62.7,78,7,25,924,2.07,102.6,0,"DoS",1
2025-11-13 01:40:00,"IIOT_10","Sensor","Modbus",94,2442,0.088,24.6,82.3,81.9,93,8,-5,194,3.35,94.4,0,"Data Injection",1
2025-11-13 01:45:00,"IIOT_2","Actuator","Modbus",109,1999,0.039,29.8,79.2,84,102,7,15,-443,2.66,90.6,0,"Normal",0
2025-11-13 01:50:00,"IIOT_6","Sensor","MQTT",131,1391,0.046,30.3,87.5,65,50,9,22,-608,2.89,77.8,0,"DoS",1
2025-11-13 01:55:00,"IIOT_10","Sensor","Modbus",160,1985,0.053,25.6,34.2,79.2,133,5,29,594,1.34,91.2,0,"DoS",1
2025-11-13 02:00:00,"IIOT_2","Controller","MQTT",65,1996,0.008,28.7,76.8,30.8,84,4,-95,11,2.68,92.4,0,"Normal",0
2025-11-13 02:05:00,"IIOT_1","Actuator","Modbus",94,3428,0.033,39.1,46.3,57,231,1,29,1432,1.18,120,1,"Normal",0
2025-11-13 02:10:00,"IIOT_10","Sensor","Modbus",167,2017,0.099,31.2,73.5,34.6,103,3,73,-1411,2.36,120.2,0,"Data Injection",1
2025-11-13 02:15:00,"IIOT_7","Controller","HTTP",174,2004,0.001,37.2,74.2,35.5,156,2,7,-13,1.99,141.4,1,"Spoofing",1
2025-11-13 02:20:00,"IIOT_5","Sensor","MQTT",171,2056,0.041,40,79.2,70,92,2,-3,52,1.98,133.2,0,"Normal",0
2025-11-13 02:25:00,"IIOT_2","Actuator","HTTP",92,3409,0.09,21.4,27.1,79.1,101,8,-79,1353,1.27,136.6,0,"MITM",1
2025-11-13 02:30:00,"IIOT_1","Actuator","Modbus",120,1384,0.009,33.4,30.3,42.5,148,7,28,-2025,0.91,120,0,"Normal",0
2025-11-13 02:35:00,"IIOT_3","Sensor","Modbus",114,2316,0.024,23.3,83,82.7,74,5,-6,932,3.56,114.2,0,"Normal",0
2025-11-13 02:40:00,"IIOT_3","Sensor","Modbus",171,3235,0.041,29.7,79,53.8,106,2,57,919,2.66,104.2,0,"DoS",1
2025-11-13 02:45:00,"IIOT_8","Controller","MQTT",145,1788,0.062,25,66.7,80.5,137,9,-26,-1447,2.67,113.2,0,"Normal",0
2025-11-13 02:50:00,"IIOT_5","Actuator","MQTT",100,1426,0.1,30.9,73.8,74.4,78,10,-45,-362,2.39,108.6,0,"Normal",0
2025-11-13 02:55:00,"IIOT_1","Controller","MQTT",110,1999,0.08,34.5,45.5,53.2,110,4,10,573,1.32,101,0,"DoS",1
2025-11-13 03:00:00,"IIOT_6","Actuator","Modbus",126,1725,0.023,29.9,62.6,54.3,107,7,16,-274,2.09,107.6,0,"Normal",0
2025-11-13 03:05:00,"IIOT_10","Sensor","MQTT",121,1077,0.064,27.4,49.1,39.9,71,10,-5,-648,1.79,100.6,0,"DoS",1
2025-11-13 03:10:00,"IIOT_1","Actuator","Modbus",109,1123,0.02,29.4,67.6,74.2,139,4,-12,46,2.3,101,0,"DoS",1
2025-11-13 03:15:00,"IIOT_7","Sensor","MQTT",90,2533,0.023,28.1,50.1,58,94,5,-19,1410,1.78,104.2,0,"Data Injection",1
2025-11-13 03:20:00,"IIOT_9","Actuator","Modbus",58,1920,0.057,32.5,73.4,34,97,8,-32,-613,2.26,101.6,0,"DoS",1
2025-11-13 03:25:00,"IIOT_6","Sensor","HTTP",117,2873,0.018,26,74.2,52.1,54,4,59,953,2.85,91,0,"Normal",0
2025-11-13 03:30:00,"IIOT_9","Sensor","MQTT",136,3198,0.047,38.5,59,41.7,54,6,19,325,1.53,87.6,0,"DoS",1
2025-11-13 03:35:00,"IIOT_9","Controller","HTTP",150,2091,0.091,33.7,23.6,81.7,56,9,14,-1107,0.7,71,0,"DoS",1
2025-11-13 03:40:00,"IIOT_1","Sensor","MQTT",113,1701,0.057,31.2,23.2,80.4,118,1,-37,-390,0.74,75.8,0,"Normal",0
2025-11-13 03:45:00,"IIOT_2","Controller","MQTT",106,2902,0.071,33.2,74.8,56.7,142,8,-7,1201,2.25,84.8,0,"DoS",1
2025-11-13 03:50:00,"IIOT_1","Sensor","Modbus",82,1486,0.017,27.4,89.4,84,98,4,-24,-1416,3.26,93.6,0,"MITM",1
2025-11-13 03:55:00,"IIOT_3","Sensor","Modbus",53,2722,0.083,24.7,83.3,42.7,114,2,-29,1236,3.37,105.6,0,"MITM",1
2025-11-13 04:00:00,"IIOT_1","Sensor","HTTP",179,2297,0.068,24.9,51.2,69.2,93,5,126,-425,2.06,113,0,"Normal",0
2025-11-13 04:05:00,"IIOT_2","Sensor","HTTP",153,1919,0.085,37.5,88.8,73,74,9,-26,-378,2.37,104.2,0,"Normal",0
2025-11-13 04:10:00,"IIOT_2","Sensor","Modbus",158,965,0.073,35.4,62.4,39.3,-49,9,5,-954,1.76,66,0,"DoS",1
2025-11-13 04:15:00,"IIOT_9","Sensor","MQTT",163,1421,0.095,31.4,65.6,49.4,90,2,5,456,2.09,64.4,0,"Normal",0
2025-11-13 04:20:00,"IIOT_9","Sensor","Modbus",45,1416,0.044,29.7,54.4,56.6,101,9,-118,-5,1.83,61.8,0,"Data Injection",1
2025-11-13 04:25:00,"IIOT_9","Sensor","MQTT",63,2663,0.024,35.3,87.4,65.4,95,7,18,1247,2.48,62.2,0,"Normal",0
2025-11-13 04:30:00,"IIOT_6","Actuator","MQTT",184,1994,0.088,27.7,32.7,53.4,102,2,121,-669,1.18,67.8,0,"Spoofing",1
2025-11-13 04:35:00,"IIOT_10","Actuator","Modbus",105,2409,0.007,30.6,72.4,63.5,75,10,-79,415,2.37,92.6,0,"Normal",0
2025-11-13 04:40:00,"IIOT_4","Sensor","HTTP",58,1433,0.026,27.7,76.3,83.3,93,10,-47,-976,2.75,93.2,0,"Normal",0
2025-11-13 04:45:00,"IIOT_10","Actuator","Modbus",137,1867,0.097,32.5,40.6,38.4,2,8,79,434,1.25,73.4,0,"Normal",0
2025-11-13 04:50:00,"IIOT_7","Sensor","MQTT",95,1723,0.051,29.6,45.9,58.8,99,4,-42,-144,1.55,74.2,0,"MITM",1
2025-11-13 04:55:00,"IIOT_5","Sensor","HTTP",130,2338,0.027,35.8,47.9,40.3,112,3,35,615,1.34,76.2,0,"Normal",0
2025-11-13 05:00:00,"IIOT_5","Actuator","MQTT",147,2648,0.041,26,47.2,68.7,91,9,17,310,1.82,79.4,0,"Data Injection",1
2025-11-13 05:05:00,"IIOT_8","Controller","MQTT",111,2964,0.02,26.7,34.2,59.7,122,1,-36,316,1.28,85.2,0,"Data Injection",1
2025-11-13 05:10:00,"IIOT_5","Controller","MQTT",107,2706,0.048,34.9,37.4,36.1,64,2,-4,-258,1.07,97.6,0,"Normal",0
2025-11-13 05:15:00,"IIOT_10","Actuator","HTTP",178,2564,0.056,31.9,49.9,37.4,72,9,71,-142,1.56,92.2,0,"DoS",1
2025-11-13 05:20:00,"IIOT_7","Sensor","Modbus",73,1929,0.072,30.1,63.2,44.3,148,2,-105,-635,2.1,99.4,0,"DoS",1
2025-11-13 05:25:00,"IIOT_10","Actuator","HTTP",122,3518,0.091,33.8,68.1,32.8,138,6,49,1589,2.01,108.8,0,"Normal",0
2025-11-13 05:30:00,"IIOT_1","Sensor","MQTT",201,2453,0.074,27.6,81.3,52.6,23,7,79,-1065,2.95,89,0,"Normal",0
2025-11-13 05:35:00,"IIOT_6","Actuator","MQTT",119,2756,0.065,31.6,64.7,45.3,94,9,-82,303,2.05,95,0,"Normal",0
2025-11-13 05:40:00,"IIOT_4","Sensor","MQTT",139,1450,0.004,26,64.9,69,93,8,20,-1306,2.5,99.2,0,"Normal",0
2025-11-13 05:45:00,"IIOT_3","Actuator","Modbus",133,432,0.092,15,57.5,77.8,158,7,-6,-1018,3.83,101.2,1,"DoS",1
2025-11-13 05:50:00,"IIOT_3","Actuator","Modbus",57,1351,0.076,23.8,24.9,53.7,97,8,-76,919,1.05,93,0,"Normal",0
2025-11-13 05:55:00,"IIOT_1","Sensor","HTTP",91,3381,0.006,24.5,40.3,81.3,181,9,34,2030,1.64,124.6,1,"Normal",0
2025-11-13 06:00:00,"IIOT_1","Controller","MQTT",46,2960,0.026,38.2,75.8,35,55,8,-45,-421,1.98,116.8,0,"Normal",0
2025-11-13 06:05:00,"IIOT_5","Controller","MQTT",97,2051,0.078,25,40.4,52.8,134,3,51,-909,1.62,125,0,"Normal",0
2025-11-13 06:10:00,"IIOT_4","Actuator","MQTT",82,2105,0.071,37.6,65.9,39.4,73,2,-15,54,1.75,108,0,"Data Injection",1
2025-11-13 06:15:00,"IIOT_9","Sensor","MQTT",74,2693,0.065,29.7,48.7,81.2,78,2,-8,588,1.64,104.2,0,"Normal",0
2025-11-13 06:20:00,"IIOT_8","Sensor","MQTT",82,2243,0.033,37.6,80.7,46.7,32,8,8,-450,2.15,74.4,0,"DoS",1
2025-11-13 06:25:00,"IIOT_1","Sensor","HTTP",170,2429,0.082,31.6,48,75.9,77,7,88,186,1.52,78.8,0,"Spoofing",1
2025-11-13 06:30:00,"IIOT_2","Sensor","Modbus",134,3258,0.077,33.7,75.1,34.8,73,9,-36,829,2.23,66.6,0,"Normal",0
2025-11-13 06:35:00,"IIOT_6","Sensor","HTTP",113,2280,0.07,24.6,55.3,40.9,77,9,-21,-978,2.25,67.4,0,"Normal",0
2025-11-13 06:40:00,"IIOT_6","Sensor","MQTT",88,1954,0.042,31.3,22.5,54.6,93,8,-25,-326,0.72,70.4,0,"Spoofing",1
2025-11-13 06:45:00,"IIOT_2","Actuator","Modbus",113,2308,0.019,28.5,29,58.6,51,9,25,354,1.02,74.2,0,"Normal",0
2025-11-13 06:50:00,"IIOT_8","Sensor","MQTT",85,1738,0.043,22.2,58.8,69.6,114,4,-28,-570,2.65,81.6,0,"Normal",0
2025-11-13 06:55:00,"IIOT_2","Sensor","MQTT",101,2686,0.074,29.7,74.5,75,116,9,16,948,2.51,90.2,0,"Data Injection",1
2025-11-13 07:00:00,"IIOT_2","Actuator","MQTT",150,1197,0.009,34.8,47.6,70.9,141,9,49,-1489,1.37,103,0,"Normal",0
2025-11-13 07:05:00,"IIOT_3","Controller","HTTP",146,1436,0.071,15.9,77.9,73.7,65,2,-4,239,4.9,97.4,0,"Normal",0
2025-11-13 07:10:00,"IIOT_9","Sensor","Modbus",53,2157,0.066,36.4,85.2,66,77,10,-93,721,2.34,102.6,0,"Normal",0
2025-11-13 07:15:00,"IIOT_3","Actuator","Modbus",90,2642,0.097,29.3,48.9,31.6,76,7,37,485,1.67,95,0,"Normal",0
2025-11-13 07:20:00,"IIOT_5","Controller","HTTP",142,1952,0.01,31.6,60.5,30.9,86,9,52,-690,1.91,89,0,"Normal",0
2025-11-13 07:25:00,"IIOT_5","Sensor","Modbus",103,1755,0.001,38.7,54.5,30.8,126,2,-39,-197,1.41,86,0,"Normal",0
2025-11-13 07:30:00,"IIOT_8","Sensor","MQTT",146,1299,0.085,28.1,62.8,40.9,99,8,43,-456,2.23,92.8,0,"DoS",1
2025-11-13 07:35:00,"IIOT_5","Controller","Modbus",136,2061,0.056,26.8,88.3,73,41,2,-10,762,3.29,85.6,0,"MITM",1
2025-11-13 07:40:00,"IIOT_9","Controller","Modbus",175,1717,0.075,35.6,21.1,46.9,96,6,39,-344,0.59,89.6,0,"Data Injection",1
2025-11-13 07:45:00,"IIOT_6","Actuator","MQTT",146,2631,0.088,30.3,35.8,39.4,82,8,-29,914,1.18,88.8,0,"Spoofing",1
2025-11-13 07:50:00,"IIOT_6","Sensor","HTTP",161,1094,0.093,40,23.5,31.2,144,10,15,-1537,0.59,92.4,0,"Normal",0
2025-11-13 07:55:00,"IIOT_9","Sensor","Modbus",181,1495,0.061,31.2,24.8,64.4,61,8,20,401,0.79,84.8,0,"MITM",1
2025-11-13 08:00:00,"IIOT_4","Actuator","Modbus",106,1769,0.039,38.9,63.2,48,76,8,-75,274,1.62,91.8,0,"Normal",0
2025-11-13 08:05:00,"IIOT_4","Actuator","Modbus",87,1706,0.051,24.4,79.9,40.7,111,4,-19,-63,3.27,94.8,0,"Normal",0
2025-11-13 08:10:00,"IIOT_5","Actuator","MQTT",42,1989,0.003,30.9,72.1,81.9,146,6,-45,283,2.33,107.6,0,"Normal",0
2025-11-13 08:15:00,"IIOT_5","Controller","HTTP",165,2078,0.038,20.1,54.9,83.3,159,5,123,89,2.73,110.6,1,"Normal",0
2025-11-13 08:20:00,"IIOT_4","Controller","HTTP",98,2333,0.1,32.2,47.8,82.2,70,7,-67,255,1.48,112.4,0,"Normal",0
2025-11-13 08:25:00,"IIOT_2","Sensor","Modbus",101,2385,0.058,35.1,82.2,70.6,83,7,3,52,2.34,113.8,0,"Normal",0
2025-11-13 08:30:00,"IIOT_8","Sensor","MQTT",101,2306,0.038,37.6,48.8,69,77,3,0,-79,1.3,107,0,"Normal",0
2025-11-13 08:35:00,"IIOT_8","Sensor","MQTT",143,2185,0.095,28.8,61.9,51.7,61,3,42,-121,2.15,90,0,"DoS",1
2025-11-13 08:40:00,"IIOT_10","Sensor","MQTT",149,2065,0.068,33.7,74,71,14,4,6,-120,2.2,61,0,"Normal",0
2025-11-13 08:45:00,"IIOT_2","Sensor","MQTT",176,1626,0.071,29.4,32.3,55,12,2,27,-439,1.1,49.4,0,"Normal",0
2025-11-13 08:50:00,"IIOT_3","Sensor","MQTT",122,1802,0.047,32.5,54.3,46.4,47,6,-54,176,1.67,42.2,0,"Normal",0
2025-11-13 08:55:00,"IIOT_1","Actuator","MQTT",106,1502,0.076,27.6,86.2,77.2,100,6,-16,-300,3.12,46.8,0,"Normal",0
2025-11-13 09:00:00,"IIOT_8","Actuator","MQTT",167,1812,0.01,33.9,48,34.1,129,10,61,310,1.42,60.4,0,"Normal",0
2025-11-13 09:05:00,"IIOT_9","Sensor","Modbus",156,1460,0.08,25.1,42.6,43.2,118,2,-11,-352,1.7,81.2,0,"Normal",0
2025-11-13 09:10:00,"IIOT_8","Sensor","Modbus",66,1777,0.035,27.8,88.4,70.1,155,3,-90,317,3.18,109.8,1,"Normal",0
2025-11-13 09:15:00,"IIOT_2","Actuator","MQTT",41,988,0.054,33.6,31,59.4,77,10,-25,-789,0.92,115.8,0,"Data Injection",1
2025-11-13 09:20:00,"IIOT_3","Actuator","Modbus",102,1397,0.028,28.6,89.9,53.4,72,9,61,409,3.14,110.2,0,"Normal",0
2025-11-13 09:25:00,"IIOT_5","Sensor","HTTP",167,2479,0.071,33.9,72.4,78.6,154,4,65,1082,2.14,115.2,1,"Normal",0
2025-11-13 09:30:00,"IIOT_3","Actuator","HTTP",164,3242,0.022,26.4,52.4,50.7,81,2,-3,763,1.98,107.8,0,"Normal",0
2025-11-13 09:35:00,"IIOT_6","Actuator","HTTP",46,1755,0.089,33.7,22.1,57,21,8,-118,-1487,0.66,81,0,"MITM",1
2025-11-13 09:40:00,"IIOT_10","Sensor","Modbus",73,1252,0.035,34.1,76.4,54.7,106,5,27,-503,2.24,86.8,0,"Normal",0
2025-11-13 09:45:00,"IIOT_9","Actuator","Modbus",125,2545,0.016,29.8,41.9,84,63,8,52,1293,1.41,85,0,"MITM",1
2025-11-13 09:50:00,"IIOT_6","Controller","Modbus",102,2885,0.096,25.9,34.1,45.8,120,9,-23,340,1.32,78.2,0,"DoS",1
2025-11-13 09:55:00,"IIOT_7","Sensor","Modbus",166,-180,0.028,31.5,51.8,78.6,134,8,64,-3065,1.64,88.8,0,"Normal",0
2025-11-13 10:00:00,"IIOT_3","Controller","MQTT",135,2303,0.063,21.1,21.2,43.1,139,9,-31,2483,1,112.4,0,"Normal",0
2025-11-13 10:05:00,"IIOT_8","Actuator","MQTT",94,1146,0.005,25,27.9,58.9,94,3,-41,-1157,1.12,110,0,"Data Injection",1
2025-11-13 10:10:00,"IIOT_7","Controller","HTTP",107,297,0.043,27.6,42.8,36.4,21,10,13,-849,1.55,101.6,0,"MITM",1
2025-11-13 10:15:00,"IIOT_3","Actuator","MQTT",142,1207,0.036,49.7,47.6,82.2,84,6,35,910,0.96,94.4,0,"Data Injection",1
2025-11-13 10:20:00,"IIOT_4","Actuator","MQTT",134,2571,0.058,26.1,77.6,45.4,89,2,-8,1364,2.97,85.4,0,"Normal",0
2025-11-13 10:25:00,"IIOT_5","Actuator","MQTT",148,2000,0,27.1,32.1,52.2,95,4,14,-571,1.18,76.6,0,"Normal",0
2025-11-13 10:30:00,"IIOT_2","Actuator","MQTT",61,2825,0.034,22.5,60,40.2,93,6,-87,825,2.67,76.4,0,"DoS",1
2025-11-13 10:35:00,"IIOT_3","Controller","MQTT",168,2669,0.081,18.3,81.4,56,58,2,107,-156,4.45,83.8,0,"Normal",0
2025-11-13 10:40:00,"IIOT_3","Sensor","Modbus",90,2086,0.049,48.5,43.4,53.5,125,5,-78,-583,0.89,92,0,"Normal",0
2025-11-13 10:45:00,"IIOT_8","Controller","MQTT",102,2092,0.091,22.9,40.2,71,122,9,12,6,1.76,98.6,0,"Normal",0
2025-11-13 10:50:00,"IIOT_4","Sensor","MQTT",166,2340,0.034,31.5,71.6,71.3,47,3,64,248,2.27,89,0,"DoS",1
2025-11-13 10:55:00,"IIOT_5","Controller","Modbus",68,1736,0.035,37.4,31.5,72.4,104,2,-98,-604,0.84,91.2,0,"Normal",0
2025-11-13 11:00:00,"IIOT_1","Sensor","Modbus",219,727,0.084,31.4,58.6,41.9,112,7,151,-1009,1.87,102,0,"DoS",1
2025-11-13 11:05:00,"IIOT_10","Controller","MQTT",109,3420,0.04,32.9,27.9,57.9,77,4,-110,2693,0.85,92.4,0,"MITM",1
2025-11-13 11:10:00,"IIOT_2","Sensor","MQTT",175,2717,0.055,28.8,76.3,62.7,83,8,66,-703,2.65,84.6,0,"Normal",0
2025-11-13 11:15:00,"IIOT_5","Sensor","MQTT",136,3154,0.057,38.5,48.3,80.6,123,9,-39,437,1.25,99.8,0,"Normal",0
2025-11-13 11:20:00,"IIOT_9","Sensor","HTTP",166,1479,0.091,32.2,71.6,79.3,166,3,30,-1675,2.22,112.2,1,"Normal",0
2025-11-13 11:25:00,"IIOT_8","Actuator","MQTT",115,1548,0.055,33.6,57.3,40.1,72,8,-51,69,1.71,104.2,0,"DoS",1
2025-11-13 11:30:00,"IIOT_3","Sensor","HTTP",108,1776,0.02,28.6,73.3,77.5,71,8,-7,228,2.56,103,0,"Normal",0
2025-11-13 11:35:00,"IIOT_10","Sensor","HTTP",134,2378,0.009,42.6,69.3,69.3,76,4,26,602,1.63,101.6,0,"Normal",0
2025-11-13 11:40:00,"IIOT_6","Actuator","HTTP",140,2261,0.071,38.4,72.3,58.4,26,9,6,-117,1.88,82.2,0,"Normal",0
2025-11-13 11:45:00,"IIOT_10","Sensor","Modbus",168,1600,0.061,25.6,76.4,32.1,83,5,28,-661,2.98,65.6,0,"Normal",0
2025-11-13 11:50:00,"IIOT_3","Actuator","MQTT",129,1145,0.09,35.7,58.5,47.3,139,6,-39,-455,1.64,79,0,"MITM",1
2025-11-13 11:55:00,"IIOT_8","Controller","Modbus",133,2151,0.063,31.6,71.2,73.2,43,9,4,1006,2.25,73.4,0,"DoS",1
2025-11-13 12:00:00,"IIOT_6","Controller","MQTT",153,1978,0.068,25.6,24.6,37.2,87,8,20,-173,0.96,75.6,0,"Normal",0
2025-11-13 12:05:00,"IIOT_10","Actuator","MQTT",143,1247,0.068,30.3,41.9,62,42,7,-10,-731,1.38,78.8,0,"Normal",0
2025-11-13 12:10:00,"IIOT_8","Actuator","HTTP",73,1856,0.022,30,86.8,48.8,142,9,-70,609,2.89,90.6,0,"Normal",0
2025-11-13 12:15:00,"IIOT_4","Controller","Modbus",96,2117,0.086,35.7,73.7,30.3,48,2,23,261,2.06,72.4,0,"Normal",0
2025-11-13 12:20:00,"IIOT_9","Actuator","Modbus",128,2076,0.017,32.7,22.6,58.3,59,4,32,-41,0.69,75.6,0,"Normal",0
2025-11-13 12:25:00,"IIOT_5","Actuator","MQTT",174,2430,0.028,26.2,60,62.6,61,5,46,354,2.29,70.4,0,"Normal",0
2025-11-13 12:30:00,"IIOT_3","Sensor","Modbus",161,1254,0.045,26.2,85.5,46.5,52,4,-13,-1176,3.26,72.4,0,"MITM",1
2025-11-13 12:35:00,"IIOT_6","Sensor","Modbus",95,1521,0.085,32.5,25.6,56.3,72,7,-66,267,0.79,58.4,0,"MITM",1
2025-11-13 12:40:00,"IIOT_7","Controller","HTTP",147,2341,0.042,35.8,33.8,38.2,122,6,52,820,0.94,73.2,0,"Normal",0
2025-11-13 12:45:00,"IIOT_9","Actuator","Modbus",90,1498,0.09,34.4,24.1,37.6,143,10,-57,-843,0.7,90,0,"Data Injection",1
2025-11-13 12:50:00,"IIOT_6","Actuator","Modbus",78,3137,0.012,28.2,72.3,30.8,78,5,-12,1639,2.56,93.4,0,"Normal",0
2025-11-13 12:55:00,"IIOT_5","Sensor","Modbus",173,3251,0.005,29.4,63.3,43.8,131,5,95,114,2.15,109.2,0,"MITM",1
2025-11-13 13:00:00,"IIOT_6","Controller","Modbus",151,1046,0.068,29.6,38.5,37.8,98,7,-22,-2205,1.3,114.4,0,"Data Injection",1
2025-11-13 13:05:00,"IIOT_6","Sensor","HTTP",117,1790,0.021,31.8,31,72.9,141,4,-34,744,0.97,118.2,0,"DoS",1
2025-11-13 13:10:00,"IIOT_3","Actuator","Modbus",125,3164,0.029,21.5,38.1,30.3,90,2,8,1374,1.77,107.6,0,"Normal",0
2025-11-13 13:15:00,"IIOT_7","Controller","MQTT",56,2141,0.025,26,32.9,69.1,81,7,-69,-1023,1.27,108.2,0,"Normal",0
2025-11-13 13:20:00,"IIOT_6","Sensor","Modbus",88,2315,0.094,33,46,66.6,73,6,32,174,1.39,96.6,0,"Normal",0
2025-11-13 13:25:00,"IIOT_6","Actuator","MQTT",119,3190,0.093,33.1,84.2,51,153,8,31,875,2.54,107.6,1,"Normal",0
2025-11-13 13:30:00,"IIOT_10","Controller","Modbus",166,1999,0.036,36.2,55,56.1,96,10,47,-1191,1.52,98.6,0,"Normal",0
2025-11-13 13:35:00,"IIOT_5","Actuator","Modbus",119,1870,0.082,24.7,24.1,70.7,168,5,-47,-129,0.98,114.2,1,"Normal",0
2025-11-13 13:40:00,"IIOT_7","Sensor","HTTP",136,2381,0.006,28.4,68.7,73.8,111,9,17,511,2.42,120.2,0,"Data Injection",1
2025-11-13 13:45:00,"IIOT_8","Actuator","Modbus",109,2386,0.057,32.4,34.8,59.2,43,3,-27,5,1.07,114.2,0,"Normal",0
2025-11-13 13:50:00,"IIOT_8","Sensor","Modbus",80,2612,0.007,32.9,84.8,46.5,124,5,-29,226,2.58,108.4,0,"Normal",0
2025-11-13 13:55:00,"IIOT_10","Sensor","Modbus",171,1851,0.04,29.7,55.3,66.7,84,3,91,-761,1.86,106,0,"Normal",0
2025-11-13 14:00:00,"IIOT_9","Sensor","MQTT",110,2406,0.005,33.1,79.7,36.2,74,10,-61,555,2.41,87.2,0,"Normal",0
2025-11-13 14:05:00,"IIOT_8","Sensor","MQTT",128,2187,0.013,36.1,28.5,57.6,112,4,18,-219,0.79,87.4,0,"DoS",1
2025-11-13 14:10:00,"IIOT_3","Sensor","HTTP",68,2281,0.068,22.2,86.1,61.3,108,7,-60,94,3.88,100.4,0,"Spoofing",1
2025-11-13 14:15:00,"IIOT_6","Sensor","Modbus",145,569,0.017,33,74.1,67.4,144,7,77,-1712,2.25,104.4,0,"Spoofing",1
2025-11-13 14:20:00,"IIOT_2","Actuator","HTTP",75,2363,0.034,27.8,69.1,79.7,100,8,-70,1794,2.49,107.6,0,"DoS",1
2025-11-13 14:25:00,"IIOT_5","Actuator","MQTT",94,1161,0.002,41,73.8,58,114,9,19,-1202,1.8,115.6,0,"Normal",0
2025-11-13 14:30:00,"IIOT_10","Actuator","HTTP",187,1156,0.079,37.7,31.8,69.6,137,2,93,-5,0.84,120.6,0,"Normal",0
2025-11-13 14:35:00,"IIOT_9","Sensor","Modbus",125,2344,0.078,32.5,30.5,78.5,120,4,-62,1188,0.94,123,0,"Normal",0
2025-11-13 14:40:00,"IIOT_4","Actuator","Modbus",143,2598,0.034,32.4,86,42.4,120,8,18,254,2.65,118.2,0,"MITM",1
2025-11-13 14:45:00,"IIOT_8","Sensor","MQTT",158,2384,0.002,27.3,52.9,44.6,91,8,15,-214,1.94,116.4,0,"Normal",0
2025-11-13 14:50:00,"IIOT_1","Sensor","MQTT",108,3165,0.082,36.2,29,57.3,154,4,-50,781,0.8,124.4,1,"Data Injection",1
2025-11-13 14:55:00,"IIOT_4","Controller","MQTT",102,2354,0.021,29.5,74.7,69.5,70,6,-6,-811,2.53,111,0,"DoS",1
2025-11-13 15:00:00,"IIOT_10","Sensor","MQTT",119,2194,0.052,32.3,64.1,69,170,4,17,-160,1.98,121,1,"Normal",0
2025-11-13 15:05:00,"IIOT_7","Controller","HTTP",64,3222,0.004,35.2,63.7,30.5,119,2,-55,1028,1.81,120.8,0,"DoS",1
2025-11-13 15:10:00,"IIOT_1","Sensor","MQTT",120,1683,0.002,26.6,47.3,77.2,68,9,56,-1539,1.78,116.2,0,"Normal",0
2025-11-13 15:15:00,"IIOT_10","Sensor","MQTT",105,1597,0.028,24.1,59.3,63.7,84,10,-15,-86,2.46,102.2,0,"Normal",0
2025-11-13 15:20:00,"IIOT_5","Sensor","Modbus",166,1478,0.076,39,66.2,52.9,56,9,61,-119,1.7,99.4,0,"Data Injection",1
2025-11-13 15:25:00,"IIOT_9","Actuator","HTTP",127,991,0.094,35.9,40,67.7,97,2,-39,-487,1.11,84.8,0,"DoS",1
2025-11-13 15:30:00,"IIOT_9","Actuator","MQTT",110,2522,0.035,31.4,27.6,75.6,93,4,-17,1531,0.88,79.6,0,"MITM",1
2025-11-13 15:35:00,"IIOT_5","Controller","MQTT",142,442,0.041,39.3,61.7,72.7,92,7,32,-2080,1.57,84.4,0,"Data Injection",1
2025-11-13 15:40:00,"IIOT_6","Sensor","HTTP",143,2410,0.048,36.5,49.4,45.8,111,9,1,1968,1.35,89.8,0,"Normal",0
2025-11-13 15:45:00,"IIOT_9","Controller","Modbus",75,3182,0.093,32.7,78.4,33.7,52,8,-68,772,2.4,89,0,"Normal",0
2025-11-13 15:50:00,"IIOT_7","Sensor","Modbus",99,2379,0.072,26,68.7,34.7,146,5,24,-803,2.64,98.8,0,"MITM",1
2025-11-13 15:55:00,"IIOT_1","Actuator","Modbus",32,2641,0.008,31.7,60.8,53.5,89,5,-67,262,1.92,98,0,"Normal",0
2025-11-13 16:00:00,"IIOT_2","Controller","MQTT",84,2569,0.057,33.9,56.5,30.8,96,5,52,-72,1.67,98.8,0,"Normal",0
2025-11-13 16:05:00,"IIOT_6","Controller","MQTT",157,3805,0.096,23.8,35.1,82.8,58,8,73,1236,1.47,88.2,0,"Normal",0
2025-11-13 16:10:00,"IIOT_4","Actuator","HTTP",111,1923,0.007,29.4,70.1,80.6,158,5,-46,-1882,2.38,109.4,1,"Normal",0
2025-11-13 16:15:00,"IIOT_7","Actuator","Modbus",259,2328,0.063,28.7,22.9,69.5,93,5,148,405,0.8,98.8,0,"DoS",1
2025-11-13 16:20:00,"IIOT_5","Actuator","MQTT",80,2113,0,21.8,48.5,69.2,61,4,-179,-215,2.22,93.2,0,"Data Injection",1
2025-11-13 16:25:00,"IIOT_3","Controller","HTTP",112,1769,0.057,27.3,84.6,36.3,141,3,32,-344,3.1,102.2,0,"Data Injection",1
2025-11-13 16:30:00,"IIOT_3","Controller","MQTT",110,2262,0.079,29.5,84.8,32.4,84,9,-2,493,2.87,107.4,0,"DoS",1
2025-11-13 16:35:00,"IIOT_10","Controller","MQTT",160,1822,0.013,29.6,88.3,70.9,130,1,50,-440,2.98,101.8,0,"Normal",0
2025-11-13 16:40:00,"IIOT_5","Actuator","MQTT",71,2567,0.002,35.4,36.3,68.2,136,8,-89,745,1.03,110.4,0,"Normal",0
2025-11-13 16:45:00,"IIOT_10","Sensor","MQTT",67,1208,0.022,32,44.7,31.1,161,2,-4,-1359,1.4,130.4,1,"MITM",1
2025-11-13 16:50:00,"IIOT_1","Controller","MQTT",137,1982,0.04,27,41.7,79.3,101,5,70,774,1.54,122.4,0,"MITM",1
2025-11-13 16:55:00,"IIOT_6","Sensor","MQTT",61,1949,0.023,37,59.6,51.7,50,2,-76,-33,1.61,115.6,0,"Normal",0
2025-11-13 17:00:00,"IIOT_1","Controller","HTTP",91,1838,0.062,30.3,59.3,78.5,115,9,30,-111,1.96,112.6,0,"MITM",1
2025-11-13 17:05:00,"IIOT_1","Controller","HTTP",80,2112,0.092,27,45.7,63.3,119,4,-11,274,1.69,109.2,0,"Normal",0
2025-11-13 17:10:00,"IIOT_10","Actuator","MQTT",146,1598,0.025,27.1,46.1,70.7,74,2,66,-514,1.7,91.8,0,"Normal",0
2025-11-13 17:15:00,"IIOT_1","Actuator","Modbus",109,3201,0.009,30.7,87.7,47.3,48,5,-37,1603,2.86,81.2,0,"Data Injection",1
2025-11-13 17:20:00,"IIOT_1","Sensor","MQTT",161,1577,0.005,38,65.2,42,62,9,52,-1624,1.72,83.6,0,"Normal",0
2025-11-13 17:25:00,"IIOT_2","Sensor","Modbus",123,1865,0.073,39.4,26.9,32,95,10,-38,288,0.68,79.6,0,"DoS",1
2025-11-13 17:30:00,"IIOT_1","Actuator","Modbus",75,1447,0.085,29.3,81.3,59.5,126,10,-48,-418,2.77,81,0,"Normal",0
2025-11-13 17:35:00,"IIOT_3","Actuator","MQTT",142,1966,0.02,37.6,38.4,49.6,95,4,67,519,1.02,85.2,0,"DoS",1
2025-11-13 17:40:00,"IIOT_9","Controller","Modbus",85,2608,0.044,32,87.5,31.5,29,2,-57,642,2.73,81.4,0,"Normal",0
2025-11-13 17:45:00,"IIOT_4","Sensor","Modbus",147,1397,0.052,22.4,34.7,58.1,107,7,62,-1211,1.55,90.4,0,"Normal",0
2025-11-13 17:50:00,"IIOT_6","Sensor","Modbus",161,2676,0.065,34,63.1,39.9,94,9,14,1279,1.86,90.2,0,"Normal",0
2025-11-13 17:55:00,"IIOT_6","Actuator","MQTT",82,1500,0.041,26.7,77.5,58,111,1,-79,-1176,2.9,87.2,0,"Normal",0
2025-11-13 18:00:00,"IIOT_5","Sensor","MQTT",154,2281,0.039,35.3,30,64.8,125,1,72,781,0.85,93.2,0,"Data Injection",1
2025-11-13 18:05:00,"IIOT_3","Sensor","MQTT",95,1340,0.089,28.3,75.9,70.3,20,8,-59,-941,2.68,91.4,0,"Normal",0
2025-11-13 18:10:00,"IIOT_5","Controller","Modbus",151,1313,0.029,27.5,43.3,63.3,148,4,56,-27,1.57,99.6,0,"Normal",0
2025-11-13 18:15:00,"IIOT_9","Actuator","Modbus",120,2667,0.047,28.8,74.2,42.2,89,6,-31,1354,2.58,98.6,0,"Normal",0
2025-11-13 18:20:00,"IIOT_8","Actuator","HTTP",162,3377,0.096,30.9,83.6,40.4,82,7,42,710,2.71,92.8,0,"Normal",0
2025-11-13 18:25:00,"IIOT_5","Controller","MQTT",70,2087,0.077,20.9,59.1,40.8,105,3,-92,-1290,2.83,88.8,0,"Normal",0
2025-11-13 18:30:00,"IIOT_6","Controller","HTTP",136,1772,0.04,24.2,85.6,45.8,105,2,66,-315,3.54,105.8,0,"Normal",0
2025-11-13 18:35:00,"IIOT_10","Actuator","HTTP",132,2612,0.029,27.8,71.5,68.1,100,3,-4,840,2.57,96.2,0,"MITM",1
